Created,Point,Possession,Thrower,Receiver,Turnover?,Thrower error?,Receiver error?,Throw to endzone?,Assist?,Secondary assist?,Huck?,Swing?,Dump?,From sideline?,To sideline?,Distance (m),Forward distance (m),Left-to-right distance (m),Start X (0 -> 1 = left sideline -> right sideline),Start Y (0 -> 1 = back of opponent endzone -> back of own endzone),End X (0 -> 1 = left sideline -> right sideline),End Y (0 -> 1 = back of opponent endzone -> back of own endzone)
2024-04-28 06:55:13,2,1,17 Kristin Dudley,18 Laura Gerencser,0,0,0,0,0,0,0,0,0,0,0,10.40471,5.7123356,-8.696391,0.5113636,0.6965812,0.6896853,0.64452213
2024-04-28 06:55:15,2,1,18 Laura Gerencser,17 Kristin Dudley,0,0,0,0,0,0,0,0,0,0,0,7.782865,3.2398283,7.076475,0.6896853,0.64452213,0.5445804,0.61499614
2024-04-28 06:55:18,2,1,17 Kristin Dudley,24 Abby Swensen,0,0,0,0,0,0,0,0,0,0,0,18.310791,13.811916,-12.021484,0.5445804,0.61499614,0.79108393,0.489122
2024-04-28 06:55:32,2,1,24 Abby Swensen,18 Laura Gerencser,0,0,0,0,0,0,0,0,1,0,0,12.689813,-7.8438025,9.975275,0.79108393,0.489122,0.58653843,0.56060606
2024-04-28 09:06:01,2,1,18 Laura Gerencser,17 Kristin Dudley,0,0,0,0,0,0,0,0,1,0,0,6.8260264,-6.735441,1.1083626,0.58653843,0.56060606,0.5638112,0.62198913
2024-04-28 09:06:13,2,1,17 Kristin Dudley,40 Claire Milton,0,0,0,0,0,0,0,0,0,0,0,15.472289,9.634238,12.106741,0.5638112,0.62198913,0.31555945,0.53418803
2024-04-28 09:06:27,2,1,40 Claire Milton,04 Rachel Mast,0,0,0,0,0,0,0,0,0,0,0,13.169645,13.129845,1.0231048,0.31555945,0.53418803,0.29458043,0.41452992
2024-04-28 09:06:56,2,1,04 Rachel Mast,17 Kristin Dudley,0,0,0,0,0,1,0,0,0,0,1,15.461011,13.470882,7.5880284,0.29458043,0.41452992,0.13898602,0.29176378
2024-04-28 09:06:59,2,1,17 Kristin Dudley,32 Shani Rosenthal,0,0,0,1,1,0,1,0,0,1,1,40.718082,19.694767,-35.638157,0.13898602,0.29176378,0.86975527,0.11227661
2024-04-28 09:10:03,4,1,18 Laura Gerencser,17 Kristin Dudley,0,0,0,0,0,0,0,0,0,0,0,6.8212333,-0.085259326,6.8207,0.6722028,0.64452213,0.5323427,0.64529914
2024-04-28 09:10:28,4,1,17 Kristin Dudley,32 Shani Rosenthal,0,0,0,0,0,0,0,0,0,0,0,18.143892,13.8119135,-11.765707,0.5323427,0.64529914,0.7736014,0.51942503
2024-04-28 09:10:51,4,1,32 Shani Rosenthal,17 Kristin Dudley,0,0,0,0,0,0,0,0,1,0,0,11.028739,-10.4015665,3.6661282,0.7736014,0.51942503,0.69842654,0.6142191
2024-04-28 09:11:09,4,1,17 Kristin Dudley,24 Abby Swensen,1,0,1,0,0,0,0,0,0,0,1,15.399769,11.509931,-10.2310505,0.69842654,0.6142191,0.9082168,0.509324
2024-04-28 09:14:49,5,1,17 Kristin Dudley,18 Laura Gerencser,0,0,0,0,0,0,0,0,0,0,0,7.1637607,7.1617312,-0.1705172,0.4694056,0.75641024,0.4729021,0.6911422
2024-04-28 09:15:00,5,1,18 Laura Gerencser,17 Kristin Dudley,0,0,0,0,0,0,0,0,0,0,0,5.8797655,5.115527,2.898797,0.4729021,0.6911422,0.41346154,0.64452213
2024-04-28 09:15:10,5,1,17 Kristin Dudley,40 Claire Milton,0,0,0,0,0,0,0,0,0,0,0,11.08888,11.083634,-0.3410344,0.41346154,0.64452213,0.42045453,0.54351205
2024-04-28 09:15:22,5,1,40 Claire Milton,32 Shani Rosenthal,0,0,0,0,0,0,0,0,0,0,0,37.37738,37.25807,-2.9840562,0.42045453,0.54351205,0.48164335,0.2039627
2024-04-28 09:15:36,5,1,32 Shani Rosenthal,24 Abby Swensen,0,0,0,0,0,0,0,0,0,0,0,12.637291,1.6199158,12.533035,0.48164335,0.2039627,0.22465035,0.18919969
2024-04-28 09:16:09,5,1,24 Abby Swensen,18 Laura Gerencser,0,0,0,0,0,0,0,0,1,0,1,7.691265,-6.2238884,4.5187135,0.22465035,0.18919969,0.13199301,0.24592075
2024-04-28 09:16:14,5,1,18 Laura Gerencser,24 Abby Swensen,0,0,0,0,0,0,0,0,0,1,0,8.68217,1.1083632,-8.611133,0.13199301,0.24592075,0.30856642,0.23581974
2024-04-28 09:16:26,5,1,24 Abby Swensen,18 Laura Gerencser,0,0,0,0,0,0,0,0,1,0,0,7.6471896,-7.0764737,2.898797,0.30856642,0.23581974,0.24912587,0.3003108
2024-04-28 09:16:33,5,1,18 Laura Gerencser,24 Abby Swensen,0,0,0,0,0,0,0,0,1,0,0,7.044045,-4.3481965,-5.541819,0.24912587,0.3003108,0.36276224,0.33993784
2024-04-28 09:16:43,5,1,24 Abby Swensen,17 Kristin Dudley,0,0,0,0,0,0,0,0,0,0,0,8.852551,4.262937,7.7585464,0.36276224,0.33993784,0.20367132,0.3010878
2024-04-28 09:16:45,5,1,17 Kristin Dudley,18 Laura Gerencser,0,0,0,0,0,1,0,0,0,0,1,7.117956,4.859749,5.200783,0.20367132,0.3010878,0.09702797,0.25679874
2024-04-28 09:16:47,5,1,18 Laura Gerencser,24 Abby Swensen,0,0,0,1,1,0,0,0,0,1,1,16.210148,16.199158,-0.59681135,0.09702797,0.25679874,0.10926574,0.10916861
2024-04-28 09:18:55,6,1,92 Charlotte Wilson,06 Risa Umeno,0,0,0,0,0,0,0,0,1,0,0,10.379532,-4.262937,9.463722,0.7561189,0.25058275,0.5620629,0.2894328
2024-04-28 09:19:00,6,1,06 Risa Umeno,92 Charlotte Wilson,0,0,0,0,0,0,0,0,1,0,0,7.4755917,-5.286042,5.286041,0.5620629,0.2894328,0.45367134,0.33760685
2024-04-28 09:19:05,6,1,92 Charlotte Wilson,34 Lauren Kitten,0,0,0,0,0,1,0,0,0,0,0,18.699675,12.021483,14.323469,0.45367134,0.33760685,0.15996504,0.22804973
2024-04-28 09:19:08,6,1,34 Lauren Kitten,42 Kelly Kerker,0,0,0,1,1,0,0,0,0,0,1,13.229399,13.129846,1.6199164,0.15996504,0.22804973,0.12674825,0.108391605
2024-04-28 09:21:33,8,1,91 Samantha Philips,40 Claire Milton,0,0,0,0,0,0,0,0,0,0,0,17.493631,11.936224,-12.788813,0.36451048,0.5792541,0.62674826,0.47047397
2024-04-28 09:21:42,8,1,40 Claire Milton,29 Emily Schloneger,0,0,0,0,0,0,0,1,0,0,1,16.554253,6.9912157,-15.005538,0.62674826,0.47047397,0.93444055,0.40675992
2024-04-28 09:21:52,8,1,29 Emily Schloneger,32 Shani Rosenthal,0,0,0,0,0,1,0,0,0,1,1,7.5683656,7.332253,-1.8756937,0.93444055,0.40675992,0.9729021,0.33993784
2024-04-28 09:22:02,8,1,32 Shani Rosenthal,04 Rachel Mast,0,0,0,1,1,0,0,0,0,1,0,34.847366,34.103497,7.1617346,0.9729021,0.33993784,0.826049,0.02913753
2024-04-28 09:23:53,10,1,17 Kristin Dudley,40 Claire Milton,1,1,0,0,0,0,0,0,0,0,0,18.699673,12.021481,-14.323469,0.5061189,0.43395492,0.7998252,0.32439783
2024-04-28 09:26:06,11,1,06 Risa Umeno,34 Lauren Kitten,0,0,0,0,0,0,0,0,0,0,0,6.1324368,6.108488,0.5414379,0.47115386,0.72843826,0.46005154,0.6727689
2024-04-28 09:26:17,11,1,34 Lauren Kitten,42 Kelly Kerker,0,0,0,0,0,0,0,0,0,0,0,11.709353,9.541569,6.787298,0.46005154,0.6727689,0.3208763,0.58581233
2024-04-28 09:26:23,11,1,42 Kelly Kerker,34 Lauren Kitten,0,0,0,0,0,0,0,0,1,0,0,7.980331,-3.5153189,-7.164371,0.3208763,0.58581233,0.4677835,0.617849
2024-04-28 09:26:29,11,1,34 Lauren Kitten,06 Risa Umeno,0,0,0,0,0,0,0,0,1,0,0,11.525282,-3.6408598,10.935093,0.4677835,0.617849,0.24355671,0.65102977
2024-04-28 09:26:33,11,1,06 Risa Umeno,92 Charlotte Wilson,0,0,0,0,0,0,0,0,1,0,0,7.939604,-7.909451,0.6912994,0.24355671,0.65102977,0.22938144,0.7231121
2024-04-28 09:26:43,11,1,92 Charlotte Wilson,06 Risa Umeno,0,0,0,0,0,0,0,0,1,0,0,5.5882545,-5.5868406,-0.12569073,0.22938144,0.7231121,0.23195876,0.77402747
2024-04-28 09:26:49,11,1,06 Risa Umeno,92 Charlotte Wilson,0,0,0,0,0,0,0,0,0,0,0,8.215167,1.9459807,-7.9813614,0.23195876,0.77402747,0.39561856,0.7562929
2024-04-28 09:26:53,11,1,92 Charlotte Wilson,42 Kelly Kerker,0,0,0,0,0,0,0,0,0,0,0,10.200653,10.10652,1.3825973,0.39561856,0.7562929,0.36726806,0.66418767
2024-04-28 09:26:55,11,1,42 Kelly Kerker,06 Risa Umeno,0,0,0,0,0,0,0,0,1,0,0,4.548553,-4.268591,1.5711353,0.36726806,0.66418767,0.33505154,0.70308924
2024-04-28 09:26:58,11,1,06 Risa Umeno,92 Charlotte Wilson,0,0,0,0,0,0,0,0,1,0,0,5.67953,-5.524067,1.3197523,0.33505154,0.70308924,0.3079897,0.7534325
2024-04-28 09:27:02,11,1,92 Charlotte Wilson,03 Mary Timmons,0,0,0,0,0,0,0,0,0,0,0,17.716318,17.388247,3.393649,0.3079897,0.7534325,0.23840207,0.5949657
2024-04-28 09:27:07,11,1,03 Mary Timmons,06 Risa Umeno,0,0,0,0,0,0,0,0,1,0,0,6.691604,-4.268591,-5.1533194,0.23840207,0.5949657,0.34407216,0.63386726
2024-04-28 09:27:10,11,1,06 Risa Umeno,03 Mary Timmons,0,0,0,0,0,0,0,0,0,0,0,7.8797174,4.58246,-6.410227,0.34407216,0.63386726,0.47551546,0.59210527
2024-04-28 09:27:14,11,1,03 Mary Timmons,10 Ariel Choi,1,1,0,0,0,0,0,0,0,0,0,34.47835,34.399853,-2.3252783,0.47551546,0.59210527,0.52319586,0.27860412
2024-04-28 09:28:48,11,2,06 Risa Umeno,34 Lauren Kitten,0,0,0,0,0,0,0,0,1,1,0,12.4890585,-1.0671477,-12.443382,0.0992268,0.8346682,0.35438144,0.8443936
2024-04-28 09:28:52,11,2,34 Lauren Kitten,06 Risa Umeno,0,0,0,0,0,0,0,0,0,0,0,11.147602,9.980979,-4.964784,0.35438144,0.8443936,0.45618558,0.7534325
2024-04-28 09:29:03,11,2,06 Risa Umeno,92 Charlotte Wilson,0,0,0,0,0,0,0,0,1,0,0,9.3813305,-1.6321052,-9.238268,0.45618558,0.7534325,0.64561856,0.7683066
2024-04-28 09:29:05,11,2,92 Charlotte Wilson,06 Risa Umeno,0,0,0,0,0,0,0,0,0,0,0,8.716652,8.537189,-1.7596688,0.64561856,0.7683066,0.681701,0.6905034
2024-04-28 09:29:09,11,2,06 Risa Umeno,34 Lauren Kitten,0,0,0,0,0,0,0,0,0,0,0,6.578144,6.402893,-1.5082887,0.681701,0.6905034,0.71262884,0.632151
2024-04-28 09:29:28,11,2,34 Lauren Kitten,03 Mary Timmons,0,0,0,0,0,0,0,0,0,0,0,10.372997,1.6321052,10.2437935,0.71262884,0.632151,0.5025773,0.6172769
2024-04-28 09:29:30,11,2,03 Mary Timmons,42 Kelly Kerker,1,1,0,0,0,0,0,0,0,0,0,15.192506,13.496295,6.9758344,0.5025773,0.6172769,0.35953608,0.49427918
2024-04-28 09:30:12,11,3,34 Lauren Kitten,06 Risa Umeno,1,1,0,0,0,0,0,0,0,1,0,11.957633,8.097778,-8.79835,0.086340204,0.82379866,0.26675257,0.75
2024-04-28 09:31:27,12,1,18 Laura Gerencser,17 Kristin Dudley,0,0,0,0,0,0,0,0,0,0,0,5.6482654,5.147424,2.3252797,0.5927835,0.59897023,0.5451031,0.5520595
2024-04-28 09:31:32,12,1,17 Kristin Dudley,18 Laura Gerencser,0,0,0,0,0,0,0,0,1,0,0,9.715747,-8.662736,4.399175,0.5451031,0.5520595,0.4548969,0.63100684
2024-04-28 09:31:39,12,1,18 Laura Gerencser,17 Kristin Dudley,0,0,0,0,0,0,0,0,1,0,0,7.6403966,-5.9634833,4.7762465,0.4548969,0.63100684,0.35695878,0.6853547
2024-04-28 09:31:43,12,1,17 Kristin Dudley,18 Laura Gerencser,0,0,0,0,0,0,0,0,0,0,0,13.396913,11.550317,6.7872996,0.35695878,0.6853547,0.21778351,0.58009154
2024-04-28 09:31:48,12,1,18 Laura Gerencser,17 Kristin Dudley,0,0,0,0,0,0,0,0,1,0,0,9.076515,-6.0262504,-6.7872996,0.21778351,0.58009154,0.35695878,0.63501143
2024-04-28 09:31:55,12,1,17 Kristin Dudley,29 Emily Schloneger,1,1,0,0,0,0,0,0,0,0,0,19.320982,19.27145,-1.3825973,0.35695878,0.63501143,0.38530928,0.45938215
2024-04-28 09:36:57,13,1,91 Samantha Philips,17 Kristin Dudley,0,0,0,0,0,0,0,0,0,1,0,7.585549,3.9547286,-6.473073,0.11082474,0.6859268,0.24355671,0.6498856
2024-04-28 09:37:03,13,1,17 Kristin Dudley,24 Abby Swensen,0,0,0,0,0,0,0,0,0,0,0,13.20772,7.407267,-10.935093,0.24355671,0.6498856,0.4677835,0.5823799
2024-04-28 09:37:08,13,1,24 Abby Swensen,17 Kristin Dudley,0,0,0,0,0,0,0,0,0,0,0,8.857681,5.8379354,6.661608,0.4677835,0.5823799,0.33118558,0.5291762
2024-04-28 09:37:38,13,1,17 Kristin Dudley,32 Shani Rosenthal,0,0,0,0,0,0,0,0,0,0,0,38.551544,37.91516,-6.9758344,0.33118558,0.5291762,0.4742268,0.18363844
2024-04-28 09:37:54,13,1,32 Shani Rosenthal,17 Kristin Dudley,0,0,0,0,0,0,0,0,1,0,0,5.5686245,-4.8335567,2.765196,0.4742268,0.18363844,0.41752577,0.22768879
2024-04-28 09:38:04,13,1,17 Kristin Dudley,04 Rachel Mast,0,0,0,0,0,0,0,0,0,0,0,10.776931,2.4481645,-10.495176,0.41752577,0.22768879,0.632732,0.20537758
2024-04-28 09:38:31,13,1,04 Rachel Mast,18 Laura Gerencser,0,0,0,0,0,0,0,0,0,0,0,8.533763,1.3810167,-8.421277,0.632732,0.20537758,0.80541235,0.19279176
2024-04-28 09:38:41,13,1,18 Laura Gerencser,40 Claire Milton,0,0,0,0,0,1,0,0,1,0,0,11.179033,-2.3226185,10.935092,0.80541235,0.19279176,0.5811856,0.21395881
2024-04-28 09:38:47,13,1,40 Claire Milton,91 Samantha Philips,0,0,0,1,1,0,0,0,0,0,0,15.292387,8.976605,-12.380535,0.5811856,0.21395881,0.83505154,0.13215102
2024-04-28 09:40:56,15,1,91 Samantha Philips,17 Kristin Dudley,0,0,0,0,0,0,0,0,0,0,0,10.602757,1.5065643,-10.495176,0.27706185,0.5715103,0.49226806,0.5577803
2024-04-28 09:41:05,15,1,17 Kristin Dudley,18 Laura Gerencser,0,0,0,0,0,0,0,0,1,0,0,9.325729,-5.398519,7.604289,0.49226806,0.5577803,0.33634022,0.6069794
2024-04-28 09:41:14,15,1,18 Laura Gerencser,17 Kristin Dudley,0,0,0,0,0,0,0,0,0,0,0,7.6084332,0.25109515,-7.604289,0.33634022,0.6069794,0.49226806,0.6046911
2024-04-28 09:41:20,15,1,17 Kristin Dudley,18 Laura Gerencser,0,0,0,0,0,0,0,0,1,0,0,9.71401,-1.3810167,9.615341,0.49226806,0.6046911,0.2951031,0.6172769
2024-04-28 09:41:28,15,1,18 Laura Gerencser,04 Rachel Mast,0,0,0,0,0,0,0,0,0,0,0,11.856096,11.6130905,2.388124,0.2951031,0.6172769,0.24613403,0.51144165
2024-04-28 09:41:33,15,1,04 Rachel Mast,91 Samantha Philips,0,0,0,0,0,0,0,0,1,0,1,7.1989236,-2.008748,6.91299,0.24613403,0.51144165,0.10438144,0.52974826
2024-04-28 09:41:37,15,1,91 Samantha Philips,29 Emily Schloneger,0,0,0,0,0,0,0,0,0,1,1,19.152954,19.083128,1.6339796,0.10438144,0.52974826,0.070876285,0.35583523
2024-04-28 09:41:46,15,1,29 Emily Schloneger,91 Samantha Philips,0,0,0,0,0,0,0,0,1,1,1,5.8913274,-4.7707844,-3.4564948,0.070876285,0.35583523,0.14175257,0.3993135
2024-04-28 09:41:51,15,1,91 Samantha Philips,04 Rachel Mast,0,0,0,0,0,0,0,0,0,1,0,11.860089,8.537192,-8.232743,0.14175257,0.3993135,0.31056702,0.3215103
2024-04-28 09:41:56,15,1,04 Rachel Mast,17 Kristin Dudley,0,0,0,0,0,0,0,0,1,0,0,6.400713,-4.7080107,-4.33633,0.31056702,0.3215103,0.39948454,0.36441648
2024-04-28 09:41:59,15,1,17 Kristin Dudley,04 Rachel Mast,0,0,0,0,0,0,0,0,0,0,0,10.659582,7.470041,-7.6042876,0.39948454,0.36441648,0.55541235,0.29633868
2024-04-28 09:42:03,15,1,04 Rachel Mast,29 Emily Schloneger,0,0,0,0,0,0,0,0,0,0,0,10.129969,6.967854,-7.352909,0.55541235,0.29633868,0.7061856,0.23283753
2024-04-28 09:42:06,15,1,29 Emily Schloneger,17 Kristin Dudley,0,0,0,0,0,0,0,0,1,0,0,11.353962,-5.2729716,10.055259,0.7061856,0.23283753,0.5,0.28089246
2024-04-28 09:42:11,15,1,17 Kristin Dudley,18 Laura Gerencser,0,0,0,0,0,0,0,0,0,0,0,7.6623645,0.9416035,7.604289,0.5,0.28089246,0.34407216,0.2723112
2024-04-28 09:42:15,15,1,18 Laura Gerencser,17 Kristin Dudley,0,0,0,0,0,0,0,0,1,0,0,5.6978536,-5.3985157,-1.8225152,0.34407216,0.2723112,0.3814433,0.3215103
2024-04-28 09:42:17,15,1,17 Kristin Dudley,18 Laura Gerencser,0,0,0,0,0,0,0,0,0,0,0,7.2919807,5.3985157,-4.9019394,0.3814433,0.3215103,0.48195878,0.2723112
2024-04-28 09:42:19,15,1,18 Laura Gerencser,17 Kristin Dudley,0,0,0,0,0,0,0,0,0,0,0,6.1455655,4.017501,-4.650555,0.48195878,0.2723112,0.57731956,0.23569794
2024-04-28 09:42:28,15,1,17 Kristin Dudley,18 Laura Gerencser,0,0,0,0,0,0,0,0,0,0,0,8.590145,1.694884,-8.42128,0.57731956,0.23569794,0.75,0.22025171
2024-04-28 09:42:32,15,1,18 Laura Gerencser,17 Kristin Dudley,0,0,0,0,0,0,0,0,1,0,0,7.8793354,-3.1386728,7.2272162,0.75,0.22025171,0.60180414,0.24885583
2024-04-28 09:42:37,15,1,17 Kristin Dudley,29 Emily Schloneger,0,0,0,0,0,0,0,0,0,0,0,12.691374,1.7576561,12.569074,0.60180414,0.24885583,0.34407216,0.23283753
2024-04-28 09:42:46,15,1,29 Emily Schloneger,17 Kristin Dudley,0,0,0,0,0,1,0,0,1,0,0,5.374098,-4.645237,-2.702351,0.34407216,0.23283753,0.39948454,0.27517164
2024-04-28 09:42:53,15,1,17 Kristin Dudley,18 Laura Gerencser,0,0,0,1,1,0,0,0,0,0,0,22.945513,22.284578,5.4675474,0.39948454,0.27517164,0.28737113,0.07208238
2024-04-28 09:44:42,17,1,17 Kristin Dudley,91 Samantha Philips,0,0,0,0,0,0,0,0,0,0,0,9.637769,6.779536,6.8501444,0.44974226,0.7179634,0.30927834,0.6561785
2024-04-28 09:44:55,17,1,91 Samantha Philips,18 Laura Gerencser,0,0,0,0,0,0,0,0,1,0,0,13.751247,-2.1970694,-13.574597,0.30927834,0.6561785,0.58762884,0.67620134
2024-04-28 09:45:01,17,1,18 Laura Gerencser,91 Samantha Philips,0,0,0,0,0,0,0,0,0,0,0,9.308736,-0.3766427,9.301113,0.58762884,0.67620134,0.3969072,0.67963386
2024-04-28 09:45:03,17,1,91 Samantha Philips,17 Kristin Dudley,0,0,0,0,0,0,0,0,0,0,0,9.469058,2.573712,9.112577,0.3969072,0.67963386,0.21005155,0.6561785
2024-04-28 09:45:05,17,1,17 Kristin Dudley,91 Samantha Philips,0,0,0,0,0,0,0,0,1,0,0,8.161706,-6.2773457,-5.216165,0.21005155,0.6561785,0.3170103,0.7133867
2024-04-28 09:45:10,17,1,91 Samantha Philips,18 Laura Gerencser,0,0,0,0,0,0,0,0,1,0,0,7.946737,-5.0218763,6.158846,0.3170103,0.7133867,0.19072165,0.7591533
2024-04-28 09:45:14,17,1,18 Laura Gerencser,32 Shani Rosenthal,0,0,0,0,0,0,0,0,0,0,1,27.711187,27.494774,3.4564948,0.19072165,0.7591533,0.11984536,0.5085812
2024-04-28 09:45:47,17,1,32 Shani Rosenthal,91 Samantha Philips,0,0,0,0,0,0,0,1,0,1,0,16.106834,2.5737088,-15.899878,0.11984536,0.5085812,0.4458763,0.48512587
2024-04-28 09:45:52,17,1,91 Samantha Philips,17 Kristin Dudley,0,0,0,0,0,0,0,0,0,0,0,8.39093,3.2642202,-7.729979,0.4458763,0.48512587,0.60438144,0.45537758
2024-04-28 09:46:02,17,1,17 Kristin Dudley,29 Emily Schloneger,0,0,0,0,0,0,0,0,0,0,0,8.879852,7.0934014,5.341856,0.60438144,0.45537758,0.49484536,0.39073226
2024-04-28 09:46:10,17,1,29 Emily Schloneger,40 Claire Milton,0,0,0,0,0,0,0,0,0,0,0,7.990705,4.7707815,6.410227,0.49484536,0.39073226,0.36340207,0.347254
2024-04-28 09:46:26,17,1,40 Claire Milton,91 Samantha Philips,1,1,0,1,0,0,0,0,0,0,0,23.982424,23.97946,0.37707293,0.36340207,0.347254,0.3556701,0.12871854
2024-04-28 13:55:21,18,1,17 Kristin Dudley,18 Laura Gerencser,0,0,0,0,0,0,0,0,1,0,0,7.9722314,-7.9722314,0.0,0.5051546,0.6693364,0.5051546,0.74199086
2024-04-28 13:55:24,18,1,18 Laura Gerencser,91 Samantha Philips,0,0,0,0,0,0,0,0,0,0,0,9.958627,3.3897712,9.363957,0.5051546,0.74199086,0.31314433,0.7110984
2024-04-28 13:55:38,18,1,91 Samantha Philips,18 Laura Gerencser,0,0,0,0,0,0,0,0,1,0,0,6.734663,-6.5912147,1.3825973,0.31314433,0.7110984,0.28479382,0.77116704
2024-04-28 13:55:40,18,1,18 Laura Gerencser,91 Samantha Philips,0,0,0,0,0,0,0,0,0,0,0,8.569137,7.5328145,4.084949,0.28479382,0.77116704,0.20103092,0.70251715
2024-04-28 13:55:47,18,1,91 Samantha Philips,18 Laura Gerencser,0,0,0,0,0,0,0,0,0,0,0,5.1841965,-0.56496406,-5.15332,0.20103092,0.70251715,0.30670103,0.7076659
2024-04-28 13:55:50,18,1,18 Laura Gerencser,91 Samantha Philips,0,0,0,0,0,0,0,0,1,0,0,5.7157474,-1.4437904,5.530392,0.30670103,0.7076659,0.19329897,0.7208238
2024-04-28 13:56:00,18,1,91 Samantha Philips,17 Kristin Dudley,0,0,0,0,0,0,0,0,1,0,0,14.430654,-4.896329,-13.574599,0.19329897,0.7208238,0.4716495,0.76544625
2024-04-28 13:56:05,18,1,17 Kristin Dudley,40 Claire Milton,0,0,0,0,0,0,0,0,0,0,0,14.107666,6.5284405,-12.506227,0.4716495,0.76544625,0.7280928,0.70594966
2024-04-28 13:56:10,18,1,40 Claire Milton,04 Rachel Mast,0,0,0,0,0,0,0,0,0,0,1,15.978313,14.375124,-6.9758363,0.7280928,0.70594966,0.87113404,0.57494277
2024-04-28 13:56:16,18,1,04 Rachel Mast,17 Kristin Dudley,0,0,0,0,0,0,0,0,1,1,0,12.394659,-11.989734,3.1422706,0.87113404,0.57494277,0.806701,0.68421054
2024-04-28 13:56:19,18,1,17 Kristin Dudley,04 Rachel Mast,0,0,0,0,0,0,0,0,0,0,1,11.709195,10.48317,-5.2161674,0.806701,0.68421054,0.9136598,0.58867276
2024-04-28 13:56:22,18,1,04 Rachel Mast,17 Kristin Dudley,0,0,0,0,0,0,0,0,1,1,0,7.8906164,-7.030631,3.5821855,0.9136598,0.58867276,0.8402062,0.652746
2024-04-28 13:56:26,18,1,17 Kristin Dudley,24 Abby Swensen,0,0,0,0,0,1,0,0,0,0,0,15.477289,10.357622,11.500703,0.8402062,0.652746,0.60438144,0.5583524
2024-04-28 13:56:40,18,1,24 Abby Swensen,40 Claire Milton,0,0,0,1,1,0,1,0,0,0,0,53.00408,52.980793,1.5711339,0.60438144,0.5583524,0.57216495,0.075514875
2024-04-28 13:59:25,20,1,17 Kristin Dudley,32 Shani Rosenthal,1,1,0,1,0,0,1,0,0,0,0,51.37828,51.28591,3.0794227,0.57731956,0.53775746,0.51417524,0.07036613
2024-04-28 14:04:18,22,1,17 Kristin Dudley,18 Laura Gerencser,0,0,0,0,0,0,0,0,1,0,0,10.417723,-9.290467,4.7134027,0.5090206,0.6727689,0.41237113,0.75743705
2024-04-28 14:04:21,22,1,18 Laura Gerencser,91 Samantha Philips,0,0,0,0,0,0,0,0,0,0,1,18.788248,13.119649,13.448908,0.41237113,0.75743705,0.13659793,0.63787186
2024-04-28 14:04:23,22,1,91 Samantha Philips,18 Laura Gerencser,0,0,0,0,0,0,0,0,1,1,0,9.40595,-9.227694,-1.822516,0.13659793,0.63787186,0.17396908,0.72196794
2024-04-28 14:04:26,22,1,18 Laura Gerencser,91 Samantha Philips,0,0,0,0,0,0,0,0,0,0,1,9.27407,8.72551,3.1422684,0.17396908,0.72196794,0.10953608,0.6424485
2024-04-28 14:05:07,22,1,91 Samantha Philips,40 Claire Milton,0,0,0,0,0,0,0,0,0,1,1,11.4659395,11.299215,-1.948206,0.10953608,0.6424485,0.14948453,0.5394737
2024-04-28 14:05:09,22,1,40 Claire Milton,24 Abby Swensen,0,0,0,0,0,0,0,0,0,1,1,7.843951,7.7211394,1.3825977,0.14948453,0.5394737,0.12113402,0.46910754
2024-04-28 14:19:18,22,1,24 Abby Swensen,18 Laura Gerencser,0,0,0,0,0,0,0,0,1,1,0,8.797439,-8.411644,-2.57666,0.12113402,0.46910754,0.17396908,0.5457666
2024-04-28 14:19:20,22,1,18 Laura Gerencser,91 Samantha Philips,0,0,0,0,0,0,0,0,0,0,1,9.602969,7.0934014,6.4730725,0.17396908,0.5457666,0.041237112,0.48112127
2024-04-28 14:19:30,22,1,91 Samantha Philips,32 Shani Rosenthal,0,0,0,0,0,0,0,0,0,1,1,18.959248,18.95758,-0.25138146,0.041237112,0.48112127,0.04639175,0.3083524
2024-04-28 14:19:39,22,1,32 Shani Rosenthal,91 Samantha Philips,0,0,0,0,0,0,0,0,1,1,1,10.36448,-10.357618,0.3770722,0.04639175,0.3083524,0.038659792,0.402746
2024-04-28 14:19:47,22,1,91 Samantha Philips,17 Kristin Dudley,0,0,0,0,0,0,0,1,0,1,0,17.398823,2.0087512,-17.282475,0.038659792,0.402746,0.39304122,0.38443935
2024-04-28 14:19:58,22,1,17 Kristin Dudley,40 Claire Milton,1,0,1,0,0,0,0,0,0,0,0,16.226433,7.84668,-14.203053,0.39304122,0.38443935,0.68427837,0.31292906
2024-04-28 14:20:48,22,2,91 Samantha Philips,04 Rachel Mast,0,0,0,0,0,0,0,0,0,0,0,8.988768,8.348874,-3.3308027,0.69458765,0.5818078,0.7628866,0.5057208
2024-04-28 14:20:55,22,2,04 Rachel Mast,40 Claire Milton,0,0,0,0,0,0,0,0,0,0,0,11.337224,11.236445,-1.5082887,0.7628866,0.5057208,0.7938144,0.40331808
2024-04-28 14:21:05,22,2,40 Claire Milton,24 Abby Swensen,0,0,0,0,0,0,0,0,0,0,1,19.990309,19.710865,-3.3308055,0.7938144,0.40331808,0.8621134,0.2236842
2024-04-28 14:21:16,22,2,24 Abby Swensen,04 Rachel Mast,1,1,0,1,0,0,0,0,0,1,0,25.962088,20.90356,15.397116,0.8621134,0.2236842,0.5463917,0.033180777
2024-04-28 19:12:04,23,1,92 Charlotte Wilson,02 Maketa Mattimore,0,0,0,0,0,0,0,0,0,0,0,7.2474904,7.0306244,-1.7596688,0.5103093,0.58581233,0.5463917,0.5217391
2024-04-28 19:12:35,23,1,02 Maketa Mattimore,22 Emily Wycoff,0,0,0,0,0,0,0,0,0,0,0,9.584968,8.160549,5.027628,0.5463917,0.5217391,0.44329897,0.4473684
2024-04-28 19:12:47,23,1,22 Emily Wycoff,10 Ariel Choi,0,0,0,0,0,0,0,0,0,0,0,12.5939865,10.357618,-7.1643724,0.44329897,0.4473684,0.5902062,0.35297483
2024-04-28 19:12:55,23,1,10 Ariel Choi,42 Kelly Kerker,1,1,0,1,0,0,0,0,0,0,0,35.64095,34.211533,-9.992411,0.5902062,0.35297483,0.7951031,0.04118993
2024-04-28 19:14:24,24,1,17 Kristin Dudley,04 Rachel Mast,1,1,0,0,0,0,0,0,0,0,0,14.497437,13.998475,-3.7707233,0.49097937,0.6556064,0.568299,0.52803206
2024-04-28 19:14:53,24,2,18 Laura Gerencser,91 Samantha Philips,0,0,0,0,0,0,0,0,0,0,1,12.662452,0.87882644,12.631918,0.3273196,0.8306636,0.068298966,0.8226545
2024-04-28 19:15:00,24,2,91 Samantha Philips,29 Emily Schloneger,0,0,0,0,0,0,0,0,0,1,1,17.183157,16.948837,-2.828041,0.068298966,0.8226545,0.12628865,0.6681922
2024-04-28 19:15:10,24,2,29 Emily Schloneger,32 Shani Rosenthal,0,0,0,0,0,0,0,0,0,1,1,13.292626,12.868553,3.330804,0.12628865,0.6681922,0.05798969,0.55091536
2024-04-28 19:15:22,24,2,32 Shani Rosenthal,24 Abby Swensen,0,0,0,0,0,0,0,0,0,1,1,6.828585,6.779536,0.8169898,0.05798969,0.55091536,0.041237112,0.48913044
2024-04-28 19:15:29,24,2,24 Abby Swensen,29 Emily Schloneger,0,0,0,0,0,0,0,0,0,1,1,11.618505,11.550317,-1.2569071,0.041237112,0.48913044,0.067010306,0.38386726
2024-04-28 19:15:40,24,2,29 Emily Schloneger,91 Samantha Philips,0,0,0,0,0,0,0,0,0,1,1,10.674319,10.483166,2.0110514,0.067010306,0.38386726,0.025773196,0.2883295
2024-04-28 19:15:52,24,2,91 Samantha Philips,18 Laura Gerencser,0,0,0,0,0,0,0,0,0,1,1,5.4116683,5.3985157,0.3770722,0.025773196,0.2883295,0.018041236,0.23913044
2024-04-28 19:16:04,24,2,18 Laura Gerencser,91 Samantha Philips,0,0,0,0,0,1,0,0,0,1,1,6.988653,6.7795324,-1.6968249,0.018041236,0.23913044,0.05283505,0.17734554
2024-04-28 19:16:16,24,2,91 Samantha Philips,18 Laura Gerencser,0,0,0,1,1,0,0,0,0,1,1,4.7680273,4.7080092,0.7541444,0.05283505,0.17734554,0.037371133,0.13443936
2024-04-28 19:18:26,26,1,18 Laura Gerencser,17 Kristin Dudley,0,0,0,0,0,0,0,0,0,0,0,10.7948885,7.470041,7.792824,0.53350514,0.6813501,0.37371135,0.6132723
2024-04-28 19:18:35,26,1,17 Kristin Dudley,32 Shani Rosenthal,1,1,0,0,0,0,0,0,0,0,0,16.211437,16.070004,2.1367433,0.37371135,0.6132723,0.3298969,0.46681923
2024-04-28 19:20:03,27,1,18 Laura Gerencser,29 Emily Schloneger,0,0,0,0,0,0,0,0,0,0,1,15.902757,9.980983,-12.380535,0.7048969,0.562357,0.9587629,0.47139588
2024-04-28 19:20:11,27,1,29 Emily Schloneger,18 Laura Gerencser,0,0,0,0,0,0,0,0,1,1,1,8.209607,-7.9094543,2.1995866,0.9587629,0.47139588,0.9136598,0.54347825
2024-04-28 19:20:15,27,1,18 Laura Gerencser,17 Kristin Dudley,0,0,0,0,0,0,0,0,1,1,0,9.420387,-2.8248072,8.986888,0.9136598,0.54347825,0.72938144,0.569222
2024-04-28 19:20:19,27,1,17 Kristin Dudley,91 Samantha Philips,0,0,0,0,0,0,0,1,0,0,0,15.883947,4.58246,15.208578,0.72938144,0.569222,0.41752577,0.52746
2024-04-28 19:20:33,27,1,91 Samantha Philips,04 Rachel Mast,0,0,0,0,0,0,0,0,0,0,0,16.520937,16.070007,3.833567,0.41752577,0.52746,0.33891752,0.38100687
2024-04-28 19:20:43,27,1,04 Rachel Mast,91 Samantha Philips,0,0,0,0,0,0,0,0,1,0,0,9.098005,-8.72551,-2.5766597,0.33891752,0.38100687,0.39175257,0.46052632
2024-04-28 19:20:55,27,1,91 Samantha Philips,18 Laura Gerencser,0,0,0,0,0,0,0,0,0,0,0,6.441106,4.645237,4.46202,0.39175257,0.46052632,0.30025774,0.4181922
2024-04-28 19:21:00,27,1,18 Laura Gerencser,17 Kristin Dudley,0,0,0,0,0,0,0,0,1,0,0,7.9511924,-5.524067,5.718929,0.30025774,0.4181922,0.18298969,0.46853548
2024-04-28 19:21:05,27,1,17 Kristin Dudley,18 Laura Gerencser,0,0,0,0,0,0,0,0,0,0,1,6.866934,6.6539884,1.6968246,0.18298969,0.46853548,0.14819588,0.40789473
2024-04-28 19:21:08,27,1,18 Laura Gerencser,17 Kristin Dudley,0,0,0,0,0,0,0,0,1,1,0,11.409413,-9.60434,-6.158846,0.14819588,0.40789473,0.27448454,0.49542335
2024-04-28 19:21:16,27,1,17 Kristin Dudley,40 Claire Milton,0,0,0,0,0,0,0,0,0,0,0,12.965358,12.240826,4.2734847,0.27448454,0.49542335,0.18685567,0.38386726
2024-04-28 19:21:24,27,1,40 Claire Milton,18 Laura Gerencser,1,1,0,1,0,0,0,0,0,0,1,24.971874,24.293325,5.7817736,0.18685567,0.38386726,0.068298966,0.1624714
2024-04-28 19:23:05,28,1,18 Laura Gerencser,17 Kristin Dudley,0,0,0,0,0,0,0,0,1,1,0,11.86495,-3.9547222,11.186475,0.8530928,0.59610987,0.62371135,0.632151
2024-04-28 19:23:11,28,1,17 Kristin Dudley,40 Claire Milton,0,0,0,0,0,0,0,0,0,0,1,15.78524,9.792658,-12.380535,0.62371135,0.632151,0.8775773,0.54290617
2024-04-28 19:23:14,28,1,40 Claire Milton,29 Emily Schloneger,0,0,0,0,0,0,0,0,0,1,0,16.717598,13.30797,10.118104,0.8775773,0.54290617,0.6701031,0.42162472
2024-04-28 19:23:19,28,1,29 Emily Schloneger,18 Laura Gerencser,0,0,0,0,0,0,0,0,1,0,0,7.075812,-2.3853908,6.661608,0.6701031,0.42162472,0.53350514,0.44336385
2024-04-28 19:23:27,28,1,18 Laura Gerencser,04 Rachel Mast,0,0,0,0,0,0,0,0,0,0,0,10.040561,7.2817197,6.9129896,0.53350514,0.44336385,0.39175257,0.3770023
2024-04-28 19:23:33,28,1,04 Rachel Mast,29 Emily Schloneger,0,0,0,0,0,0,0,0,0,0,0,11.051188,7.156175,8.421278,0.39175257,0.3770023,0.21907216,0.3117849
2024-04-28 19:23:40,28,1,29 Emily Schloneger,18 Laura Gerencser,0,0,0,0,0,1,0,0,0,0,0,7.0547457,6.9050803,1.445443,0.21907216,0.3117849,0.189433,0.24885583
2024-04-28 19:23:45,28,1,18 Laura Gerencser,04 Rachel Mast,0,0,0,1,1,0,0,0,0,0,0,26.78229,14.626213,-22.435795,0.189433,0.24885583,0.6494845,0.11556064
2024-04-28 19:25:21,30,1,18 Laura Gerencser,17 Kristin Dudley,0,0,0,0,0,0,0,0,0,0,0,5.954123,4.7080073,3.6450305,0.62628865,0.6590389,0.5515464,0.61613274
2024-04-28 19:25:29,30,1,17 Kristin Dudley,18 Laura Gerencser,0,0,0,0,0,0,0,0,1,0,0,8.148715,-5.3357453,6.1588454,0.5515464,0.61613274,0.42525774,0.66475976
2024-04-28 19:25:32,30,1,18 Laura Gerencser,04 Rachel Mast,0,0,0,0,0,0,0,0,0,0,0,17.074026,15.3794985,7.415754,0.42525774,0.66475976,0.27319586,0.52459955
2024-04-28 19:25:38,30,1,04 Rachel Mast,24 Abby Swensen,0,0,0,0,0,0,0,0,0,0,1,16.442598,13.810161,8.924042,0.27319586,0.52459955,0.09020618,0.39874142
2024-04-28 19:25:46,30,1,24 Abby Swensen,18 Laura Gerencser,0,0,0,0,0,0,0,0,1,1,0,8.911784,-5.7751584,-6.7872996,0.09020618,0.39874142,0.22938144,0.451373
2024-04-28 19:25:56,30,1,18 Laura Gerencser,40 Claire Milton,0,0,0,0,0,1,0,0,0,0,0,11.757927,4.7707844,-10.746556,0.22938144,0.451373,0.44974226,0.40789473
2024-04-28 19:25:59,30,1,40 Claire Milton,04 Rachel Mast,0,0,0,1,1,0,0,0,0,0,0,37.402218,33.521023,-16.591177,0.44974226,0.40789473,0.78994846,0.10240275
2024-04-28 19:27:34,32,1,18 Laura Gerencser,17 Kristin Dudley,0,0,0,0,0,0,0,0,1,0,0,7.1816587,-1.9459742,6.912988,0.64819586,0.6395881,0.5064433,0.65732265
2024-04-28 19:27:48,32,1,17 Kristin Dudley,18 Laura Gerencser,0,0,0,0,0,0,0,0,1,0,0,8.759158,-8.223327,3.0165792,0.5064433,0.65732265,0.44458762,0.7322655
2024-04-28 19:27:49,32,1,18 Laura Gerencser,91 Samantha Philips,0,0,0,0,0,0,0,0,0,0,0,12.804157,7.8466835,10.118103,0.44458762,0.7322655,0.2371134,0.66075516
2024-04-28 19:28:15,32,1,91 Samantha Philips,24 Abby Swensen,0,0,0,0,0,0,0,0,0,0,0,12.447652,12.178048,2.5766597,0.2371134,0.66075516,0.18427835,0.5497712
2024-04-28 19:28:21,32,1,24 Abby Swensen,91 Samantha Philips,0,0,0,0,0,0,0,0,1,0,0,7.925375,-7.5955887,-2.2624333,0.18427835,0.5497712,0.23067011,0.61899316
2024-04-28 19:28:30,32,1,91 Samantha Philips,18 Laura Gerencser,0,0,0,0,0,0,0,0,1,0,0,7.6844425,-5.5240602,-5.341855,0.23067011,0.61899316,0.34020618,0.6693364
2024-04-28 19:28:38,32,1,18 Laura Gerencser,91 Samantha Philips,0,0,0,0,0,0,0,0,0,0,1,9.539269,1.8204266,9.363958,0.34020618,0.6693364,0.14819588,0.652746
2024-04-28 19:28:43,32,1,91 Samantha Philips,17 Kristin Dudley,0,0,0,0,0,0,0,0,1,1,0,12.766434,-6.1517982,-11.186474,0.14819588,0.652746,0.3775773,0.7088101
2024-04-28 19:28:48,32,1,17 Kristin Dudley,18 Laura Gerencser,0,0,0,0,0,0,0,0,0,0,0,4.4396873,2.0087545,-3.9592586,0.3775773,0.7088101,0.45876288,0.6905034
2024-04-28 19:28:51,32,1,18 Laura Gerencser,17 Kristin Dudley,0,0,0,0,0,0,0,0,0,0,0,5.981899,5.398513,-2.5766597,0.45876288,0.6905034,0.51159793,0.6413044
2024-04-28 19:28:55,32,1,17 Kristin Dudley,18 Laura Gerencser,0,0,0,0,0,0,0,0,0,0,0,4.7898407,3.9547286,-2.7023497,0.51159793,0.6413044,0.5670103,0.6052632
2024-04-28 19:29:01,32,1,18 Laura Gerencser,17 Kristin Dudley,0,0,0,0,0,0,0,0,1,0,0,6.441407,-4.4569125,4.650555,0.5670103,0.6052632,0.4716495,0.645881
2024-04-28 19:29:02,32,1,17 Kristin Dudley,91 Samantha Philips,0,0,0,0,0,0,0,0,0,0,0,9.649908,0.8160526,9.615341,0.4716495,0.645881,0.27448454,0.63844395
2024-04-28 19:29:10,32,1,91 Samantha Philips,17 Kristin Dudley,0,0,0,0,0,0,0,0,1,0,0,6.596007,-6.5912147,-0.25138146,0.27448454,0.63844395,0.27963918,0.6985126
2024-04-28 19:29:15,32,1,17 Kristin Dudley,91 Samantha Philips,0,0,0,0,0,0,0,0,1,0,0,8.557669,-8.160546,-2.5766597,0.27963918,0.6985126,0.33247423,0.7728833
2024-04-28 19:29:21,32,1,91 Samantha Philips,18 Laura Gerencser,0,0,0,0,0,0,0,0,0,0,0,5.287883,4.205824,-3.2051127,0.33247423,0.7728833,0.39819586,0.73455375
2024-04-28 19:29:48,32,1,18 Laura Gerencser,91 Samantha Philips,1,0,1,0,0,0,0,0,0,0,0,5.9362974,5.6496077,1.8225152,0.39819586,0.73455375,0.36082473,0.68306637
2024-04-28 19:30:37,32,2,24 Abby Swensen,32 Shani Rosenthal,0,0,0,0,0,0,0,0,0,0,1,24.299116,8.537189,-22.750021,0.43427834,0.8758581,0.90077317,0.79805493
2024-04-28 19:30:43,32,2,32 Shani Rosenthal,04 Rachel Mast,0,0,0,0,0,0,0,0,0,1,1,17.831652,17.827663,-0.37707293,0.90077317,0.79805493,0.90850514,0.6355835
2024-04-28 19:30:54,32,2,04 Rachel Mast,18 Laura Gerencser,0,0,0,0,0,0,0,0,1,1,1,6.8731084,-6.5912147,-1.9482068,0.90850514,0.6355835,0.9484536,0.6956522
2024-04-28 19:31:04,32,2,18 Laura Gerencser,91 Samantha Philips,0,0,0,0,0,0,0,0,1,1,0,7.300791,-4.0175023,6.096,0.9484536,0.6956522,0.8234536,0.7322655
2024-04-28 19:31:07,32,2,91 Samantha Philips,17 Kristin Dudley,0,0,0,0,0,0,0,0,1,0,0,10.141301,-1.3182429,10.055259,0.8234536,0.7322655,0.617268,0.7442792
2024-04-28 19:31:12,32,2,17 Kristin Dudley,04 Rachel Mast,0,0,0,0,0,0,0,0,0,0,1,19.10778,14.500672,-12.443383,0.617268,0.7442792,0.8724227,0.61212814
2024-04-28 19:31:19,32,2,04 Rachel Mast,24 Abby Swensen,1,1,0,0,0,0,0,0,0,1,1,32.213142,32.20278,-0.81698793,0.8724227,0.61212814,0.88917524,0.3186499
2024-04-28 19:32:28,32,3,17 Kristin Dudley,18 Laura Gerencser,0,0,0,0,0,0,0,0,1,0,0,11.522416,-2.7620335,-11.186476,0.2525773,0.4313501,0.48195878,0.45652175
2024-04-28 19:32:36,32,3,18 Laura Gerencser,17 Kristin Dudley,0,0,0,0,0,0,0,0,1,0,0,10.790219,-4.896329,9.615341,0.48195878,0.45652175,0.28479382,0.5011442
2024-04-28 19:32:42,32,3,17 Kristin Dudley,18 Laura Gerencser,0,0,0,0,0,0,0,0,0,0,0,7.0742526,4.331368,-5.5932374,0.28479382,0.5011442,0.39948454,0.4616705
2024-04-28 19:32:48,32,3,18 Laura Gerencser,91 Samantha Philips,0,0,0,0,0,0,0,0,1,0,0,9.108826,-5.46129,7.2900624,0.39948454,0.4616705,0.25,0.51144165
2024-04-28 19:32:51,32,3,91 Samantha Philips,18 Laura Gerencser,0,0,0,0,0,0,0,0,0,0,0,8.48939,4.0175023,-7.4785976,0.25,0.51144165,0.4033505,0.47482836
2024-04-28 19:32:54,32,3,18 Laura Gerencser,91 Samantha Philips,0,0,0,0,0,0,0,0,0,0,0,5.42488,1.6948823,5.1533194,0.4033505,0.47482836,0.2976804,0.45938215
2024-04-28 19:32:58,32,3,91 Samantha Philips,18 Laura Gerencser,0,0,0,0,0,0,0,0,0,0,0,5.978554,0.31386563,5.9703093,0.2976804,0.45938215,0.17525773,0.45652175
2024-04-28 19:33:00,32,3,18 Laura Gerencser,32 Shani Rosenthal,0,0,0,0,0,0,0,0,0,0,0,11.418169,11.361996,1.1312166,0.17525773,0.45652175,0.15206185,0.35297483
2024-04-28 19:33:03,32,3,32 Shani Rosenthal,91 Samantha Philips,0,0,0,0,0,0,0,0,0,0,0,9.319451,1.6321118,-9.175423,0.15206185,0.35297483,0.34020618,0.33810067
2024-04-28 19:33:07,32,3,91 Samantha Philips,24 Abby Swensen,1,1,0,1,0,0,0,0,0,0,1,39.95247,29.252426,-27.212044,0.34020618,0.33810067,0.89819586,0.0715103
2024-04-28 19:33:31,32,4,17 Kristin Dudley,04 Rachel Mast,0,0,0,1,1,0,0,0,0,0,1,35.555115,23.540047,-26.646433,0.31829897,0.29176202,0.8646907,0.077231124
2024-04-28 19:34:58,33,1,06 Risa Umeno,92 Charlotte Wilson,0,0,0,0,0,0,0,0,0,0,0,11.439407,-0.18832135,11.437858,0.72422683,0.5423341,0.48969072,0.54405034
2024-04-28 19:35:02,33,1,92 Charlotte Wilson,06 Risa Umeno,0,0,0,0,0,0,0,0,1,0,0,8.121283,-4.6452336,-6.661608,0.48969072,0.54405034,0.62628865,0.5863844
2024-04-28 19:35:07,33,1,06 Risa Umeno,02 Maketa Mattimore,0,0,0,0,0,0,0,0,1,0,0,10.01644,-3.0131285,9.552494,0.62628865,0.5863844,0.43041238,0.6138444
2024-04-28 19:35:13,33,1,02 Maketa Mattimore,92 Charlotte Wilson,0,0,0,0,0,0,0,0,1,0,0,6.5367913,-5.5868406,-3.393649,0.43041238,0.6138444,0.5,0.66475976
2024-04-28 19:35:17,33,1,92 Charlotte Wilson,17 Kristin Dudley,0,0,0,0,0,0,0,0,1,0,0,8.305292,-5.900703,-5.84462,0.5,0.66475976,0.6198454,0.7185355
2024-04-28 19:36:18,33,1,17 Kristin Dudley,91 Samantha Philips,0,0,0,0,0,0,0,0,0,0,0,13.419141,0.9416002,13.386065,0.6198454,0.7185355,0.34536082,0.70995426
2024-04-28 19:36:22,33,1,91 Samantha Philips,17 Kristin Dudley,0,0,0,0,0,0,0,0,1,0,0,5.253432,-4.7707815,-2.1995883,0.34536082,0.70995426,0.39046392,0.7534325
2024-04-28 19:36:27,33,1,17 Kristin Dudley,40 Claire Milton,0,0,0,0,0,0,0,0,0,0,0,6.2077208,2.259843,-5.7817736,0.39046392,0.7534325,0.5090206,0.73283756
2024-04-28 19:36:30,33,1,40 Claire Milton,18 Laura Gerencser,0,0,0,0,0,0,0,0,1,0,0,5.160205,-5.084644,0.87983584,0.5090206,0.73283756,0.49097937,0.7791762
2024-04-28 19:36:34,33,1,18 Laura Gerencser,91 Samantha Philips,0,0,0,0,0,0,0,0,0,0,0,11.528331,4.3313646,10.683712,0.49097937,0.7791762,0.2719072,0.7397025
2024-04-28 19:36:41,33,1,91 Samantha Philips,18 Laura Gerencser,0,0,0,0,0,0,0,0,1,0,0,5.676601,-5.586834,-1.0055258,0.2719072,0.7397025,0.29252577,0.7906178
2024-04-28 19:36:45,33,1,18 Laura Gerencser,91 Samantha Philips,0,0,0,0,0,0,0,0,0,0,0,5.0824914,4.833555,-1.5711339,0.29252577,0.7906178,0.32474226,0.7465675
2024-04-28 19:36:48,33,1,91 Samantha Philips,18 Laura Gerencser,0,0,0,0,0,0,0,0,0,0,0,4.052262,2.008748,-3.5193405,0.32474226,0.7465675,0.3969072,0.7282609
2024-04-28 19:36:51,33,1,18 Laura Gerencser,91 Samantha Philips,0,0,0,0,0,0,0,0,0,0,0,5.7189274,0.0,5.7189274,0.3969072,0.7282609,0.27963918,0.7282609
2024-04-28 19:36:55,33,1,91 Samantha Philips,18 Laura Gerencser,0,0,0,0,0,0,0,0,0,0,0,6.40763,2.7620335,-5.781772,0.27963918,0.7282609,0.39819586,0.70308924
2024-04-28 19:36:58,33,1,18 Laura Gerencser,40 Claire Milton,0,0,0,0,0,0,0,0,1,0,0,9.848405,-3.578086,-9.175423,0.39819586,0.70308924,0.5863402,0.7356979
2024-04-28 19:37:01,33,1,40 Claire Milton,91 Samantha Philips,0,0,0,0,0,0,0,0,0,0,0,13.870252,4.4569125,13.13468,0.5863402,0.7356979,0.3170103,0.6950801
2024-04-28 19:37:02,33,1,91 Samantha Philips,17 Kristin Dudley,0,0,0,0,0,0,0,0,0,0,0,5.8717484,5.3357453,-2.4509697,0.3170103,0.6950801,0.36726806,0.6464531
2024-04-28 19:37:09,33,1,17 Kristin Dudley,91 Samantha Philips,0,0,0,0,0,0,0,0,0,0,0,9.268929,0.75327885,9.238269,0.36726806,0.6464531,0.17783505,0.6395881
2024-04-28 19:37:11,33,1,91 Samantha Philips,17 Kristin Dudley,0,0,0,0,0,0,0,0,0,0,0,3.6367717,0.6277378,-3.5821855,0.17783505,0.6395881,0.25128865,0.63386726
2024-04-28 19:37:14,33,1,17 Kristin Dudley,18 Laura Gerencser,0,0,0,0,0,0,0,0,1,0,0,5.180007,-3.2642236,-4.0221033,0.25128865,0.63386726,0.33376288,0.6636156
2024-04-28 19:37:17,33,1,18 Laura Gerencser,17 Kristin Dudley,0,0,0,0,0,0,0,0,1,0,0,7.3700185,-1.4437839,7.2272167,0.33376288,0.6636156,0.185567,0.6767734
2024-04-28 19:37:20,33,1,17 Kristin Dudley,40 Claire Milton,1,0,1,0,0,0,0,0,0,0,0,4.5826902,2.5109382,-3.8335676,0.185567,0.6767734,0.26417527,0.65389013
2024-04-28 19:38:13,34,1,17 Kristin Dudley,18 Laura Gerencser,0,0,0,0,0,0,0,0,1,0,0,10.074464,-9.290467,-3.8964136,0.5412371,0.51487416,0.62113404,0.5995423
2024-04-28 19:38:15,34,1,18 Laura Gerencser,91 Samantha Philips,0,0,0,0,0,0,0,0,0,0,0,13.612112,7.2817197,11.500703,0.62113404,0.5995423,0.38530928,0.5331808
2024-04-28 19:38:20,34,1,91 Samantha Philips,04 Rachel Mast,0,0,0,0,0,0,0,0,0,0,0,9.635249,6.1517982,-7.415754,0.38530928,0.5331808,0.53737116,0.4771167
2024-04-28 19:38:32,34,1,04 Rachel Mast,91 Samantha Philips,0,0,0,0,0,0,0,0,0,0,0,7.783464,3.4525385,6.9758363,0.53737116,0.4771167,0.3943299,0.4456522
2024-04-28 19:38:34,34,1,91 Samantha Philips,04 Rachel Mast,0,0,0,0,0,0,0,0,0,0,0,6.2239394,1.2554691,-6.096,0.3943299,0.4456522,0.5193299,0.43421054
2024-04-28 19:38:40,34,1,04 Rachel Mast,18 Laura Gerencser,0,0,0,0,0,0,0,0,1,0,0,6.5004525,-1.8832036,-6.22169,0.5193299,0.43421054,0.6469072,0.451373
2024-04-28 19:38:44,34,1,18 Laura Gerencser,17 Kristin Dudley,0,0,0,0,0,0,0,0,0,0,0,6.0014896,3.0759022,5.1533194,0.6469072,0.451373,0.5412371,0.42334095
2024-04-28 19:38:49,34,1,17 Kristin Dudley,04 Rachel Mast,0,0,0,0,0,0,0,0,0,0,0,11.046891,5.2101946,-9.741031,0.5412371,0.42334095,0.7409794,0.37585813
2024-04-28 19:38:55,34,1,04 Rachel Mast,32 Shani Rosenthal,0,0,0,0,0,0,0,0,0,0,0,7.5378346,7.2817197,-1.9482068,0.7409794,0.37585813,0.78092784,0.30949658
2024-04-28 19:38:58,34,1,32 Shani Rosenthal,29 Emily Schloneger,1,1,0,1,0,0,0,0,0,0,0,32.204628,24.795517,20.550434,0.78092784,0.30949658,0.35953608,0.083524026
2024-04-28 19:39:35,34,2,17 Kristin Dudley,29 Emily Schloneger,0,0,0,0,0,0,0,0,0,0,1,11.256732,9.164924,-6.5359154,0.7345361,0.35526314,0.8685567,0.27173913
2024-04-28 19:39:40,34,2,29 Emily Schloneger,17 Kristin Dudley,0,0,0,0,0,1,0,0,1,1,0,7.879366,-7.721136,1.5711339,0.8685567,0.27173913,0.8363402,0.34210527
2024-04-28 19:39:45,34,2,17 Kristin Dudley,40 Claire Milton,0,0,0,1,1,0,0,0,0,0,0,27.935957,27.934189,0.31422502,0.8363402,0.34210527,0.8298969,0.0875286
2024-04-28 19:40:52,35,1,34 Lauren Kitten,22 Emily Wycoff,1,1,0,0,0,0,0,0,0,0,0,37.546425,37.350204,-3.8335683,0.5051546,0.576659,0.5837629,0.23627003
2024-04-28 19:42:18,36,1,91 Samantha Philips,17 Kristin Dudley,0,0,0,0,0,0,0,0,1,0,0,12.5395775,-3.8291812,-11.9406185,0.17396908,0.5257437,0.41881442,0.56064075
2024-04-28 19:42:21,36,1,17 Kristin Dudley,29 Emily Schloneger,0,0,0,0,0,0,0,0,0,0,0,8.935495,6.5912147,-6.033155,0.41881442,0.56064075,0.54252577,0.5005721
2024-04-28 19:42:27,36,1,29 Emily Schloneger,32 Shani Rosenthal,0,0,0,0,0,0,0,0,0,0,0,11.723846,2.573712,-11.437858,0.54252577,0.5005721,0.7770619,0.4771167
2024-04-28 19:42:41,36,1,32 Shani Rosenthal,17 Kristin Dudley,0,0,0,0,0,0,0,0,0,0,1,5.620747,4.331368,-3.5821855,0.7770619,0.4771167,0.8505155,0.43764302
2024-04-28 19:42:45,36,1,17 Kristin Dudley,40 Claire Milton,1,1,0,1,0,0,0,0,0,1,0,36.334522,36.15751,3.5821855,0.8505155,0.43764302,0.7770619,0.10812357