match,date,team,opponent,Player,Points played total,Points played,Offense points played,Defense points played,Offense points won,Defense points won,Touches,Points played with touches,Throws,Catches,Possessions initiated,Assists,Secondary assists,Goals,Turnovers,Thrower errors,Receiver errors,Defensive blocks,Stall outs for,Stall outs against,Total completed throw distance (m),Total completed throw gain (m),Average completed throw distance (m),Average completed throw gain (m),Total caught pass distance (m),Total caught pass gain (m),Average caught pass distance (m),Average caught pass gain (m)
ATL @ ATX,2024-04-07_13-00-00,ATL,ATX,08 Dani Ortiz,14,"2,5,7,8,9,11,14,16,18,20,21,24,25,26,27",10,4,5,0,16,8,16,15,1,2,1,0,0,0,0,0,0,0,201.72,72.03,13.45,4.80,164.75,93.95,10.98,6.26
ATL @ ATX,2024-04-07_13-00-00,ATL,ATX,05 Megan Jarriel,14,"2,5,7,8,9,11,14,15,18,20,21,24,25,26,27",10,4,5,0,15,7,15,15,0,1,0,0,1,1,0,1,0,0,135.04,35.74,9.65,2.55,157.29,84.50,10.49,5.63
ATL @ ATX,2024-04-07_13-00-00,ATL,ATX,13 Hannah Abraham,14,"2,6,7,8,9,11,14,16,18,20,21,24,25,26,27",9,5,4,1,26,9,25,22,4,1,1,1,2,1,1,0,0,0,213.80,89.54,8.91,3.73,199.04,15.31,9.05,0.70
ATL @ ATX,2024-04-07_13-00-00,ATL,ATX,20 Soju Hokari,13,"2,5,7,8,11,14,16,18,20,21,24,25,26,27",9,4,4,0,22,8,22,18,4,1,0,0,2,1,1,1,0,0,218.93,102.65,10.43,4.89,209.45,36.35,11.64,2.02
ATL @ ATX,2024-04-07_13-00-00,ATL,ATX,29 Charlotte Doran,12,"2,5,7,8,9,11,16,18,20,24,25,26,27",9,3,5,0,30,10,30,22,8,0,3,0,2,2,0,0,0,0,292.05,109.19,10.82,4.04,190.89,45.19,8.68,2.05
ATL @ ATX,2024-04-07_13-00-00,ATL,ATX,03 Alex Krueger,11,"2,5,6,9,11,14,16,18,20,21,26,27",8,3,3,1,11,5,10,11,0,0,0,1,3,3,0,0,0,0,54.99,20.37,7.86,2.91,114.38,66.23,10.40,6.02
ATL @ ATX,2024-04-07_13-00-00,ATL,ATX,26 Morgan Lally,10,"1,3,4,6,10,13,17,19,22,23",3,7,2,3,14,6,14,14,0,1,0,0,1,1,0,0,0,0,140.26,53.75,10.79,4.13,181.34,65.08,12.95,4.65
ATL @ ATX,2024-04-07_13-00-00,ATL,ATX,31 María Vargas,10,"1,3,4,6,10,12,13,15,17,22",5,5,3,2,33,9,33,25,8,3,0,0,2,2,0,1,0,0,453.78,207.45,15.13,6.92,251.98,30.15,10.08,1.21
ATL @ ATX,2024-04-07_13-00-00,ATL,ATX,12 Emma Jaschke,10,"1,4,6,10,12,13,17,19,22,23",3,7,2,3,14,5,13,13,1,0,1,1,1,1,0,0,0,0,104.89,6.47,8.74,0.54,219.22,82.21,16.86,6.32
ATL @ ATX,2024-04-07_13-00-00,ATL,ATX,10 Mia Griner,10,"1,3,4,6,10,12,15,17,19,22",5,5,3,2,25,10,24,19,6,1,0,1,4,4,0,2,0,0,236.82,80.39,11.84,4.02,213.12,107.43,11.22,5.65
ATL @ ATX,2024-04-07_13-00-00,ATL,ATX,18 Naomi Anderson,10,"1,3,6,10,12,13,15,19,22,23",4,6,3,3,12,6,8,9,3,0,0,4,1,1,0,2,0,0,68.47,11.40,9.78,1.63,97.62,28.98,10.85,3.22
ATL @ ATX,2024-04-07_13-00-00,ATL,ATX,75 Sarah Kingsley-Hart,9,"2,8,9,14,16,18,21,24,25",6,3,3,0,6,4,4,6,0,0,0,2,0,0,0,0,0,0,33.39,4.65,8.35,1.16,71.79,56.65,11.96,9.44
ATL @ ATX,2024-04-07_13-00-00,ATL,ATX,44 Jordan Harn,9,"1,3,4,10,12,13,15,17,23",4,5,2,1,15,5,15,15,0,0,0,0,3,2,1,0,0,0,190.14,5.13,14.63,0.39,145.65,19.15,9.71,1.28
ATL @ ATX,2024-04-07_13-00-00,ATL,ATX,45 Jennifer Lin,8,"5,7,8,9,14,21,24,25",5,3,4,0,8,5,7,8,0,0,0,1,0,0,0,0,0,0,53.86,19.63,7.69,2.80,81.55,54.02,10.19,6.75
ATL @ ATX,2024-04-07_13-00-00,ATL,ATX,55 Trystan Grzyll,8,"3,10,13,15,17,19,22,23",4,4,2,2,4,4,4,4,0,0,1,0,1,1,0,0,0,0,22.11,-2.29,7.37,-0.76,68.09,46.53,17.02,11.63
ATL @ ATX,2024-04-07_13-00-00,ATL,ATX,27 Therese Doebler,8,"1,4,12,15,17,19,22,23",4,4,2,1,10,5,10,10,0,0,0,0,1,1,0,1,0,0,123.04,12.95,13.67,1.44,163.99,18.61,16.40,1.86
ATL @ ATX,2024-04-07_13-00-00,ATL,ATX,19 Elle Mayer,6,"5,7,11,16,20,26,27",5,1,2,0,6,4,6,5,1,1,0,0,1,1,0,0,0,0,65.44,20.37,13.09,4.07,66.89,20.30,13.38,4.06
ATL @ ATX,2024-04-07_13-00-00,ATL,ATX,72 Annalise Paul,6,"3,4,12,13,19,23",2,4,2,2,7,5,7,7,0,0,1,0,0,0,0,2,0,0,60.77,32.51,8.68,4.64,72.49,11.26,10.36,1.61
ATL @ ATX,2024-04-07_13-00-00,ATX,ATL,03 Madi Cannon,11,"3,6,8,9,11,13,14,15,17,20,23",6,5,4,3,16,7,13,16,0,1,1,3,0,0,0,0,0,0,140.76,-8.23,10.83,-0.63,319.22,157.48,19.95,9.84
ATL @ ATX,2024-04-07_13-00-00,ATX,ATL,73 Clara Stewart,11,"3,6,8,9,10,11,14,15,17,20,23",6,5,5,3,30,9,30,29,1,2,2,0,0,0,0,0,0,0,587.82,197.67,19.59,6.59,319.23,-8.16,11.01,-0.28
ATL @ ATX,2024-04-07_13-00-00,ATX,ATL,81 Mckenzie Bailey,10,"3,6,8,9,11,14,15,17,20,23",5,5,4,3,11,6,11,11,0,0,0,0,0,0,0,0,0,0,173.74,21.85,15.79,1.99,201.34,37.36,18.30,3.40
ATL @ ATX,2024-04-07_13-00-00,ATX,ATL,71 Wren Vogel,10,"3,6,8,9,11,14,15,17,20,23",5,5,4,3,3,3,2,3,0,0,0,1,1,1,0,1,0,0,11.68,6.88,11.68,6.88,38.32,20.17,12.77,6.72
ATL @ ATX,2024-04-07_13-00-00,ATX,ATL,26 Amy Broome,10,"3,6,8,9,11,14,15,17,20,23",5,5,4,3,13,8,13,8,5,1,0,0,0,0,0,0,0,0,221.77,96.10,17.06,7.39,106.61,-14.03,13.33,-1.75
ATL @ ATX,2024-04-07_13-00-00,ATX,ATL,69 Jaime Estes,10,"1,4,10,13,16,19,22,23,25,26",7,3,5,2,16,9,14,14,2,2,0,2,1,1,0,1,0,0,153.17,35.07,11.78,2.70,230.08,126.25,16.43,9.02
ATL @ ATX,2024-04-07_13-00-00,ATX,ATL,31 Nikki Gilbert,10,"3,6,8,9,11,14,15,17,20,23",5,5,4,3,13,8,11,12,1,1,1,2,0,0,0,2,0,0,132.88,28.87,12.08,2.62,209.41,120.59,17.45,10.05
ATL @ ATX,2024-04-07_13-00-00,ATX,ATL,00 Maggie Rowell,9,"1,4,10,13,16,19,22,25,26",6,3,4,2,13,5,13,12,1,1,1,0,2,2,0,0,0,0,109.05,39.32,9.91,3.57,193.61,111.14,16.13,9.26
ATL @ ATX,2024-04-07_13-00-00,ATX,ATL,07 Shiru Liu,9,"1,4,10,13,16,19,22,25,26",6,3,4,2,27,6,27,21,6,0,0,0,4,4,0,0,0,0,330.63,112.63,14.38,4.90,232.45,24.82,11.07,1.18
ATL @ ATX,2024-04-07_13-00-00,ATX,ATL,42 Meg Duffy,9,"1,4,10,13,16,19,22,25,26",6,3,4,2,18,7,17,15,3,1,2,1,2,2,0,0,0,0,205.54,61.10,13.70,4.07,142.46,24.41,9.50,1.63
ATL @ ATX,2024-04-07_13-00-00,ATX,ATL,02 Elise Bjork,9,"1,4,10,13,16,19,22,25,26",6,3,4,2,23,7,23,18,5,2,2,0,2,2,0,1,0,0,293.54,104.67,13.98,4.98,211.62,1.69,11.76,0.09
ATL @ ATX,2024-04-07_13-00-00,ATX,ATL,88 Maddy Easton,9,"3,6,8,9,11,14,15,17,20",4,5,3,3,10,6,9,10,0,2,3,1,1,1,0,0,0,0,137.05,89.97,17.13,11.25,197.74,121.19,19.77,12.12
ATL @ ATX,2024-04-07_13-00-00,ATX,ATL,05 Dre Esparza,7,"2,5,7,12,18,21,24,27",0,7,0,2,24,7,24,20,4,1,0,0,1,1,0,0,0,0,327.24,60.63,14.87,2.76,203.82,-21.92,10.19,-1.10
ATL @ ATX,2024-04-07_13-00-00,ATX,ATL,19 Vanessa Bacorn,7,"2,5,7,12,18,21,24,27",0,7,0,2,7,3,6,7,0,0,0,1,2,0,2,1,0,0,59.91,-16.73,9.98,-2.79,165.17,104.67,23.60,14.95
ATL @ ATX,2024-04-07_13-00-00,ATX,ATL,22 Sydney Loughran,8,"1,4,10,16,19,22,25,26",5,3,4,2,10,6,7,9,1,0,0,3,0,0,0,1,0,0,74.78,12.54,10.68,1.79,140.50,48.36,15.61,5.37
ATL @ ATX,2024-04-07_13-00-00,ATX,ATL,15 Elise Franke,7,"2,5,7,12,18,21,24,27",0,7,0,2,9,6,9,9,0,0,0,0,1,1,0,0,0,0,76.48,-23.60,9.56,-2.95,185.49,120.38,20.61,13.38
ATL @ ATX,2024-04-07_13-00-00,ATX,ATL,10 Gaby Cuina,8,"1,4,13,16,19,22,25,26",5,3,3,2,4,3,4,4,0,0,0,0,0,0,0,2,0,0,38.61,5.33,9.65,1.33,72.14,28.80,18.04,7.20
ATL @ ATX,2024-04-07_13-00-00,ATX,ATL,12 Annie Ortiz,7,"2,5,7,12,18,21,24,27",0,7,0,2,12,8,12,10,2,0,1,0,0,0,0,1,0,0,161.66,16.86,13.47,1.41,135.58,1.28,13.56,0.13
ATL @ ATX,2024-04-07_13-00-00,ATX,ATL,16 Kinsey Neas,7,"2,5,7,12,18,21,24,27",0,7,0,2,14,8,13,14,0,0,0,1,3,3,0,0,0,0,113.57,-14.63,11.36,-1.46,233.59,126.52,16.68,9.04
ATL @ ATX,2024-04-07_13-00-00,ATX,ATL,27 Jocelyn Jessop,7,"2,5,7,12,18,21,24,27",0,7,0,2,13,8,13,12,1,0,0,0,0,0,0,1,0,0,220.71,99.34,16.98,7.64,189.33,-5.46,15.78,-0.46
ATL @ ATX,2024-04-07_13-00-00,ATX,ATL,95 Megan Mendieta,7,"2,5,7,12,18,21,24,27",0,7,0,2,25,7,25,21,4,1,1,0,1,1,0,1,0,0,437.89,229.03,19.04,9.96,280.78,29.13,13.37,1.39
DC @ RAL,2024-04-06_17-31-34,DC,RAL,07 Kami Groom,18,"2,3,4,5,6,8,9,11,13,14,15,17,18,20,21,22,23,24",2,16,1,10,19,11,16,18,1,1,2,4,2,2,0,2,0,0,190.65,78.64,13.62,5.62,286.05,134.11,15.89,7.45
DC @ RAL,2024-04-06_17-31-34,DC,RAL,21 Jess Oh,13,"2,4,5,6,9,11,13,15,17,18,22,24,25",1,12,0,6,13,6,13,11,2,0,1,0,1,1,0,0,0,0,158.22,86.43,13.19,7.2,135.12,10.16,12.28,0.92
DC @ RAL,2024-04-06_17-31-34,DC,RAL,01 Ashleigh Jentilet,11,"2,3,4,8,10,13,14,15,20,22,25",1,10,0,7,9,7,9,7,2,5,0,0,1,1,0,1,0,0,156.84,108.24,19.61,13.53,145.36,120.36,20.77,17.19
DC @ RAL,2024-04-06_17-31-34,DC,RAL,22 Erin McCann,11,"2,3,4,5,6,9,11,14,17,22,24",1,10,0,7,6,4,5,6,0,1,1,1,0,0,0,2,0,0,56.62,20.52,11.32,4.1,78.71,38.68,13.12,6.45
DC @ RAL,2024-04-06_17-31-34,DC,RAL,09 Annalise Peters,11,"2,4,5,6,9,11,13,15,16,20,24",1,10,0,5,18,8,17,10,8,0,1,1,5,5,0,1,0,0,192.84,104.51,16.07,8.71,136.28,23.44,13.63,2.34
DC @ RAL,2024-04-06_17-31-34,DC,RAL,66 Jackie Wang,11,"3,5,6,8,11,14,17,18,20,23,25",1,10,0,5,16,7,16,9,7,0,1,0,1,1,0,0,0,0,223.23,59.88,14.88,3.99,99.4,-13.07,11.04,-1.45
DC @ RAL,2024-04-06_17-31-34,DC,RAL,37 Claire Trop,10,"1,5,6,8,11,12,19,21,24,25",5,5,4,2,23,9,20,22,1,1,1,3,4,4,0,0,0,0,200.58,22.22,12.54,1.39,343.43,244.99,15.61,11.14
DC @ RAL,2024-04-06_17-31-34,DC,RAL,46 Graham Cunningham,10,"2,5,6,9,14,16,17,18,22,24",0,10,0,6,10,6,9,10,0,1,1,1,0,0,0,0,0,0,124.46,71.32,13.83,7.92,174.44,97.27,17.44,9.73
DC @ RAL,2024-04-06_17-31-34,DC,RAL,19 Allie Wallace,10,"1,7,9,10,11,12,17,18,21,25",6,4,4,1,13,6,11,13,0,1,0,2,0,0,0,0,0,0,172.45,69.63,15.68,6.33,183.51,104.24,14.12,8.02
DC @ RAL,2024-04-06_17-31-34,DC,RAL,04 Ellen Mueller,8,"3,4,9,14,16,17,20,23",0,8,0,6,7,3,6,7,0,1,1,1,0,0,0,0,0,0,86.38,37.19,14.4,6.2,127.58,100.52,18.23,14.36
DC @ RAL,2024-04-06_17-31-34,DC,RAL,23 Lisa Dang,7,"1,7,10,12,19,21,25",6,1,5,0,19,7,19,13,6,0,1,0,5,5,0,0,0,0,200.13,104.17,14.29,7.44,158.7,2.84,12.21,0.22
DC @ RAL,2024-04-06_17-31-34,DC,RAL,15 Florence Brooks,7,"3,8,13,15,16,22,23",0,7,0,6,6,4,4,5,1,1,0,2,1,0,1,1,0,0,56.27,19.57,14.07,4.89,96.94,84.53,19.39,16.91
DC @ RAL,2024-04-06_17-31-34,DC,RAL,12 Clare Frantz,6,"7,12,16,19,20,24",3,3,3,2,5,2,4,5,0,0,2,1,1,1,0,0,0,0,35.98,9.62,11.99,3.21,82.7,62.92,16.54,12.58
DC @ RAL,2024-04-06_17-31-34,DC,RAL,16 Margaret Walker,6,"1,7,10,12,19,21",6,0,5,0,17,4,17,13,4,0,0,0,2,2,0,1,0,0,214.69,127.07,14.31,8.47,149.79,23.91,11.52,1.84
DC @ RAL,2024-04-06_17-31-34,DC,RAL,24 Jamie Eriksson,6,"2,4,8,13,15,16",0,6,0,5,5,4,5,5,0,0,1,0,1,1,0,1,0,0,105.14,78.98,26.29,19.74,64.11,36.17,12.82,7.23
DC @ RAL,2024-04-06_17-31-34,DC,RAL,05 Marie Perivier,6,"1,7,10,19,23,25",4,2,3,1,8,5,8,7,1,1,0,0,1,1,0,2,0,0,126.55,56.49,18.08,8.07,126.31,69.77,18.04,9.97
DC @ RAL,2024-04-06_17-31-34,DC,RAL,36 Carolyn Normile,6,"1,7,10,12,19,21",6,0,5,0,16,6,16,8,8,1,1,0,2,2,0,0,0,0,175.24,70.65,13.48,5.43,114.39,51.82,14.3,6.48
DC @ RAL,2024-04-06_17-31-34,DC,RAL,08 Kathryn Ritzman,5,"1,10,12,19,21",5,0,4,0,5,2,5,5,0,0,0,0,2,1,1,0,0,0,53.81,18.49,13.45,4.62,75.32,30.07,15.06,6.01
DC @ RAL,2024-04-06_17-31-34,DC,RAL,00 Emma Jones,5,"3,8,14,16,23",0,5,0,5,6,5,6,6,0,0,0,0,0,0,0,1,0,0,87.77,22.69,14.63,3.78,89.21,-16.93,14.87,-2.82
DC @ RAL,2024-04-06_17-31-34,DC,RAL,13 Sami Smalling,4,"7,13,15,22",1,3,1,2,9,3,9,7,2,1,1,0,0,0,0,0,0,0,131.46,48.02,14.61,5.34,81.97,8.53,11.71,1.22
DC @ RAL,2024-04-06_17-30-00,RAL,DC,90 Qxhna Titcomb,8,"1,4,10,13,16,19,22,25",5,3,0,1,17,6,17,15,2,1,0,0,3,3,0,2,0,0,128.71,44.99,9.90,3.46,100.86,14.37,6.72,0.96
DC @ RAL,2024-04-06_17-30-00,RAL,DC,28 Claire Revere,8,"1,4,7,10,13,16,22,25",5,3,0,1,12,5,11,11,1,0,0,1,1,1,0,0,0,0,78.19,19.35,7.82,1.93,120.37,47.63,10.94,4.33
DC @ RAL,2024-04-06_17-30-00,RAL,DC,16 Tania Proksch,8,"1,4,10,13,16,19,22,25",5,3,0,1,2,2,2,2,0,0,0,0,2,0,2,1,0,0,11.44,1.71,5.72,0.85,31.84,15.77,15.92,7.89
DC @ RAL,2024-04-06_17-30-00,RAL,DC,01 Lindsay Soo,8,"3,6,9,12,15,18,21,24",6,2,3,0,10,4,9,9,1,1,0,1,1,1,0,2,0,0,78.52,41.96,9.82,5.24,119.07,95.65,13.23,10.63
DC @ RAL,2024-04-06_17-30-00,RAL,DC,18 Sarah McKee,7,"3,9,12,15,18,21,24",5,2,2,0,4,3,4,4,0,0,0,0,0,0,0,1,0,0,26.94,-17.09,6.74,-4.27,92.83,66.82,23.21,16.71
DC @ RAL,2024-04-06_17-30-00,RAL,DC,44 Chloe Greene,7,"2,5,11,14,17,20,23",6,1,1,0,32,7,32,27,5,0,0,0,3,3,0,0,0,0,285.04,56.02,10.56,2.07,218.95,13.42,8.11,0.50
DC @ RAL,2024-04-06_17-30-00,RAL,DC,25 Meg Manning,7,"1,4,7,13,16,19,25",4,3,0,0,4,3,4,4,0,0,0,0,0,0,0,0,0,0,35.55,9.71,8.89,2.43,35.18,15.70,8.79,3.92
DC @ RAL,2024-04-06_17-30-00,RAL,DC,02 Claire Bidigaire-Curtis,7,"2,5,8,11,17,20,23",6,1,1,0,15,5,15,14,1,0,1,0,2,1,1,3,0,0,146.80,47.40,10.49,3.39,151.54,61.69,10.82,4.41
DC @ RAL,2024-04-06_17-30-00,RAL,DC,11 Dawn Culton,7,"3,6,9,12,15,18,21",5,2,3,0,6,5,6,6,0,2,0,0,1,1,0,0,0,0,90.03,72.80,18.01,14.56,69.56,37.37,11.59,6.23
DC @ RAL,2024-04-06_17-30-00,RAL,DC,22 Julia Zwierzynski,7,"3,6,9,12,18,21,24",5,2,3,0,3,3,2,3,0,0,0,1,0,0,0,0,0,0,15.97,1.09,7.99,0.54,63.34,58.51,21.11,19.50
DC @ RAL,2024-04-06_17-30-00,RAL,DC,88 Maddie Pletzke,7,"5,8,11,14,17,20,23",6,1,1,0,1,1,1,1,0,0,0,0,1,1,0,0,0,0,0.00,0.00,0.00,0.00,22.31,22.30,22.31,22.30
DC @ RAL,2024-04-06_17-30-00,RAL,DC,13 Tyler Smith,7,"1,4,7,13,16,22,25",5,2,0,0,21,6,21,13,8,0,0,0,5,5,0,2,0,0,135.99,31.62,8.50,1.98,88.63,13.44,6.82,1.03
DC @ RAL,2024-04-06_17-30-00,RAL,DC,15 Justine Neville,7,"1,4,7,10,16,19,22",3,4,0,1,0,0,0,0,0,0,0,0,0,0,0,0,0,0,0.00,0.00,0.00,0.00,0.00,0.00,0.00,0.00
DC @ RAL,2024-04-06_17-30-00,RAL,DC,45 Caitlin Gross,7,"5,8,11,14,17,20,23",6,1,1,0,25,5,24,19,6,0,0,1,6,5,1,1,0,0,181.77,71.92,9.57,3.79,207.47,36.60,10.92,1.93
DC @ RAL,2024-04-06_17-30-00,RAL,DC,32 Annie Bocko,7,"2,8,11,14,17,20,23",6,1,1,0,13,6,13,7,6,0,0,0,2,1,1,0,0,0,138.52,49.81,11.54,4.15,51.76,-14.69,7.39,-2.10
DC @ RAL,2024-04-06_17-30-00,RAL,DC,06 Jenny Wei,7,"3,6,9,12,15,21,24",5,2,2,0,6,4,6,6,0,0,1,0,1,1,0,0,0,0,34.59,-15.00,6.92,-3.00,103.46,64.96,17.24,10.83
DC @ RAL,2024-04-06_17-30-00,RAL,DC,10 Paige Carver,6,"2,5,11,14,20,23",5,1,1,0,2,2,2,2,0,0,0,0,1,0,1,0,0,0,12.25,-0.62,6.12,-0.31,23.33,22.07,11.67,11.03
DC @ RAL,2024-04-06_17-30-00,RAL,DC,09 Jinny Riedel,6,"4,7,10,16,19,25",3,3,0,1,6,4,6,6,0,0,0,0,0,0,0,0,0,0,46.13,6.53,7.69,1.09,59.12,6.99,9.85,1.17
DC @ RAL,2024-04-06_17-30-00,RAL,DC,12 Katie Backus Meilstrup,6,"2,8,11,14,17,23",5,1,0,0,7,4,7,7,0,0,0,0,1,1,0,1,0,0,47.38,18.26,7.90,3.04,91.67,57.19,13.10,8.17
DC @ RAL,2024-04-06_17-30-00,RAL,DC,59 Audrey Lyman,6,"3,6,12,15,18,24",5,1,2,0,26,6,26,16,10,0,1,0,7,7,0,0,0,0,288.01,179.49,15.16,9.45,139.35,-6.22,8.71,-0.39
DC @ RAL,2024-04-06_17-30-00,RAL,DC,23 Nicole Patterson,6,"1,7,10,13,19,22",2,4,0,1,0,0,0,0,0,0,0,0,0,0,0,0,0,0,0.00,0.00,0.00,0.00,0.00,0.00,0.00,0.00
DC @ RAL,2024-04-06_17-30-00,RAL,DC,33 Erica Birdsong,6,"2,5,8,14,17,20",6,0,1,0,10,4,10,10,0,1,0,0,3,3,0,0,0,0,65.01,11.34,9.29,1.62,107.56,58.43,10.76,5.84
DC @ RAL,2024-04-06_17-30-00,RAL,DC,19 Sydney Kelley,6,"7,10,13,19,22,25",3,3,0,1,0,0,0,0,0,0,0,0,0,0,0,0,0,0,0.00,0.00,0.00,0.00,0.00,0.00,0.00,0.00
DC @ RAL,2024-04-06_17-30-00,RAL,DC,03 Grace Conerly,5,"6,9,15,18,21",4,1,3,0,8,5,7,3,5,0,1,1,2,1,1,0,0,0,76.38,35.51,12.73,5.92,42.80,17.87,14.27,5.96
DC @ RAL,2024-04-06_17-30-00,RAL,DC,17 Emily Przykucki,5,"3,9,12,21,24",3,2,1,0,9,4,9,9,0,0,0,0,3,2,1,1,0,0,96.03,38.77,13.72,5.54,72.63,-17.87,8.07,-1.99
DC @ RAL,2024-04-06_17-30-00,RAL,DC,14 Sarah Spall,4,"6,15,18,24",4,0,2,0,2,2,2,2,0,0,0,0,0,0,0,1,0,0,22.22,4.35,11.11,2.18,25.65,24.79,12.82,12.39
DC @ RAL,2024-04-06_17-30-00,RAL,DC,27 Mary Rippe,3,"2,5,8",3,0,0,0,6,2,6,6,0,0,0,0,1,0,1,1,0,0,59.53,19.04,9.92,3.17,61.70,16.16,10.28,2.69
"NASH @ INDY",2024-04-06_17-00-00,INDY,"NASH",17 Kristin Dudley,15,"1,3,6,9,12,13,15,16,17,18,21,22,24,27,28",10,5,9,4,21,11,19,13,8,0,0,2,1,1,0,0,0,0,235.04,98.55,13.83,5.80,157.20,43.21,12.09,3.32
"NASH @ INDY",2024-04-06_17-00-00,INDY,"NASH",11 Tracey Lo,12,"1,6,7,9,13,15,16,18,21,22,27,28",7,5,6,4,18,11,16,10,8,0,1,2,2,2,0,0,0,0,196.25,89.48,14.02,6.39,175.72,75.86,17.57,7.59
"NASH @ INDY",2024-04-06_17-00-00,INDY,"NASH",32 Shani Rosenthal,12,"1,3,7,9,13,15,16,17,18,22,24,27",8,4,8,3,15,11,12,15,0,3,1,3,2,2,0,0,0,0,195.61,114.88,19.56,11.49,240.16,164.80,16.01,10.99
"NASH @ INDY",2024-04-06_17-00-00,INDY,"NASH",66 Mya Hernandez,12,"1,3,7,9,13,15,16,17,18,22,24,27",8,4,8,3,12,8,11,12,0,1,1,1,2,1,1,1,0,0,126.10,54.25,12.61,5.43,172.96,107.15,14.41,8.93
"NASH @ INDY",2024-04-06_17-00-00,INDY,"NASH",40 Claire Milton,11,"3,6,9,12,15,17,19,21,22,24,28",8,3,7,2,13,9,12,13,0,4,4,1,0,0,0,0,0,0,255.58,194.26,21.30,16.19,211.81,158.83,16.29,12.22
"NASH @ INDY",2024-04-06_17-00-00,INDY,"NASH",02 Maketa Mattatore,11,"2,4,5,10,11,14,17,19,20,23,26",3,8,1,1,16,8,16,12,4,0,0,0,1,1,0,0,0,0,172.21,44.84,11.48,2.99,123.28,-33.05,10.27,-2.75
"NASH @ INDY",2024-04-06_17-00-00,INDY,"NASH",24 Abby Swensen,11,"1,6,7,12,13,16,18,21,22,27,28",6,5,5,4,11,9,6,11,0,3,0,5,0,0,0,1,0,0,101.40,95.30,20.28,19.06,260.71,209.03,23.70,19.00
"NASH @ INDY",2024-04-06_17-00-00,INDY,"NASH",14 Briana Burriss,11,"2,4,5,8,10,14,19,20,25,26,29",2,9,0,1,10,7,9,7,3,0,0,1,1,1,0,1,0,0,84.93,15.58,10.62,1.95,92.51,-8.47,13.22,-1.21
"NASH @ INDY",2024-04-06_17-00-00,INDY,"NASH",18 Laura Gerencser,11,"1,3,7,9,12,15,16,18,22,24,27",8,3,8,2,10,7,10,8,2,0,1,0,0,0,0,1,0,0,156.57,72.88,15.66,7.29,75.33,-33.93,9.42,-4.24
"NASH @ INDY",2024-04-06_17-00-00,INDY,"NASH",04 Rachel Mast,10,"1,6,7,12,13,16,18,21,27,28",6,4,5,3,16,10,16,15,1,2,2,0,2,1,1,1,0,0,183.07,69.22,13.08,4.94,218.45,135.33,14.56,9.02
"NASH @ INDY",2024-04-06_17-00-00,INDY,"NASH",34 Lauren Kitten,9,"3,6,7,12,13,17,21,24,28",7,2,6,2,13,10,13,9,4,0,1,0,3,2,1,1,0,0,124.11,52.70,11.28,4.79,94.76,-11.58,10.53,-1.29
"NASH @ INDY",2024-04-06_17-00-00,INDY,"NASH",29 Emily Schloneger,9,"3,6,9,12,15,17,21,24,28",8,1,7,1,6,5,6,6,0,1,2,0,0,0,0,0,0,0,99.51,85.75,16.58,14.29,95.28,74.44,15.88,12.41
"NASH @ INDY",2024-04-06_17-00-00,INDY,"NASH",21 Elizabeth Burkhardt,8,"4,8,10,14,19,25,26,29",1,7,0,1,3,3,3,1,2,0,0,0,1,1,0,0,0,0,20.19,-4.61,10.09,-2.30,8.85,-2.98,8.85,-2.98
"NASH @ INDY",2024-04-06_17-00-00,INDY,"NASH",06 Risa Umeno,8,"2,5,8,11,20,23,25,29",1,7,0,0,13,8,13,7,6,0,0,0,3,3,0,0,0,0,122.24,12.94,12.22,1.29,75.83,-6.71,10.83,-0.96
"NASH @ INDY",2024-04-06_17-00-00,INDY,"NASH",03 Mary Timmons,8,"2,5,8,11,20,23,25,29",1,7,0,0,3,3,3,3,0,0,0,0,0,0,0,0,0,0,21.26,-2.78,10.63,-1.39,36.25,30.14,12.08,10.05
"NASH @ INDY",2024-04-06_17-00-00,INDY,"NASH",42 Kelly Kerker,8,"2,5,8,11,20,23,25,29",1,7,0,0,1,1,1,1,0,0,0,0,0,0,0,0,0,0,10.32,1.35,10.32,1.35,12.42,11.18,12.42,11.18
"NASH @ INDY",2024-04-06_17-00-00,INDY,"NASH",33 Jalyn Baumgartner,8,"2,5,8,11,20,23,25,29",1,7,0,0,3,1,3,3,0,0,0,0,2,1,1,1,0,0,20.54,-1.29,10.27,-0.64,34.65,14.56,11.55,4.85
"NASH @ INDY",2024-04-06_17-00-00,INDY,"NASH",59 Maple Adkins-Threats,8,"4,8,10,14,19,25,26,29",1,7,0,1,3,3,3,2,1,0,1,0,1,1,0,1,0,0,42.01,23.30,21.01,11.65,21.05,13.14,10.53,6.57
"NASH @ INDY",2024-04-06_17-00-00,INDY,"NASH",16 Riely Kuznicki,7,"4,5,10,11,14,23,26",1,6,0,1,2,2,2,2,0,0,0,0,1,1,0,3,0,0,8.85,-2.98,8.85,-2.98,19.96,17.81,9.98,8.91
"NASH @ INDY",2024-04-06_17-00-00,INDY,"NASH",20 Shirley Saunders,7,"2,4,10,14,19,20,26",2,5,0,1,2,2,2,2,0,0,0,0,1,1,0,1,0,0,13.30,-5.89,13.30,-5.89,24.92,11.04,12.46,5.52
"NASH @ INDY",2024-04-06_17-00-00,INDY,"NASH",23 Lili Hobday,7,"4,10,11,14,19,23,26",1,6,0,1,8,4,8,7,1,1,0,0,2,2,0,1,0,0,61.64,22.89,10.27,3.82,102.62,59.74,14.66,8.53
"NASH @ INDY",2024-04-06_17-00-00,"NASH",INDY,27 Katharine Gilbert,15,"1,2,4,8,10,11,13,15,17,19,20,23,25,26,29",10,5,7,2,49,14,47,38,11,0,1,2,4,4,0,0,0,0,625.85,135.13,14.90,3.22,462.30,95.23,12.17,2.51
"NASH @ INDY",2024-04-06_17-00-00,"NASH",INDY,10 Tori Taylor,14,"2,4,8,10,11,13,15,17,19,20,23,25,26,29",10,4,7,2,28,13,26,27,1,2,3,2,5,5,0,4,0,0,254.06,68.82,12.10,3.28,426.46,223.25,15.79,8.27
"NASH @ INDY",2024-04-06_17-00-00,"NASH",INDY,22 Rebecca Henley,14,"2,4,8,10,11,13,15,17,19,20,23,25,26,29",10,4,7,2,9,6,8,9,0,0,1,1,1,1,0,2,0,0,69.72,-6.91,9.96,-0.99,131.70,104.04,14.63,11.56
"NASH @ INDY",2024-04-06_17-00-00,"NASH",INDY,45 Sylvia Brown,13,"1,5,6,9,12,13,14,16,17,18,24,27,28",5,8,3,1,24,6,23,22,2,1,2,1,2,2,0,0,0,0,294.40,80.20,14.02,3.82,237.91,34.88,10.81,1.59
"NASH @ INDY",2024-04-06_17-00-00,"NASH",INDY,24 Mia Letterie,13,"1,3,5,7,12,13,14,16,18,20,22,24,27",5,8,3,1,19,6,19,15,4,3,0,0,2,2,0,0,0,0,244.82,77.89,14.40,4.58,151.27,-49.38,10.08,-3.29
"NASH @ INDY",2024-04-06_17-00-00,"NASH",INDY,08 Grace Robinson,13,"2,4,8,10,11,13,15,19,20,23,25,26,29",10,3,7,2,23,10,22,22,1,0,2,1,3,3,0,1,0,0,264.70,73.69,13.93,3.88,326.04,98.96,14.82,4.50
"NASH @ INDY",2024-04-06_17-00-00,"NASH",INDY,28 Margie Quinn,13,"2,4,8,10,11,15,17,19,21,23,25,26,29",9,4,7,1,48,12,47,39,9,4,0,1,1,1,0,0,0,0,704.64,205.64,15.32,4.47,400.73,-66.24,10.28,-1.70
"NASH @ INDY",2024-04-06_17-00-00,"NASH",INDY,72 Grace Castro,13,"2,4,8,10,11,13,15,19,20,23,25,26,29",10,3,7,2,12,11,11,12,0,0,1,1,1,1,0,0,0,0,98.70,35.15,9.87,3.52,263.28,186.00,21.94,15.50
"NASH @ INDY",2024-04-06_17-00-00,"NASH",INDY,16 Emily Branson,12,"2,4,8,10,11,15,19,20,23,25,26,29",9,3,7,2,21,9,20,17,4,2,1,1,4,3,1,0,0,0,271.02,118.60,15.94,6.98,331.70,19.24,19.51,1.13
"NASH @ INDY",2024-04-06_17-00-00,"NASH",INDY,06 Micah Roberts,12,"1,3,5,7,12,14,16,17,18,21,24,27",3,9,3,0,3,3,2,3,0,0,0,1,1,1,0,0,0,0,9.58,5.49,9.58,5.49,59.93,50.39,19.98,16.80
"NASH @ INDY",2024-04-06_17-00-00,"NASH",INDY,21 Elena Rubino,10,"1,6,9,12,17,18,21,22,27,28",2,8,0,1,1,1,0,1,0,0,0,1,0,0,0,1,0,0,0.00,0.00,0.00,0.00,19.77,18.63,19.77,18.63
"NASH @ INDY",2024-04-06_17-00-00,"NASH",INDY,25 Nadine Rowen,8,"3,5,9,12,14,16,22,28",5,3,3,0,11,5,11,10,1,0,0,0,1,1,0,1,0,0,183.27,85.28,18.33,8.53,178.93,81.96,17.89,8.20
"NASH @ INDY",2024-04-06_17-00-00,"NASH",INDY,20 Noel Holmes,8,"1,3,6,7,14,16,22,28",4,4,2,1,12,4,12,10,2,0,1,0,1,1,0,0,0,0,124.55,40.64,11.32,3.69,121.06,37.52,12.11,3.75
"NASH @ INDY",2024-04-06_17-00-00,"NASH",INDY,82 Mary Turner,8,"1,5,7,14,16,22,24,27",4,4,3,0,3,2,3,2,1,0,0,0,0,0,0,1,0,0,27.16,14.36,9.05,4.79,19.59,13.82,9.80,6.91
"NASH @ INDY",2024-04-06_17-00-00,"NASH",INDY,09 Emma Patterson,8,"3,5,7,9,18,21,27,28",2,6,1,0,2,2,2,1,1,0,0,0,0,0,0,0,0,0,26.04,2.57,13.02,1.29,19.20,5.42,19.20,5.42
"NASH @ INDY",2024-04-06_17-00-00,"NASH",INDY,11 Jamie Ferrie,7,"3,6,9,18,21,22,27",1,6,0,1,4,3,4,3,1,0,0,0,0,0,0,1,0,0,30.68,-13.21,7.67,-3.30,45.27,31.43,15.09,10.48
"NASH @ INDY",2024-04-06_17-00-00,"NASH",INDY,12 Meaghan Creamer,6,"5,7,14,21,22,24",3,3,2,0,2,2,1,2,0,0,1,1,0,0,0,0,0,0,12.19,12.19,12.19,12.19,26.30,19.03,13.15,9.52
"NASH @ INDY",2024-04-06_17-00-00,"NASH",INDY,02 Sierra Rimmer,5,"6,9,12,21,24",0,5,0,1,8,3,8,6,2,1,0,0,1,1,0,0,0,0,85.42,27.03,12.20,3.86,64.15,-3.59,10.69,-0.60
"NASH @ INDY",2024-04-06_17-00-00,"NASH",INDY,71 Mattea Swegles,4,"6,12,16,28",2,2,1,1,1,1,1,1,0,0,0,0,0,0,0,0,0,0,9.76,-4.20,9.76,-4.20,58.60,51.00,58.60,51.00
"NASH @ INDY",2024-04-06_17-00-00,"NASH",INDY,19 Bethany Bailey,4,"6,9,18,28",1,3,0,1,1,1,1,1,0,0,0,0,0,0,0,0,0,0,17.77,-0.95,17.77,-0.95,10.11,5.83,10.11,5.83
"NASH @ INDY",2024-04-06_17-00-00,"NASH",INDY,23 Breanna Snipes,3,"3,7,24",0,3,0,0,0,0,0,0,0,0,0,0,0,0,0,0,0,0,0.00,0.00,0.00,0.00,0.00,0.00,0.00,0.00
MKE @ NY,2024-04-13_17-00-00,MKE,NY,52 Erynn Schroeder,22,"3,4,6,8,9,10,11,13,17,19,20,21,24,25,27,29,30,32,33,34,36,37,38",18,4,10,1,56,21,56,36,20,5,2,0,14,13,1,1,0,0,869.14,619.76,20.69,14.76,504.63,56.56,14.02,1.57
MKE @ NY,2024-04-13_17-00-00,MKE,NY,21 Annie Shriver,20,"3,4,6,9,10,11,13,19,20,21,24,25,27,29,30,32,33,34,36,37,38",17,3,9,0,18,11,16,16,2,2,0,2,4,3,1,1,0,0,225.45,82.43,17.34,6.34,258.22,171.43,16.14,10.71
MKE @ NY,2024-04-13_17-00-00,MKE,NY,12 Sydney French,19,"1,2,5,7,8,12,14,15,18,22,23,24,26,28,31,33,35,36,37",4,15,2,6,16,9,14,13,3,1,1,2,6,4,2,2,0,0,142.09,85.55,15.79,9.51,260.60,161.61,20.05,12.43
MKE @ NY,2024-04-13_17-00-00,MKE,NY,72 Jacqueline Jarik,18,"1,2,7,8,12,14,15,16,17,18,22,23,24,26,28,31,33,35",3,15,2,6,18,8,17,15,3,4,0,1,2,1,1,2,0,0,300.09,192.97,20.01,12.86,240.29,155.04,16.02,10.34
MKE @ NY,2024-04-13_17-00-00,MKE,NY,22 Alex Ballinger,17,"1,2,5,7,8,14,15,16,18,22,23,26,28,29,31,34,37",5,12,3,6,20,12,20,13,7,0,4,0,3,2,1,3,0,0,249.81,98.15,14.69,5.77,178.92,106.07,13.76,8.16
MKE @ NY,2024-04-13_17-00-00,MKE,NY,05 Rose Glinka,16,"3,6,10,11,13,17,19,20,21,25,27,29,30,32,33,34,38",15,1,9,0,18,11,17,13,5,1,2,1,2,2,0,1,0,0,208.91,131.94,14.92,9.42,219.91,71.93,16.92,5.53
MKE @ NY,2024-04-13_17-00-00,MKE,NY,17 Caitlin Duffner,17,"3,4,6,9,10,11,13,17,19,20,21,24,25,27,29,30,32",16,1,8,0,15,6,12,14,1,0,2,3,1,0,1,2,0,0,168.64,20.39,14.05,1.70,327.45,187.49,23.39,13.39
MKE @ NY,2024-04-13_17-00-00,MKE,NY,13 Erin Newman,15,"4,6,9,11,13,17,19,20,21,25,27,29,30,32,34,38",15,0,9,0,2,2,1,2,0,0,0,1,0,0,0,0,0,0,13.76,10.09,13.76,10.09,59.03,50.19,29.52,25.10
MKE @ NY,2024-04-13_17-00-00,MKE,NY,10 Chelsea Twohig,15,"2,5,7,8,14,15,18,23,24,28,30,33,35,36,37",4,11,2,4,8,5,7,5,3,1,0,1,0,0,0,1,0,0,130.90,114.47,18.70,16.35,113.89,100.52,22.78,20.10
MKE @ NY,2024-04-13_17-00-00,MKE,NY,32 Mickela Heilicher,15,"1,2,5,7,12,14,15,16,18,22,23,26,28,31,35",3,12,1,5,16,10,16,9,7,0,0,0,3,3,0,1,0,0,197.10,112.71,17.92,10.25,132.06,49.65,14.67,5.52
MKE @ NY,2024-04-13_17-00-00,MKE,NY,99 Dana Demmert,13,"1,5,8,12,15,16,18,22,26,31,33,35,36,38",3,10,1,4,2,2,1,1,1,0,0,1,0,0,0,2,0,0,13.22,9.28,13.22,9.28,17.21,16.53,17.21,16.53
MKE @ NY,2024-04-13_17-00-00,MKE,NY,08 Manhua Zhu,12,"3,6,9,11,17,19,20,25,27,30,32,34,38",12,0,7,0,17,11,17,12,5,2,0,0,1,1,0,0,0,0,266.41,107.56,17.76,7.17,163.27,59.06,13.61,4.92
MKE @ NY,2024-04-13_17-00-00,MKE,NY,97 Eileen Bequette,13,"1,5,8,12,14,16,22,24,28,31,35,36,37",4,9,2,3,3,3,1,3,0,1,0,2,0,0,0,0,0,0,17.21,16.53,17.21,16.53,120.98,118.40,40.33,39.47
MKE @ NY,2024-04-13_17-00-00,MKE,NY,27 Stef Bugasch,11,"4,10,17,19,20,21,25,27,29,32,34,38",11,0,7,0,7,5,6,6,1,0,1,1,1,1,0,0,0,0,72.47,-4.20,14.49,-0.84,98.77,56.42,16.46,9.40
MKE @ NY,2024-04-13_17-00-00,MKE,NY,07 Sydney Stelzer,11,"2,7,12,15,18,23,26,31,35,36,37",2,9,1,3,2,2,1,2,0,0,0,1,1,0,1,0,0,0,12.94,12.94,12.94,12.94,49.24,49.17,24.62,24.59
MKE @ NY,2024-04-13_17-00-00,MKE,NY,00 Donna Johnston,10,"1,2,7,12,14,16,22,23,26,28",1,9,1,4,9,5,9,9,0,0,1,0,3,1,2,0,0,0,87.31,2.17,10.91,0.27,108.95,22.69,12.11,2.52
MKE @ NY,2024-04-13_17-00-00,MKE,NY,19 Emily Cohen,8,"3,4,6,9,10,11,13,16",7,1,2,0,6,6,6,6,0,0,1,0,1,1,0,0,0,0,66.93,1.83,13.39,0.37,126.69,108.10,21.11,18.02
MKE @ NY,2024-04-13_17-00-00,MKE,NY,88 Claire Kelley,6,"3,4,9,10,13,21",6,0,1,0,3,3,2,3,0,0,0,1,1,1,0,0,0,0,11.42,-8.60,11.42,-8.60,73.72,65.09,24.57,21.70
MKE @ NY,2024-04-13_17-00-00,NY,MKE,33 Valeria Cardenas,27,"1,2,4,6,7,8,9,11,13,14,15,16,17,19,20,21,23,25,26,27,29,30,32,34,36,37,38",16,11,11,6,66,23,63,52,14,3,4,3,8,6,2,3,0,0,880.98,384.28,15.46,6.74,711.45,215.80,13.68,4.15
MKE @ NY,2024-04-13_17-00-00,NY,MKE,00 Genny De Jesus,22,"1,2,5,7,8,10,11,13,14,16,17,19,23,24,25,27,29,31,33,34,36,38",16,6,10,5,19,14,15,19,0,0,2,4,2,1,1,1,0,0,161.40,-10.18,11.53,-0.73,380.91,226.54,20.05,11.92
MKE @ NY,2024-04-13_17-00-00,NY,MKE,20 Yina Cartagena,21,"1,2,5,7,8,9,11,13,14,16,17,19,21,23,24,27,29,31,34,36,38",16,5,10,5,69,21,68,55,14,8,3,1,5,4,1,1,0,0,"1,013.93",622.11,16.35,10.03,770.14,118.49,14.00,2.15
MKE @ NY,2024-04-13_17-00-00,NY,MKE,96 Nina Finley,21,"3,4,6,8,10,12,14,15,18,20,22,24,28,30,31,32,33,34,35,37,39",3,18,1,8,24,14,24,15,9,2,1,1,4,3,1,1,0,0,373.34,170.67,17.78,8.13,211.20,16.10,14.08,1.07
MKE @ NY,2024-04-13_17-00-00,NY,MKE,24 Jolie Krebs,18,"2,4,6,14,15,20,21,22,25,26,28,30,31,32,34,35,37,39",3,15,3,7,28,12,27,22,6,3,1,1,2,2,0,2,0,0,380.68,226.92,15.23,9.08,269.06,19.63,12.23,0.89
MKE @ NY,2024-04-13_17-00-00,NY,MKE,23 Linnea Soo,17,"1,7,9,11,13,14,16,18,19,23,24,25,27,29,34,36,38",14,3,9,2,12,10,11,11,1,0,0,1,2,1,1,1,0,0,127.28,6.16,14.14,0.68,178.32,124.33,16.21,11.30
MKE @ NY,2024-04-13_17-00-00,NY,MKE,02 Jolene Zheng,16,"1,2,7,9,11,12,13,16,17,19,23,24,27,29,36,38",14,2,9,1,7,6,6,7,0,0,1,2,2,1,1,1,0,0,63.65,-17.92,15.91,-4.48,111.17,98.90,15.88,14.13
MKE @ NY,2024-04-13_17-00-00,NY,MKE,09 Cassandra Brown,15,"1,2,7,9,11,13,16,17,19,23,24,27,29,36,38",14,1,9,1,21,12,20,14,7,1,0,1,4,4,0,1,0,0,224.36,132.99,14.02,8.31,189.99,109.89,13.57,7.85
MKE @ NY,2024-04-13_17-00-00,NY,MKE,97 Hannah Glick,15,"1,7,9,11,13,14,16,17,19,23,25,26,27,36,38",12,3,8,2,7,5,7,7,0,1,1,0,0,0,0,0,0,0,99.71,-23.76,14.24,-3.39,107.08,73.18,15.30,10.45
MKE @ NY,2024-04-13_17-00-00,NY,MKE,11 Emma Berrigan,15,"2,3,5,9,10,12,18,22,24,28,31,33,34,35,39",4,11,3,5,3,3,2,2,1,0,0,1,0,0,0,1,0,0,23.92,-21.95,11.96,-10.97,33.23,30.55,16.61,15.28
MKE @ NY,2024-04-13_17-00-00,NY,MKE,88 Nikki Hair,13,"3,5,10,12,17,18,22,25,28,30,33,35,39",2,11,2,4,4,4,3,4,0,0,1,1,1,0,1,0,0,0,37.20,9.16,12.40,3.05,87.60,66.39,21.90,16.60
MKE @ NY,2024-04-13_17-00-00,NY,MKE,62 Casey Banta-Ryan,12,"3,4,6,8,15,20,21,25,26,29,32,37",3,9,2,5,4,4,3,4,0,0,1,1,0,0,0,0,0,0,37.43,7.42,12.48,2.47,65.60,55.97,16.40,13.99
MKE @ NY,2024-04-13_17-00-00,NY,MKE,31 Eli Presberg,11,"5,8,10,12,18,22,28,31,33,35,39",1,10,0,4,12,8,11,12,0,0,1,1,2,2,0,2,0,0,130.01,-12.08,14.45,-1.34,200.02,89.36,16.67,7.45
MKE @ NY,2024-04-13_17-00-00,NY,MKE,18 Kylie Sterling,11,"4,6,8,15,20,21,26,30,31,32,37",1,10,0,5,8,6,8,8,0,1,0,0,4,4,0,1,0,0,61.79,18.24,20.60,6.08,124.43,78.07,15.55,9.76
MKE @ NY,2024-04-13_17-00-00,NY,MKE,05 Emily Wang,10,"3,5,10,12,18,22,28,33,35,39",0,10,0,4,4,3,4,4,0,0,0,0,0,0,0,0,0,0,58.06,22.10,14.51,5.53,59.36,-23.05,14.84,-5.76
MKE @ NY,2024-04-13_17-00-00,NY,MKE,26 Mariabelen Restrepo,10,"3,4,6,15,20,21,26,30,32,37",0,10,0,5,10,6,9,7,3,0,0,1,1,1,0,1,0,0,82.08,2.92,11.73,0.42,129.05,94.10,18.44,13.44
MKE @ NY,2024-04-13_17-00-00,NY,MKE,65 Anna Lieberman,10,"3,5,10,12,18,22,28,33,35,39",0,10,0,4,3,3,3,3,0,1,0,0,1,1,0,0,0,0,30.85,23.37,15.43,11.68,45.53,27.39,15.18,9.13
MKE @ NY,2024-04-13_17-00-00,NY,MKE,44 Kayla Seeger,9,"4,6,15,20,21,26,30,32,37",0,9,0,4,5,3,3,5,0,0,0,2,1,0,1,0,0,0,47.75,20.52,15.92,6.84,125.77,91.97,25.15,18.39
MKE @ PHL,2024-04-14_16-45-00,MKE,PHL,72 Jacqueline Jarik,14,"2,3,4,6,8,9,10,11,12,13,15,17,19,20,21",10,4,3,0,9,6,8,9,0,0,0,1,4,3,1,1,0,0,51.11,20.66,12.78,5.16,138.33,69.63,15.37,7.74
MKE @ PHL,2024-04-14_16-45-00,MKE,PHL,99 Dana Demmert,12,"2,3,4,6,8,9,12,13,15,16,19,20",8,4,3,1,10,6,10,10,0,1,0,0,3,1,2,0,0,0,113.15,26.48,14.14,3.31,141.76,103.90,14.18,10.39
MKE @ PHL,2024-04-14_16-45-00,MKE,PHL,21 Annie Shriver,11,"1,3,5,7,10,11,14,15,17,18,19,21",10,1,1,0,11,9,11,8,3,0,0,0,3,3,0,2,0,0,112.02,40.10,16.00,5.73,101.24,33.60,12.66,4.20
MKE @ PHL,2024-04-14_16-45-00,MKE,PHL,52 Erynn Schroeder,11,"1,2,5,7,10,11,14,15,17,18,19,21",10,1,1,0,37,12,37,17,20,0,0,0,12,11,1,2,0,0,343.01,155.92,14.29,6.50,220.00,11.11,12.94,0.65
MKE @ PHL,2024-04-14_16-45-00,MKE,PHL,22 Alex Ballinger,11,"2,3,6,8,9,12,13,15,16,19,20",7,4,3,1,18,7,18,12,6,0,1,0,1,1,0,3,0,0,200.30,60.35,12.52,3.77,145.34,36.44,12.11,3.04
MKE @ PHL,2024-04-14_16-45-00,MKE,PHL,12 Sydney French,11,"2,3,4,6,8,9,12,13,16,19,20",7,4,3,1,14,4,13,11,3,0,0,1,5,5,0,0,0,0,89.34,55.95,17.87,11.19,159.31,84.80,14.48,7.71
MKE @ PHL,2024-04-14_16-45-00,MKE,PHL,10 Chelsea Twohig,10,"2,3,4,8,9,12,13,16,19,20",6,4,3,1,15,7,14,9,6,3,0,1,2,1,1,0,0,0,257.69,187.01,19.82,14.39,140.15,38.07,15.57,4.23
MKE @ PHL,2024-04-14_16-45-00,MKE,PHL,17 Caitlin Duffner,9,"1,2,5,7,10,11,14,15,17",8,1,0,0,6,5,6,6,0,0,0,0,2,0,2,1,0,0,82.83,18.49,13.80,3.08,97.63,33.73,16.27,5.62
MKE @ PHL,2024-04-14_16-45-00,MKE,PHL,97 Eileen Bequette,8,"4,6,8,9,12,13,16,20",4,4,2,1,5,4,4,4,1,0,1,1,3,2,1,1,0,0,27.16,-10.91,13.58,-5.45,128.88,126.86,32.22,31.72
MKE @ PHL,2024-04-14_16-45-00,MKE,PHL,05 Rose Glinka,7,"1,5,7,10,11,14,18,21",7,0,0,0,9,5,9,8,1,0,0,0,3,1,2,0,0,0,105.93,35.22,13.24,4.40,105.13,30.75,13.14,3.84
MKE @ PHL,2024-04-14_16-45-00,MKE,PHL,08 Manhua Zhu,6,"1,5,10,11,15,17,21",5,1,0,0,14,6,14,9,5,0,0,0,5,5,0,0,0,0,91.98,30.34,13.14,4.33,121.63,38.27,13.51,4.25
MKE @ PHL,2024-04-14_16-45-00,MKE,PHL,32 Mickela Heilicher,6,"4,6,8,9,12,16",4,2,2,1,14,5,14,5,9,0,2,0,3,2,1,0,0,0,161.54,119.41,14.69,10.86,48.33,21.34,9.67,4.27
MKE @ PHL,2024-04-14_16-45-00,MKE,PHL,13 Erin Newman,6,"1,3,7,10,14,18",6,0,0,0,2,1,2,2,0,0,0,0,0,0,0,0,0,0,19.72,-12.26,19.72,-12.26,23.30,18.56,11.65,9.28
MKE @ PHL,2024-04-14_16-45-00,MKE,PHL,07 Sydney Stelzer,6,"5,7,11,14,17,18",5,1,0,0,1,1,1,1,0,0,0,0,3,0,3,0,0,0,15.72,-9.75,15.72,-9.75,22.91,5.01,22.91,5.01
MKE @ PHL,2024-04-14_16-45-00,MKE,PHL,00 Donna Johnston,5,"4,6,13,16,20",2,3,0,1,3,3,3,3,0,0,0,0,2,1,1,0,0,0,19.68,9.48,9.84,4.74,42.25,5.15,14.08,1.72
MKE @ PHL,2024-04-14_16-45-00,MKE,PHL,88 Claire Kelley,4,"1,5,14,18,21",4,0,0,0,4,4,4,4,0,0,0,0,1,1,0,0,0,0,42.96,2.71,14.32,0.90,71.86,44.84,17.96,11.21
MKE @ PHL,2024-04-14_16-45-00,MKE,PHL,27 Stef Bugasch,3,"7,17,18,21",2,1,0,0,4,4,4,3,1,0,0,0,0,0,0,1,0,0,33.12,-2.91,11.04,-0.97,59.21,24.25,19.74,8.08
MKE @ PHL,2024-04-14_16-45-00,PHL,MKE,11 Sara Liang,14,"1,3,4,6,8,9,11,12,14,16,17,20,22,24",1,13,1,8,24,9,24,9,15,2,0,0,3,2,1,4,0,0,237.74,134.21,11.89,6.71,79.64,20.83,8.85,2.31
MKE @ PHL,2024-04-14_16-45-00,PHL,MKE,08 Emma Soiles,13,"1,3,6,8,9,11,12,14,17,18,20,22,24",1,12,1,7,13,9,9,13,0,1,1,4,3,2,1,1,0,0,74.74,41.03,12.46,6.84,164.91,128.27,12.69,9.87
MKE @ PHL,2024-04-14_16-45-00,PHL,MKE,04 Raha Mozaffari,12,"1,3,6,7,9,11,12,13,16,20,21,22",1,11,1,8,33,11,33,14,19,3,3,0,5,5,0,3,0,0,339.24,169.42,14.75,7.37,113.92,-34.15,8.14,-2.44
MKE @ PHL,2024-04-14_16-45-00,PHL,MKE,18 Sumi Onoe,11,"1,3,6,8,9,11,12,16,18,20,24",1,10,1,7,8,6,6,8,0,0,0,2,3,0,3,0,0,0,51.86,5.00,8.64,0.83,138.17,89.24,17.27,11.16
MKE @ PHL,2024-04-14_16-45-00,PHL,MKE,15 Layne Dodge,10,"1,4,6,8,11,12,14,17,20,22",1,9,1,5,5,5,4,5,0,0,1,1,0,0,0,1,0,0,55.71,28.33,13.93,7.08,68.63,35.08,13.73,7.02
MKE @ PHL,2024-04-14_16-45-00,PHL,MKE,21 Linda Morse,10,"1,3,6,8,11,12,14,17,20,24",1,9,1,7,11,8,10,11,0,4,0,1,4,1,3,0,0,0,135.29,89.81,16.91,11.23,196.82,159.35,17.89,14.49
MKE @ PHL,2024-04-14_16-45-00,PHL,MKE,00 Emilie Mohler,10,"2,4,6,8,12,14,16,18,21,24",0,10,0,7,6,4,5,5,1,0,1,1,1,1,0,1,0,0,46.68,35.33,11.67,8.83,46.07,15.07,9.21,3.01
MKE @ PHL,2024-04-14_16-45-00,PHL,MKE,22 Liz Hart,8,"2,4,5,10,15,18,19,23",5,3,4,1,7,5,7,7,0,0,0,0,2,1,1,0,0,0,48.83,29.39,8.14,4.90,79.93,60.98,11.42,8.71
MKE @ PHL,2024-04-14_16-45-00,PHL,MKE,05 Lindsay McKenna,8,"1,7,11,13,16,17,21,24",0,8,0,7,4,3,3,3,1,1,1,1,1,0,1,3,0,0,55.41,37.21,18.47,12.40,73.26,70.48,24.42,23.49
MKE @ PHL,2024-04-14_16-45-00,PHL,MKE,24 Casey Gorman,7,"4,7,9,13,16,18,21",0,7,0,4,3,2,2,2,1,0,0,1,1,0,1,3,0,0,19.42,15.88,9.71,7.94,27.54,21.70,13.77,10.85
MKE @ PHL,2024-04-14_16-45-00,PHL,MKE,36 Adilina Malave,6,"4,7,13,17,20,22",1,5,1,3,4,4,4,4,0,0,0,0,4,3,1,0,0,0,7.23,-5.50,7.23,-5.50,42.40,3.94,10.60,0.98
MKE @ PHL,2024-04-14_16-45-00,PHL,MKE,20 Danielle Walsh,6,"2,5,10,15,19,23",5,1,4,1,40,6,40,33,7,1,0,0,6,4,2,1,0,0,267.77,86.49,7.44,2.40,220.99,49.03,6.70,1.49
MKE @ PHL,2024-04-14_16-45-00,PHL,MKE,23 Natalie Bova,6,"2,5,10,15,19,23",5,1,4,1,28,5,28,26,2,1,1,0,1,1,0,1,0,0,193.95,73.42,7.76,2.94,189.81,30.64,7.30,1.18
MKE @ PHL,2024-04-14_16-45-00,PHL,MKE,10 Andrea DeSabato,6,"2,5,10,15,19,23",5,1,4,1,33,5,33,28,5,1,1,0,1,1,0,0,0,0,217.05,52.91,6.78,1.65,161.81,42.46,5.78,1.52
MKE @ PHL,2024-04-14_16-45-00,PHL,MKE,13 Kat Harper,6,"3,7,9,13,17,21",0,6,0,5,6,4,4,5,1,1,1,2,0,0,0,2,0,0,46.68,25.77,11.67,6.44,86.01,56.60,17.20,11.32
MKE @ PHL,2024-04-14_16-45-00,PHL,MKE,33 Jana Graham,6,"3,7,13,18,21,24",0,6,0,5,1,1,1,1,0,0,0,0,2,1,1,0,0,0,0.00,0.00,0.00,0.00,13.22,12.13,13.22,12.13
MKE @ PHL,2024-04-14_16-45-00,PHL,MKE,01 Emily Shields,5,"2,5,10,19,23",4,1,3,1,10,5,9,9,1,1,0,1,1,0,1,2,0,0,109.45,87.43,15.64,12.49,124.93,88.68,13.88,9.85
MKE @ PHL,2024-04-14_16-45-00,PHL,MKE,16 Grace Maroon,5,"2,5,10,15,23",4,1,4,1,8,3,6,8,0,0,2,2,0,0,0,0,0,0,39.40,17.51,6.57,2.92,88.88,65.92,11.11,8.24
MKE @ PHL,2024-04-14_16-45-00,PHL,MKE,17 Allie Milligan,4,"7,14,18,21",0,4,0,2,2,2,2,0,2,0,0,0,2,2,0,0,0,0,0.00,0.00,0.00,0.00,0.00,0.00,0.00,0.00
MKE @ PHL,2024-04-14_16-45-00,PHL,MKE,09 Sarah Hirannet,4,"9,15,19,23",3,1,2,0,5,3,4,5,0,0,1,1,0,0,0,0,0,0,36.77,23.14,9.19,5.78,57.55,40.65,11.51,8.13
MKE @ PHL,2024-04-14_16-45-00,PHL,MKE,66 Jess Brand,4,"4,13,16,22",0,4,0,2,0,0,0,0,0,0,0,0,0,0,0,1,0,0,0.00,0.00,0.00,0.00,0.00,0.00,0.00,0.00
MKE @ PHL,2024-04-14_16-45-00,PHL,MKE,03 Rachel Alfano,4,"5,10,15,19",4,0,3,0,7,2,7,7,0,1,0,0,0,0,0,0,0,0,45.23,20.39,6.46,2.91,43.48,1.19,6.21,0.17
MKE @ PHL,2024-04-14_16-45-00,PHL,MKE,25 Sabrina Bonaci,3,"8,14,22",0,3,0,1,1,1,1,1,0,0,0,0,1,0,1,0,0,0,0.00,0.00,0.00,0.00,10.48,9.07,10.48,9.07
"NASH @ DC",2024-04-14_10-03-45,DC,"NASH",37 Claire Trop,11,"1,4,7,8,9,12,16,19,23,26,29",3,8,3,6,16,11,14,14,2,1,3,2,2,0,2,2,0,0,204.11,54.66,15.7,4.2,195.14,137.43,13.94,9.82
"NASH @ DC",2024-04-14_10-03-45,DC,"NASH",36 Carolyn Normile,11,"2,5,8,9,12,15,18,21,24,27,30",2,9,2,5,15,8,15,11,4,0,1,0,1,1,0,1,0,0,157.87,15.04,12.14,1.16,140.82,49.24,12.8,4.48
"NASH @ DC",2024-04-14_10-03-45,DC,"NASH",26 Jessica Sourbeer,11,"2,5,8,9,12,15,18,21,24,27,30",2,9,2,5,16,7,16,12,4,2,3,0,1,1,0,2,0,0,227.8,136.82,15.19,9.12,134.77,-11.85,11.23,-0.99
"NASH @ DC",2024-04-14_10-03-45,DC,"NASH",09 Annalise Peters,11,"2,5,8,9,12,15,18,21,24,27,30",2,9,2,5,15,7,15,11,4,3,2,0,2,2,0,1,0,0,249.62,197.98,19.2,15.23,144.84,53.1,13.17,4.83
"NASH @ DC",2024-04-14_10-03-45,DC,"NASH",07 Kami Groom,9,"6,10,13,16,19,22,25,27,28,31",1,8,1,7,12,8,10,12,0,0,1,2,1,1,0,1,0,0,128.28,39.42,14.25,4.38,208.88,162.49,17.41,13.54
"NASH @ DC",2024-04-14_10-03-45,DC,"NASH",13 Sami Smalling,9,"3,6,10,13,16,19,22,25,28,31",2,7,2,6,17,8,17,14,3,1,3,0,0,0,0,1,0,0,221.66,130.32,13.85,8.14,163.86,36.91,11.7,2.64
"NASH @ DC",2024-04-14_10-03-45,DC,"NASH",01 Ashleigh Jentilet,10,"2,5,8,9,15,18,21,24,27,30",1,9,1,5,10,6,7,9,1,0,0,3,3,3,0,1,0,0,44.1,-1.69,11.02,-0.42,143.97,100.11,16,11.12
"NASH @ DC",2024-04-14_10-03-45,DC,"NASH",05 Marie Perivier,10,"1,4,7,11,14,17,20,23,26,29",2,8,2,6,7,6,5,7,0,2,0,2,2,0,2,1,0,0,65.65,42.74,13.13,8.55,105.03,74.1,15,10.59
"NASH @ DC",2024-04-14_10-03-45,DC,"NASH",16 Margaret Walker,10,"1,4,7,11,14,17,20,23,26,29",2,8,2,6,17,9,17,10,7,3,1,0,3,2,1,0,0,0,240.84,160.39,16.06,10.69,119.76,21.95,11.98,2.19
"NASH @ DC",2024-04-14_10-03-45,DC,"NASH",24 Jamie Eriksson,10,"2,5,8,9,15,18,21,24,27,30",1,9,1,5,7,4,7,5,2,2,0,0,0,0,0,2,0,0,103.43,54.8,14.78,7.83,103.18,65.09,20.64,13.02
"NASH @ DC",2024-04-14_10-03-45,DC,"NASH",66 Jackie Wang,8,"3,6,10,13,16,19,22,28,31",1,7,1,6,22,8,21,13,9,2,1,1,1,1,0,2,0,0,305.33,160.8,15.27,8.04,171.86,25.6,13.22,1.97
"NASH @ DC",2024-04-14_10-03-45,DC,"NASH",22 Erin McCann,9,"2,5,8,9,12,15,18,21,30",2,7,2,4,2,2,2,2,0,0,1,0,0,0,0,0,0,0,7.38,5.15,7.38,5.15,31.13,20.39,15.56,10.19
"NASH @ DC",2024-04-14_10-03-45,DC,"NASH",23 Lisa Dang,9,"1,4,11,14,17,20,23,26,29",2,7,2,6,22,9,22,15,7,0,1,0,0,0,0,1,0,0,229.89,116.3,12.77,6.46,202.87,-0.54,13.52,-0.04
"NASH @ DC",2024-04-14_10-03-45,DC,"NASH",00 Emma Jones,8,"6,10,13,16,19,22,25,28,31",1,7,1,6,3,2,3,3,0,1,0,0,0,0,0,0,0,0,44.39,31.02,14.8,10.34,58.55,29.6,19.52,9.87
"NASH @ DC",2024-04-14_10-03-45,DC,"NASH",04 Ellen Mueller,8,"3,6,10,13,19,22,25,28,31",2,6,2,5,4,4,4,4,0,1,0,0,0,0,0,0,0,0,56.27,26.69,14.07,6.67,72.36,56.49,18.09,14.12
"NASH @ DC",2024-04-14_10-03-45,DC,"NASH",06 Laureen Johnson,9,"2,5,12,15,18,21,24,27,30",2,7,2,4,5,4,2,5,0,0,0,3,0,0,0,1,0,0,22.32,-1.42,11.16,-0.71,100.07,81.82,20.01,16.36
"NASH @ DC",2024-04-14_10-03-45,DC,"NASH",42 Lisi Lohre,7,"3,6,10,13,19,22,25,31",2,5,2,5,8,6,7,8,0,1,1,1,3,2,1,0,0,0,85.96,65.09,17.19,13.02,124.19,87.17,15.52,10.9
"NASH @ DC",2024-04-14_10-03-45,DC,"NASH",08 Kathryn Ritzman,7,"1,11,14,17,20,26,29",2,5,2,4,8,6,7,8,0,1,2,1,1,0,1,0,0,0,115.88,71.93,16.55,10.28,135.91,86.7,16.99,10.84
"NASH @ DC",2024-04-14_10-03-45,DC,"NASH",19 Allie Wallace,7,"1,4,11,14,17,20,26",1,6,1,5,7,6,5,6,1,1,0,2,0,0,0,0,0,0,93.39,27.16,18.68,5.43,96.73,75.79,16.12,12.63
"NASH @ DC",2024-04-14_10-03-45,DC,"NASH",21 Jess Oh,7,"7,11,14,17,20,23,26",0,7,0,5,8,5,6,7,1,1,2,2,2,1,1,0,0,0,57.31,29.06,11.46,5.81,127.52,88.93,18.22,12.7
"NASH @ DC",2024-04-14_10-03-45,DC,"NASH",12 Clare Frantz,7,"1,4,11,14,17,23,29",2,5,2,4,3,2,3,3,0,0,0,0,0,0,0,0,0,0,33.07,-10.16,11.02,-3.39,51.14,39.69,17.05,13.23
"NASH @ DC",2024-04-14_10-03-45,DC,"NASH",15 Florence Brooks,5,"3,6,10,13,25",2,3,2,3,6,4,3,6,0,1,0,3,0,0,0,1,0,0,41.08,24.93,13.69,8.31,79.36,62.92,13.23,10.49
"NASH @ DC",2024-04-14_10-03-45,DC,"NASH",07 Kami Groom,2,"3,25",2,0,2,0,4,1,3,4,0,0,0,1,0,0,0,0,0,0,35.51,-2.3,11.84,-0.77,59.17,31.56,14.79,7.89
"NASH @ DC",2024-04-13_19-00-00,"NASH",DC,10 Tori Taylor,16,"2,3,4,6,8,10,11,12,15,17,19,21,24,25,27,29",13,3,3,0,21,9,20,20,1,2,0,1,4,3,1,3,0,0,229.16,83.11,13.48,4.89,258.96,113.72,12.95,5.69
"NASH @ DC",2024-04-13_19-00-00,"NASH",DC,27 Katharine Gilbert,16,"2,3,4,6,8,10,11,12,15,17,19,21,24,25,27,29",13,3,3,0,49,15,49,36,13,1,1,0,5,5,0,0,0,0,553.38,160.26,13.83,4.01,407.12,79.45,11.31,2.21
"NASH @ DC",2024-04-13_19-00-00,"NASH",DC,08 Grace Robinson,16,"2,3,4,6,8,10,11,12,15,17,19,21,24,25,27,29",13,3,3,0,30,11,29,27,3,0,1,1,6,4,2,0,0,0,347.14,96.66,13.89,3.87,337.54,16.80,12.50,0.62
"NASH @ DC",2024-04-13_19-00-00,"NASH",DC,72 Grace Castro,16,"2,3,4,6,8,10,11,12,15,17,19,21,24,25,27,29",13,3,3,0,13,6,13,13,0,0,0,0,2,2,0,0,0,0,129.97,-3.52,11.82,-0.32,175.05,48.36,13.47,3.72
"NASH @ DC",2024-04-13_19-00-00,"NASH",DC,22 Rebecca Henley,16,"2,3,4,6,8,10,11,12,15,17,19,21,24,25,27,29",13,3,3,0,12,7,11,11,1,0,0,1,0,0,0,1,0,0,98.78,31.43,8.98,2.86,178.46,115.96,16.22,10.54
"NASH @ DC",2024-04-13_19-00-00,"NASH",DC,45 Sylvia Brown,13,"1,5,7,9,13,14,16,18,19,22,23,26,28,30",10,3,2,0,35,13,34,29,6,0,1,1,5,5,0,0,0,0,360.49,106.95,12.87,3.82,315.24,33.39,10.87,1.15
"NASH @ DC",2024-04-13_19-00-00,"NASH",DC,24 Mia Letterie,13,"1,5,7,9,13,14,16,17,20,22,23,26,28,30",10,3,2,0,30,13,30,18,12,0,0,0,3,3,0,1,0,0,320.53,153.62,12.33,5.91,195.87,-25.33,10.88,-1.41
"NASH @ DC",2024-04-13_19-00-00,"NASH",DC,82 Mary Turner,13,"1,5,7,10,11,12,15,17,19,22,23,27,29",11,2,4,0,10,5,10,8,2,0,1,0,2,2,0,2,0,0,84.64,9.96,10.58,1.24,119.86,49.85,14.98,6.23
"NASH @ DC",2024-04-13_19-00-00,"NASH",DC,17 Rachel Barr,12,"1,5,7,9,13,14,16,18,22,23,26,28",9,3,2,0,6,5,6,6,0,0,0,0,1,1,0,0,0,0,43.86,-29.94,8.77,-5.99,89.69,61.71,14.95,10.28
"NASH @ DC",2024-04-13_19-00-00,"NASH",DC,71 Mattea Swegles,11,"1,5,9,13,14,16,18,20,22,23,26,30",9,2,1,0,5,4,5,5,0,0,0,0,1,0,1,0,0,0,49.07,-1.42,9.81,-0.28,54.22,37.46,10.84,7.49
"NASH @ DC",2024-04-13_19-00-00,"NASH",DC,20 Noel Holmes,11,"1,5,9,13,16,18,20,22,23,26,28,30",9,2,1,0,11,6,11,9,2,0,1,0,2,2,0,0,0,0,149.47,77.15,16.61,8.57,126.87,-4.88,14.10,-0.54
"NASH @ DC",2024-04-13_19-00-00,"NASH",DC,21 Elena Rubino,11,"1,5,7,9,13,14,16,18,22,23,28,30",8,3,2,0,5,5,5,5,0,2,0,0,1,1,0,1,0,0,66.82,35.56,16.71,8.89,101.16,76.20,20.23,15.24
"NASH @ DC",2024-04-13_19-00-00,"NASH",DC,77 Melissa Gronske,10,"2,3,4,6,8,20,21,24,25,28",7,3,1,0,5,3,5,5,0,0,0,0,1,1,0,1,0,0,49.16,23.84,12.29,5.96,66.61,33.60,13.32,6.72
"NASH @ DC",2024-04-13_19-00-00,"NASH",DC,04 Ashley West,8,"7,14,18,20,21,24,25,27,30",6,2,2,0,6,5,6,4,2,0,0,0,2,1,1,0,0,0,53.32,-2.37,10.66,-0.47,48.46,19.85,12.11,4.96
"NASH @ DC",2024-04-13_19-00-00,"NASH",DC,16 Emily Branson,9,"2,3,4,6,8,10,11,12,15",7,2,2,0,11,8,11,8,3,0,0,0,4,3,1,0,0,0,100.79,36.85,12.60,4.61,110.35,27.16,13.79,3.40
"NASH @ DC",2024-04-13_19-00-00,"NASH",DC,07 Mary Cowart,7,"7,9,14,18,20,26,28,30",5,2,1,0,5,3,4,5,0,0,0,1,0,0,0,0,0,0,37.12,8.60,9.28,2.15,73.40,47.28,14.68,9.46
"NASH @ DC",2024-04-13_19-00-00,"NASH",DC,23 Breanna Snipes,5,"13,16,20,26,29",5,0,0,0,3,2,3,3,0,0,0,0,1,1,0,1,0,0,29.85,-22.69,14.92,-11.35,44.68,33.46,14.89,11.15
RAL @ ATL,2024-04-13_19-00-00,ATL,RAL,42 Martha Wilber,16,"2,5,7,10,12,14,16,18,19,20,24,25,27,28,29,31,33",11,5,4,3,35,14,32,29,6,3,1,3,4,4,0,2,0,0,395.17,171.91,14.11,6.14,360.02,195.72,12.41,6.75
RAL @ ATL,2024-04-13_19-00-00,ATL,RAL,10 Mia Griner,16,"1,4,6,8,10,11,13,15,17,19,20,21,23,26,28,30",9,7,5,2,16,9,14,12,4,1,1,2,1,1,0,0,0,0,175.92,29.11,13.53,2.24,136.00,51.19,11.33,4.27
RAL @ ATL,2024-04-13_19-00-00,ATL,RAL,29 Charlotte Doran,13,"2,3,5,7,12,14,16,20,22,24,25,28,29,33",8,5,2,3,34,12,34,26,8,1,0,0,2,2,0,3,0,0,418.76,193.83,13.09,6.06,317.56,-0.20,12.21,-0.01
RAL @ ATL,2024-04-13_19-00-00,ATL,RAL,08 Dani Ortiz,13,"2,3,5,7,12,14,16,18,22,24,25,27,29,33",10,3,3,1,22,10,22,19,3,2,0,0,2,2,0,0,0,0,206.63,61.17,10.88,3.22,172.97,6.47,9.10,0.34
RAL @ ATL,2024-04-13_19-00-00,ATL,RAL,51 Lilli Popovich,13,"2,5,7,10,12,16,19,20,21,24,25,28,29,33",7,6,3,3,9,7,7,9,0,1,0,2,2,0,2,0,0,0,90.33,43.57,12.90,6.22,159.71,106.42,17.75,11.82
RAL @ ATL,2024-04-13_19-00-00,ATL,RAL,54 Liv Ford,12,"1,6,8,11,13,17,19,20,21,26,28,32,33",6,6,3,2,10,5,10,6,4,1,0,0,0,0,0,0,1,0,148.95,88.96,18.62,11.12,74.95,26.57,12.49,4.43
RAL @ ATL,2024-04-13_19-00-00,ATL,RAL,03 Alex Krueger,13,"2,3,7,10,12,14,15,18,22,24,27,29,31",12,1,5,0,17,11,17,17,0,0,1,0,4,4,0,0,0,0,184.08,11.06,14.16,0.85,218.34,74.93,12.84,4.41
RAL @ ATL,2024-04-13_19-00-00,ATL,RAL,26 Morgan Lally,13,"1,6,8,10,11,13,15,19,20,23,25,26,32",7,6,5,2,12,7,12,12,0,0,3,0,1,1,0,0,0,0,118.73,15.11,10.79,1.37,120.76,49.57,10.06,4.13
RAL @ ATL,2024-04-13_19-00-00,ATL,RAL,05 Megan Jarriel,12,"2,3,5,7,10,12,16,18,22,27,28,31",9,3,3,1,11,6,11,11,0,0,1,0,1,0,1,0,0,0,114.13,6.00,10.38,0.55,110.77,71.42,10.07,6.49
RAL @ ATL,2024-04-13_19-00-00,ATL,RAL,12 Emma Jaschke,11,"1,3,11,12,16,18,22,24,27,29,31,33",8,3,3,0,6,3,6,6,0,0,1,0,1,0,1,1,0,0,41.30,3.84,6.88,0.64,79.77,52.20,13.30,8.70
RAL @ ATL,2024-04-13_19-00-00,ATL,RAL,31 María Vargas,12,"1,4,6,8,9,11,13,15,20,21,25,32",6,6,3,2,23,10,23,15,8,2,0,0,2,2,0,2,0,0,237.80,88.55,11.32,4.22,168.35,69.47,11.22,4.63
RAL @ ATL,2024-04-13_19-00-00,ATL,RAL,18 Naomi Anderson,10,"4,6,8,9,13,17,23,26,30,32",7,3,2,0,17,7,17,13,4,0,0,0,7,7,0,0,0,0,113.27,45.32,11.33,4.53,161.34,-9.10,12.41,-0.70
RAL @ ATL,2024-04-13_19-00-00,ATL,RAL,13 Hannah Abraham,10,"6,8,9,10,19,21,23,26,28,30",5,5,4,1,9,7,8,9,0,0,0,1,0,0,0,2,0,0,98.06,7.15,12.26,0.89,172.85,82.05,19.21,9.12
RAL @ ATL,2024-04-13_19-00-00,ATL,RAL,21 Samantha Li,8,"2,5,14,18,22,27,29,31,33",8,0,2,0,14,6,13,11,3,0,0,1,1,0,1,0,0,0,166.94,97.45,13.91,8.12,139.31,4.18,12.66,0.38
RAL @ ATL,2024-04-13_19-00-00,ATL,RAL,87 Christina Marsciano,9,"9,11,13,15,17,21,25,26,30",4,5,1,1,2,2,2,2,0,0,0,0,1,1,0,2,0,0,4.79,0.00,4.79,0.00,33.29,13.62,16.64,6.81
RAL @ ATL,2024-04-13_19-00-00,ATL,RAL,44 Jordan Harn,9,"1,6,9,11,13,17,19,23,30",5,4,2,0,11,6,11,11,0,0,0,0,1,1,0,2,0,0,120.67,17.06,12.07,1.71,130.77,21.92,11.89,1.99
RAL @ ATL,2024-04-13_19-00-00,ATL,RAL,75 Sarah Kingsley-Hart,8,"3,5,7,14,16,22,27,31",6,2,2,0,5,3,4,5,0,0,0,1,0,0,0,0,0,0,31.96,23.74,7.99,5.93,68.66,33.86,13.73,6.77
RAL @ ATL,2024-04-13_19-00-00,ATL,RAL,72 Annalise Paul,8,"4,9,15,17,21,23,26,32",4,4,1,0,4,3,3,2,2,0,0,1,1,1,0,0,0,0,32.09,31.83,16.04,15.92,31.41,16.32,15.70,8.16
RAL @ ATL,2024-04-13_19-00-00,ATL,RAL,27 Therese Doebler,7,"4,8,15,17,23,30,32",6,1,2,0,3,3,3,3,0,0,0,0,1,1,0,0,0,0,17.15,4.18,8.57,2.09,48.55,40.20,16.18,13.40
RAL @ ATL,2024-04-13_19-00-00,ATL,RAL,19 Elle Mayer,5,"3,14,18,24,31",5,0,1,0,6,2,6,6,0,0,0,0,0,0,0,0,0,0,47.55,8.16,9.51,1.63,62.49,19.36,10.41,3.23
RAL @ ATL,2024-04-13_19-00-00,ATL,RAL,55 Trystan Grzyll,4,"1,9,30,32",2,2,0,0,1,1,1,0,1,0,0,0,0,0,0,0,0,0,10.00,-3.30,10.00,-3.30,0.00,0.00,0.00,0.00
NY @ PORT,2024-04-20_18-00-00,NY,PORT,33 Valeria Cardenas,22,"1,3,4,5,6,8,9,11,13,14,15,16,17,18,20,21,22,23,25,28,29,30",12,10,8,6,52,17,51,39,13,4,2,1,6,5,1,0,0,0,561.95,301.81,12.49,6.71,363.26,83.05,9.31,2.13
NY @ PORT,2024-04-20_18-00-00,NY,PORT,96 Nina Finley,21,"2,3,4,6,7,9,10,11,12,15,16,17,19,20,21,24,25,26,27,28,30",14,7,10,1,32,13,32,28,4,0,3,0,3,1,2,0,0,0,302.05,146.78,10.07,4.89,297.08,32.08,10.61,1.15
NY @ PORT,2024-04-20_18-00-00,NY,PORT,09 Cassandra Brown,17,"1,2,5,7,8,10,12,13,14,18,19,21,22,23,26,27,29",3,14,3,7,28,11,27,20,8,5,0,1,3,2,1,1,0,0,350.07,207.82,14,8.31,187.55,96.69,9.38,4.83
NY @ PORT,2024-04-20_18-00-00,NY,PORT,08 Manuela Cardenas,16,"1,2,4,5,7,8,10,11,13,18,19,20,22,23,27,29",3,13,2,7,21,8,20,20,1,1,1,1,0,0,0,3,0,0,173.47,77.3,8.67,3.86,182.28,84.55,9.11,4.23
NY @ PORT,2024-04-20_18-00-00,NY,PORT,23 Linnea Soo,16,"2,3,4,6,9,12,15,16,17,20,21,24,25,26,28,30",13,3,10,0,14,9,13,14,0,1,1,1,3,2,1,1,0,0,118.92,41.9,10.81,3.81,182.36,132.33,13.03,9.45
NY @ PORT,2024-04-20_18-00-00,NY,PORT,20 Yina Cartagena,16,"3,4,6,7,9,11,15,16,17,20,21,24,25,26,28,30",13,3,9,1,36,13,34,30,6,3,1,2,1,1,0,0,0,0,352.04,223.45,11.36,7.21,305.87,150.59,10.2,5.02
NY @ PORT,2024-04-20_18-00-00,NY,PORT,31 Eli Presberg,15,"1,2,5,7,8,10,12,13,14,18,19,22,23,27,29",1,14,1,7,21,10,20,16,5,0,2,1,2,1,1,1,0,0,150.89902,46.157244,10.86,5.03,142.29,46.22,8.89,2.89
NY @ PORT,2024-04-20_18-00-00,NY,PORT,66 Janine Hlavaty,15,"3,4,6,9,11,14,16,17,20,21,24,25,26,28,30",12,3,8,0,9,7,7,9,0,0,0,2,2,2,0,1,0,0,46.85,17.95,9.37,3.59,144.62,91.49,16.07,10.17
NY @ PORT,2024-04-20_18-00-00,NY,PORT,00 Genny De Jesus,15,"3,4,6,8,9,11,15,16,17,20,24,25,26,28,30",12,3,8,1,18,8,16,17,1,0,2,2,0,0,0,0,0,0,190.31,70.86,11.89,4.43,142.52,20.7,8.38,1.22
NY @ PORT,2024-04-20_18-00-00,NY,PORT,02 Jolene Zheng,12,"3,6,9,11,15,16,17,24,25,26,28,30",10,2,6,0,8,6,8,8,0,1,0,0,1,1,0,0,0,0,55.96,3.06,7.99,0.44,112.8,93.68,14.1,11.71
NY @ PORT,2024-04-20_18-00-00,NY,PORT,88 Nikki Hair,11,"1,5,7,10,12,13,18,19,21,24,27",2,9,2,4,5,3,3,5,0,1,0,2,0,0,0,0,0,0,45.87,26.83,15.29,8.94,128.74,116.7,25.75,23.34
NY @ PORT,2024-04-20_18-00-00,NY,PORT,26 Mariabelen Restrepo,10,"1,5,8,10,13,14,18,22,23,29",0,10,0,6,3,2,3,3,0,0,0,0,0,0,0,0,0,0,16.9,-0.63,5.63,-0.21,63.18,58.6,21.06,19.53
NY @ PORT,2024-04-20_18-00-00,NY,PORT,19 Eastelle Ding,10,"1,2,5,8,12,13,14,18,22,23",1,9,1,6,8,4,6,8,0,0,1,2,0,0,0,0,0,0,43.51,12.82,7.25,2.14,123.29,89.31,15.41,11.16
NY @ PORT,2024-04-20_18-00-00,NY,PORT,62 Casey Banta-Ryan,8,"2,7,10,12,15,19,23,27",2,6,2,2,9,6,8,9,0,0,0,1,1,1,0,0,0,0,58.82,-9.57,8.4,-1.37,92.06,65.79,10.23,7.31
NY @ PORT,2024-04-20_18-00-00,NY,PORT,65 Anna Lieberman,5,"14,19,22,27,29",0,5,0,1,3,2,3,3,0,0,1,0,1,0,1,1,0,0,27.83,12.2,9.28,4.07,27.54,16.95,9.18,5.65
