,Created,Point,Possession,Thrower,Receiver,Turnover?,Thrower error?,Receiver error?,Throw to endzone?,Assist?,Secondary assist?,Huck?,Swing?,Dump?,From sideline?,To sideline?,Distance (m),Forward distance (m),Left-to-right distance (m),Start X (0 -> 1 = left sideline -> right sideline),Start Y (0 -> 1 = back of opponent endzone -> back of own endzone),End X (0 -> 1 = left sideline -> right sideline),End Y (0 -> 1 = back of opponent endzone -> back of own endzone)
0,2024-04-09 14:53:48,1,1,00 Maggie Rowell,07 Shiru Liu,0,0,0,0,0,0,0,1,0,1,0,17.820637,2.293022,17.672497,0.87897646,0.749539,0.5165975,0.7286417
1,2024-04-09 14:53:56,1,1,07 Shiru Liu,69 Jaime Estes,0,0,0,0,0,0,0,1,0,0,1,21.692575,6.8790793,20.572947,0.5165975,0.7286417,0.09474412,0.6659496
2,2024-04-09 14:54:03,1,1,69 Jaime Estes,07 Shiru Liu,0,0,0,0,0,0,0,0,0,1,0,16.378664,10.9930315,-12.141412,0.09474412,0.6659496,0.3437068,0.5657652
3,2024-04-09 14:54:08,1,1,07 Shiru Liu,00 Maggie Rowell,0,0,0,0,0,0,0,0,0,0,1,14.821635,11.195355,9.713129,0.3437068,0.5657652,0.14453666,0.46373695
4,2024-04-09 14:54:10,1,1,00 Maggie Rowell,69 Jaime Estes,0,0,0,0,0,0,0,0,0,1,1,4.8733935,-0.40465152,4.856565,0.14453666,0.46373695,0.04495159,0.46742472
5,2024-04-09 14:54:21,1,1,69 Jaime Estes,07 Shiru Liu,0,0,0,0,0,0,0,0,1,1,1,6.6821947,-6.6767454,-0.26980913,0.04495159,0.46742472,0.050484095,0.52827287
6,2024-04-09 14:54:25,1,1,07 Shiru Liu,22 Sydney Loughran,0,0,0,0,0,0,0,0,0,1,1,12.431473,12.40931,0.74197507,0.050484095,0.52827287,0.03526971,0.4151813
7,2024-04-09 14:54:39,1,1,22 Sydney Loughran,07 Shiru Liu,0,0,0,0,0,0,0,0,1,1,1,6.693426,-6.6767516,-0.47216597,0.03526971,0.4151813,0.04495159,0.47602952
8,2024-04-09 14:56:18,1,1,07 Shiru Liu,02 Elise Bjork,0,0,0,0,0,0,0,0,0,1,0,14.931767,9.6441965,-11.399437,0.04495159,0.47602952,0.27869987,0.38813767
9,2024-04-09 14:57:13,1,1,02 Elise Bjork,69 Jaime Estes,1,1,0,1,0,0,0,0,0,0,0,30.74777,28.662811,-11.129626,0.27869987,0.38813767,0.5069156,0.12692071
10,2024-04-09 15:00:19,1,2,07 Shiru Liu,42 Meg Duffy,0,0,0,0,0,0,0,0,1,1,1,5.8678336,-5.8674455,-0.06745228,0.10857538,0.28856793,0.10995851,0.34204057
11,2024-04-09 15:00:25,1,2,42 Meg Duffy,07 Shiru Liu,0,0,0,0,0,0,0,0,0,1,0,8.366531,-0.20232412,-8.364084,0.10995851,0.34204057,0.28146613,0.34388444
12,2024-04-09 15:01:05,1,2,07 Shiru Liu,00 Maggie Rowell,0,0,0,0,0,0,0,0,0,0,1,10.483234,6.137213,8.498989,0.28146613,0.34388444,0.107192256,0.2879533
13,2024-04-09 15:01:14,1,2,00 Maggie Rowell,02 Elise Bjork,0,0,0,0,0,0,0,0,0,1,0,14.148824,6.1372147,-12.748483,0.107192256,0.2879533,0.36860305,0.23202212
14,2024-04-09 15:01:17,1,2,02 Elise Bjork,10 Gaby Cuina,1,1,0,1,0,0,0,0,0,0,0,17.853298,8.83489,-15.514025,0.36860305,0.23202212,0.686722,0.15150584
15,2024-04-09 15:02:52,1,3,69 Jaime Estes,07 Shiru Liu,0,0,0,0,0,0,0,0,0,1,0,9.13013,2.7651172,-8.7013445,0.056016598,0.46803933,0.23443983,0.4428396
16,2024-04-09 15:02:56,1,3,07 Shiru Liu,02 Elise Bjork,0,0,0,0,0,0,0,0,1,0,0,7.869037,-1.9558141,-7.6221085,0.23443983,0.4428396,0.39073306,0.4606638
17,2024-04-09 15:03:02,1,3,02 Elise Bjork,07 Shiru Liu,0,0,0,0,0,0,0,0,1,0,1,13.470171,-1.75349,13.355553,0.39073306,0.4606638,0.116874136,0.47664413
18,2024-04-09 15:03:05,1,3,07 Shiru Liu,69 Jaime Estes,0,0,0,0,0,0,0,0,0,1,1,13.44295,12.881405,3.84478,0.116874136,0.47664413,0.038035963,0.35925016
19,2024-04-09 15:03:12,1,3,69 Jaime Estes,07 Shiru Liu,0,0,0,0,0,0,0,0,1,1,1,5.862544,-5.395354,-2.2933776,0.038035963,0.35925016,0.08506224,0.4084204
20,2024-04-09 18:16:09,1,3,07 Shiru Liu,00 Maggie Rowell,0,0,0,0,0,0,0,0,0,1,0,19.23272,14.634895,-12.478673,0.08506224,0.4084204,0.34094054,0.2750461
21,2024-04-09 18:16:14,1,3,00 Maggie Rowell,02 Elise Bjork,0,0,0,0,0,1,0,0,0,0,0,6.5345035,0.8767466,-6.475419,0.34094054,0.2750461,0.4737206,0.26705593
22,2024-04-09 18:16:29,1,3,02 Elise Bjork,69 Jaime Estes,0,0,0,1,1,0,0,0,0,0,0,17.963137,11.937219,13.423004,0.4737206,0.26705593,0.19847856,0.15826675
23,2024-04-09 18:25:23,2,1,95 Megan Mendieta,27 Jocelyn Jessop,0,0,0,0,0,0,0,1,0,1,0,23.643717,4.181402,-23.271038,0.026970955,0.8386601,0.5041494,0.80055314
24,2024-04-09 18:27:13,2,1,27 Jocelyn Jessop,05 Dre Esparza,0,0,0,0,0,0,0,1,0,0,1,18.624647,0.53953534,18.61683,0.5041494,0.80055314,0.12240664,0.7956361
25,2024-04-09 18:27:46,2,1,05 Dre Esparza,95 Megan Mendieta,0,0,0,0,0,0,0,1,0,1,0,15.754974,-3.9790783,-15.244217,0.12240664,0.7956361,0.4349931,0.8318992
26,2024-04-09 18:28:01,2,1,95 Megan Mendieta,19 Vanessa Bacorn,0,0,0,0,0,0,0,1,0,0,0,19.65163,4.3837266,-19.156448,0.4349931,0.8318992,0.8278008,0.7919484
27,2024-04-09 18:28:05,2,1,19 Vanessa Bacorn,95 Megan Mendieta,0,0,0,0,0,0,0,0,0,0,0,9.241208,0.06744356,9.240962,0.8278008,0.7919484,0.6383126,0.79133373
28,2024-04-09 18:28:23,2,1,95 Megan Mendieta,19 Vanessa Bacorn,0,0,0,0,0,0,0,0,0,0,1,13.135852,1.7534866,-13.0182905,0.6383126,0.79133373,0.90525585,0.77535343
29,2024-04-09 18:28:32,2,1,19 Vanessa Bacorn,95 Megan Mendieta,0,0,0,0,0,0,0,0,0,1,0,9.054695,-0.53953534,9.038606,0.90525585,0.77535343,0.719917,0.78027046
30,2024-04-09 18:28:41,2,1,95 Megan Mendieta,12 Annie Ortiz,0,0,0,0,0,0,0,0,0,0,0,13.833637,0.4046548,13.827718,0.719917,0.78027046,0.4363762,0.77658266
31,2024-04-09 18:28:49,2,1,12 Annie Ortiz,95 Megan Mendieta,0,0,0,0,0,0,0,0,0,0,0,14.375523,2.0232544,-14.232431,0.4363762,0.77658266,0.72821575,0.75814384
32,2024-04-09 18:40:32,2,1,95 Megan Mendieta,15 Elise Franke,0,0,0,0,0,0,1,0,0,0,0,45.531914,45.455856,2.6306388,0.72821575,0.75814384,0.67427385,0.34388444
33,2024-04-09 18:40:42,2,1,15 Elise Franke,95 Megan Mendieta,0,0,0,0,0,0,0,0,1,0,0,8.990297,-8.969777,-0.6070705,0.67427385,0.34388444,0.686722,0.42563
34,2024-04-09 18:40:54,2,1,95 Megan Mendieta,19 Vanessa Bacorn,0,0,0,0,0,0,0,0,0,0,1,12.232935,9.172101,-8.094274,0.686722,0.42563,0.8526971,0.34204057
35,2024-04-09 18:42:48,2,1,19 Vanessa Bacorn,16 Kinsey Neas,0,0,0,0,0,0,0,0,0,1,0,8.421116,4.8558183,6.8801327,0.8526971,0.34204057,0.71161824,0.29778734
36,2024-04-09 18:42:49,2,1,16 Kinsey Neas,05 Dre Esparza,0,0,0,0,0,0,0,0,1,0,0,7.028424,-3.1697686,6.273062,0.71161824,0.29778734,0.58298755,0.32667485
37,2024-04-09 18:43:02,2,1,05 Dre Esparza,95 Megan Mendieta,0,0,0,0,0,0,0,0,0,0,0,11.890741,0.6744192,-11.871601,0.58298755,0.32667485,0.8264177,0.32052857
38,2024-04-09 18:43:26,2,1,95 Megan Mendieta,12 Annie Ortiz,0,0,0,0,0,0,0,0,1,0,0,12.4843,-1.3488384,12.41122,0.8264177,0.32052857,0.57192254,0.33282113
39,2024-04-09 18:43:49,2,1,12 Annie Ortiz,95 Megan Mendieta,0,0,0,0,0,0,0,0,0,0,0,12.414151,-0.26976767,-12.41122,0.57192254,0.33282113,0.8264177,0.33527964
40,2024-04-09 18:43:58,2,1,95 Megan Mendieta,15 Elise Franke,0,0,0,0,0,0,0,0,0,0,0,12.100909,3.4395363,11.601792,0.8264177,0.33527964,0.58852005,0.30393362
41,2024-04-09 18:44:13,2,1,15 Elise Franke,95 Megan Mendieta,0,0,0,0,0,0,0,0,0,0,0,10.611461,-0.6744192,-10.590008,0.58852005,0.30393362,0.8056708,0.3100799
42,2024-04-09 18:44:19,2,1,95 Megan Mendieta,05 Dre Esparza,0,0,0,0,0,1,0,1,0,0,0,15.042009,-0.06744029,15.041859,0.8056708,0.3100799,0.49723375,0.31069452
43,2024-04-09 18:44:28,2,1,05 Dre Esparza,19 Vanessa Bacorn,0,0,0,1,1,0,0,0,0,0,1,25.196028,18.41164,17.20033,0.49723375,0.31069452,0.14453666,0.14290105
44,2024-04-09 18:51:45,4,1,07 Shiru Liu,02 Elise Bjork,0,0,0,0,0,0,0,0,0,0,0,16.743795,9.441869,13.827718,0.80843705,0.6893055,0.52489626,0.60325754
45,2024-04-09 18:52:02,4,1,02 Elise Bjork,10 Gaby Cuina,0,0,0,0,0,0,0,1,0,0,0,19.005093,6.069776,18.009758,0.52489626,0.60325754,0.15560167,0.54794097
46,2024-04-09 18:52:13,4,1,10 Gaby Cuina,69 Jaime Estes,0,0,0,0,0,0,0,0,0,0,0,14.056848,6.339537,-12.546124,0.15560167,0.54794097,0.41286308,0.49016595
47,2024-04-09 18:53:17,4,1,69 Jaime Estes,00 Maggie Rowell,0,0,0,0,0,0,0,0,0,0,0,11.992169,3.0348847,-11.601792,0.41286308,0.49016595,0.6507607,0.4625077
48,2024-04-09 18:53:24,4,1,00 Maggie Rowell,02 Elise Bjork,1,1,0,0,0,0,0,0,1,0,0,12.3811455,-10.790704,-6.0707054,0.6507607,0.4625077,0.77524203,0.5608482
49,2024-04-09 18:55:18,4,2,02 Elise Bjork,07 Shiru Liu,0,0,0,0,0,0,0,0,1,0,0,7.072813,-4.0465155,5.800896,0.45435685,0.5633067,0.33540803,0.6001844
50,2024-04-09 18:55:31,4,2,07 Shiru Liu,69 Jaime Estes,1,1,0,0,0,0,0,0,0,0,0,19.855858,18.816294,6.340515,0.33540803,0.6001844,0.2053942,0.42870313
51,2024-04-09 18:57:38,4,3,07 Shiru Liu,00 Maggie Rowell,0,0,0,0,0,0,0,0,0,1,0,17.102308,16.79304,-3.2377098,0.08921162,0.75814384,0.15560167,0.6051014
52,2024-04-09 18:57:55,4,3,00 Maggie Rowell,69 Jaime Estes,0,0,0,0,0,0,0,0,0,0,0,15.793078,15.781406,-0.6070705,0.15560167,0.6051014,0.1680498,0.46127844
53,2024-04-09 18:58:01,4,3,69 Jaime Estes,10 Gaby Cuina,0,0,0,0,0,0,0,1,0,0,0,17.905323,2.4279091,-17.73995,0.1680498,0.46127844,0.5318119,0.43915182
54,2024-04-09 18:58:19,4,3,10 Gaby Cuina,07 Shiru Liu,0,0,0,0,0,0,0,1,0,0,0,14.858033,-0.7418595,14.839501,0.5318119,0.43915182,0.2275242,0.44591272
55,2024-04-09 18:58:23,4,3,07 Shiru Liu,42 Meg Duffy,1,1,0,1,0,0,0,0,0,0,0,36.123215,35.204678,-8.0942745,0.2275242,0.44591272,0.3934993,0.12507683
56,2024-04-09 19:01:34,4,4,02 Elise Bjork,07 Shiru Liu,0,0,0,0,0,0,0,0,0,0,0,14.518655,2.090698,14.367335,0.66459197,0.3100799,0.36998618,0.29102644
57,2024-04-09 19:01:40,4,4,07 Shiru Liu,02 Elise Bjork,0,0,0,0,0,0,0,0,1,0,0,11.674245,-4.4511633,-10.792365,0.36998618,0.29102644,0.5912863,0.33159187
58,2024-04-09 19:01:55,4,4,02 Elise Bjork,00 Maggie Rowell,0,0,0,0,0,0,0,0,0,0,0,18.256243,17.332571,-5.7334437,0.5912863,0.33159187,0.708852,0.17363246
59,2024-04-09 19:02:44,4,4,00 Maggie Rowell,02 Elise Bjork,0,0,0,0,0,0,0,0,1,0,0,5.87393,-4.855817,-3.3051617,0.708852,0.17363246,0.77662516,0.21788567
60,2024-04-09 19:02:49,4,4,02 Elise Bjork,00 Maggie Rowell,0,0,0,0,0,1,0,1,0,0,0,17.263071,3.3720944,16.930523,0.77662516,0.21788567,0.4294606,0.18715428
61,2024-04-09 19:03:14,4,4,00 Maggie Rowell,69 Jaime Estes,0,0,0,1,1,0,0,0,0,0,0,14.560337,3.6418638,-14.097527,0.4294606,0.18715428,0.7185339,0.15396436
62,2024-04-09 19:07:35,5,1,05 Dre Esparza,27 Jocelyn Jessop,0,0,0,0,0,0,0,0,0,0,1,18.316124,12.746521,13.153196,0.31327802,0.41641057,0.043568466,0.30024585
63,2024-04-09 19:08:07,5,1,27 Jocelyn Jessop,16 Kinsey Neas,0,0,0,0,0,0,0,0,0,1,1,4.5198064,0.06744029,-4.5193033,0.043568466,0.30024585,0.1362379,0.29963124
64,2024-04-09 19:08:36,5,1,16 Kinsey Neas,05 Dre Esparza,0,0,0,0,0,0,0,0,1,1,1,7.99862,-7.0139565,3.8447807,0.1362379,0.29963124,0.057399724,0.36355254
65,2024-04-09 19:08:50,5,1,05 Dre Esparza,16 Kinsey Neas,0,0,0,0,0,0,0,0,1,1,0,7.5017314,-4.113959,-6.2730627,0.057399724,0.36355254,0.18603043,0.40104488
66,2024-04-09 19:09:23,5,1,16 Kinsey Neas,95 Megan Mendieta,1,1,0,0,0,0,0,0,0,0,0,13.589187,4.5186105,-12.815933,0.18603043,0.40104488,0.44882435,0.35986477
67,2024-04-09 19:10:19,5,2,12 Annie Ortiz,05 Dre Esparza,0,0,0,0,0,0,0,0,1,1,1,6.7504025,-6.2721004,-2.4957345,0.04218534,0.5786724,0.093361,0.63583285
68,2024-04-09 19:11:18,5,2,05 Dre Esparza,19 Vanessa Bacorn,1,0,1,0,0,0,0,0,0,1,0,10.295711,5.395354,-8.768798,0.093361,0.63583285,0.27316737,0.5866626
69,2024-04-09 19:42:09,6,1,26 Amy Broome,73 Clara Stewart,0,0,0,0,0,0,0,0,0,0,0,13.081284,12.544194,3.7098753,0.6673582,0.7329441,0.5912863,0.61862326
70,2024-04-09 19:42:17,6,1,73 Clara Stewart,03 Madi Cannon,0,0,0,0,0,0,0,0,0,0,0,12.167979,7.755826,-9.375867,0.5912863,0.61862326,0.7835408,0.54794097
71,2024-04-09 19:42:23,6,1,03 Madi Cannon,73 Clara Stewart,0,0,0,0,0,0,0,0,1,0,0,9.246765,-2.4953527,8.903701,0.7835408,0.54794097,0.6009682,0.5706822
72,2024-04-09 19:42:41,6,1,73 Clara Stewart,81 Mckenzie Bailey,0,0,0,0,0,0,0,0,0,0,1,24.461985,9.037214,22.731419,0.6009682,0.5706822,0.13485478,0.48832208
73,2024-04-09 19:42:48,6,1,81 Mckenzie Bailey,73 Clara Stewart,0,0,0,0,0,0,0,1,0,1,0,16.49814,-3.50698,-16.121096,0.13485478,0.48832208,0.46542186,0.52028275
74,2024-04-09 19:43:12,6,1,73 Clara Stewart,81 Mckenzie Bailey,0,0,0,0,0,0,0,0,0,0,1,18.939344,10.048848,16.053642,0.46542186,0.52028275,0.1362379,0.42870313
75,2024-04-09 19:43:23,6,1,81 Mckenzie Bailey,31 Nikki Gilbert,0,0,0,0,0,0,0,0,0,1,0,8.430707,7.7558193,-3.3051617,0.1362379,0.42870313,0.20401107,0.3580209
76,2024-04-09 19:43:31,6,1,31 Nikki Gilbert,73 Clara Stewart,0,0,0,0,0,0,0,0,1,0,0,11.945189,-7.4860516,-9.308415,0.20401107,0.3580209,0.39488244,0.42624462
77,2024-04-09 19:45:39,6,1,73 Clara Stewart,26 Amy Broome,0,0,0,0,0,0,0,0,1,0,0,9.433984,-3.3046558,8.836249,0.39488244,0.42624462,0.21369295,0.4563614
78,2024-04-09 19:45:47,6,1,26 Amy Broome,73 Clara Stewart,0,0,0,0,0,0,0,0,1,0,0,14.996817,-4.518607,-14.299884,0.21369295,0.4563614,0.5069156,0.4975415
79,2024-04-09 19:45:57,6,1,73 Clara Stewart,26 Amy Broome,0,0,0,0,0,0,0,0,1,0,0,5.9536414,-5.934889,-0.47216597,0.5069156,0.4975415,0.5165975,0.55162877
80,2024-04-09 19:46:18,6,1,26 Amy Broome,81 Mckenzie Bailey,0,0,0,0,0,0,0,1,0,0,1,19.179499,-5.125586,-18.481924,0.5165975,0.55162877,0.895574,0.5983405
81,2024-04-09 19:46:40,6,1,81 Mckenzie Bailey,73 Clara Stewart,0,0,0,0,0,0,0,1,0,1,0,15.729028,2.9674444,15.446572,0.895574,0.5983405,0.57883817,0.5712969
82,2024-04-09 19:46:51,6,1,73 Clara Stewart,31 Nikki Gilbert,0,0,0,0,0,0,0,1,0,0,1,22.923477,3.4395363,22.663967,0.57883817,0.5712969,0.114107884,0.53995085
83,2024-04-09 19:46:57,6,1,31 Nikki Gilbert,03 Madi Cannon,0,0,0,0,0,0,0,0,0,1,0,12.450012,8.6325655,-8.971155,0.114107884,0.53995085,0.29806364,0.46127844
84,2024-04-09 19:47:06,6,1,03 Madi Cannon,73 Clara Stewart,0,0,0,0,0,0,0,0,0,0,1,10.224659,2.4953527,9.915486,0.29806364,0.46127844,0.09474412,0.43853718
85,2024-04-09 19:47:16,6,1,73 Clara Stewart,88 Maddy Easton,0,0,0,0,0,0,0,0,0,1,0,16.126917,14.769779,-6.475419,0.09474412,0.43853718,0.2275242,0.30393362
86,2024-04-09 19:48:43,6,1,88 Maddy Easton,26 Amy Broome,1,1,0,1,0,0,0,0,0,0,0,25.831663,25.830254,-0.26980913,0.2275242,0.30393362,0.23305671,0.06853104
87,2024-04-09 20:00:55,7,1,95 Megan Mendieta,12 Annie Ortiz,0,0,0,0,0,0,0,0,1,0,0,6.43863,-4.5860505,-4.519303,0.40594745,0.5547019,0.49861687,0.59649664
88,2024-04-09 20:01:06,7,1,12 Annie Ortiz,15 Elise Franke,0,0,0,0,0,0,0,0,0,0,0,17.311096,17.130247,2.4957345,0.49861687,0.59649664,0.44744122,0.44038108
89,2024-04-09 20:01:21,7,1,15 Elise Franke,05 Dre Esparza,0,0,0,0,0,0,0,0,1,0,0,6.7288775,-4.5860505,-4.9240165,0.44744122,0.44038108,0.5484094,0.4821758
90,2024-04-09 20:01:32,7,1,05 Dre Esparza,27 Jocelyn Jessop,0,0,0,0,0,0,0,1,0,0,1,22.321632,-6.4069777,21.382374,0.5484094,0.4821758,0.10995851,0.54056543
91,2024-04-09 20:02:23,7,1,27 Jocelyn Jessop,16 Kinsey Neas,0,0,0,0,0,0,0,0,0,1,1,16.836868,16.793034,1.214141,0.10995851,0.54056543,0.08506224,0.38752306
92,2024-04-09 20:03:10,7,1,16 Kinsey Neas,05 Dre Esparza,1,1,0,0,0,0,0,0,1,1,0,4.7777624,-3.5744202,-3.1702576,0.08506224,0.38752306,0.15006916,0.42009833
93,2024-04-09 20:05:12,7,2,05 Dre Esparza,95 Megan Mendieta,0,0,0,0,0,0,0,0,1,1,0,8.166694,-4.181402,-7.015038,0.0062240665,0.8380455,0.15006916,0.87615246
94,2024-04-09 20:05:22,7,2,95 Megan Mendieta,15 Elise Franke,0,0,0,0,0,0,0,1,0,0,0,16.949692,4.3162827,-16.390903,0.15006916,0.87615246,0.48616874,0.83681625
95,2024-04-09 20:05:51,7,2,15 Elise Franke,95 Megan Mendieta,0,0,0,0,0,0,0,0,0,0,0,6.0571027,4.3162827,-4.2494936,0.48616874,0.83681625,0.57330567,0.79748005
96,2024-04-09 20:06:55,7,2,95 Megan Mendieta,19 Vanessa Bacorn,1,0,1,0,0,0,0,0,0,0,1,20.85765,10.52094,-18.009758,0.57330567,0.79748005,0.94260025,0.70159805
97,2024-04-09 20:09:39,8,1,07 Shiru Liu,69 Jaime Estes,0,0,0,0,0,0,0,1,0,0,1,18.518864,2.9674444,18.279568,0.5,0.6665642,0.1251729,0.6395206
98,2024-04-09 20:09:51,8,1,69 Jaime Estes,07 Shiru Liu,0,0,0,0,0,0,0,1,0,1,0,15.37912,0.0,-15.37912,0.1251729,0.6395206,0.4405256,0.6395206
99,2024-04-09 20:10:10,8,1,07 Shiru Liu,42 Meg Duffy,0,0,0,0,0,0,0,0,1,0,0,11.93729,-4.3162827,-11.129626,0.4405256,0.6395206,0.66874135,0.6788568
100,2024-04-09 20:10:20,8,1,42 Meg Duffy,07 Shiru Liu,0,0,0,0,0,0,0,0,0,0,0,11.072243,-0.47209182,11.062174,0.66874135,0.6788568,0.44190872,0.6831592
101,2024-04-09 20:10:53,8,1,07 Shiru Liu,00 Maggie Rowell,0,0,0,0,0,0,0,0,0,0,1,20.271477,8.902333,18.212116,0.44190872,0.6831592,0.06846473,0.60202825
102,2024-04-09 20:11:14,8,1,00 Maggie Rowell,07 Shiru Liu,0,0,0,0,0,0,0,0,0,1,1,3.9104471,1.0116272,-3.777328,0.06846473,0.60202825,0.14591978,0.59280884
103,2024-04-09 20:11:20,8,1,07 Shiru Liu,69 Jaime Estes,1,1,0,0,0,0,0,0,0,1,0,7.2064962,6.137213,-3.7773278,0.14591978,0.59280884,0.22337483,0.5368777
104,2024-04-09 20:12:50,8,2,22 Sydney Loughran,42 Meg Duffy,0,0,0,0,0,0,0,0,0,0,0,9.001652,2.7651138,8.56644,0.69640386,0.6364474,0.5207469,0.6112477
105,2024-04-09 20:13:00,8,2,42 Meg Duffy,07 Shiru Liu,0,0,0,0,0,0,0,0,0,0,0,11.427386,7.486058,8.633892,0.5207469,0.6112477,0.3437068,0.54302394
106,2024-04-09 20:13:09,8,2,07 Shiru Liu,00 Maggie Rowell,1,1,0,0,0,0,0,0,0,0,0,10.8221,9.981401,-4.182041,0.3437068,0.54302394,0.4294606,0.452059
107,2024-04-09 20:14:14,8,3,42 Meg Duffy,22 Sydney Loughran,0,0,0,0,0,0,0,1,0,1,0,21.215788,3.1697686,-20.977661,0.0186722,0.44837123,0.44882435,0.41948372
108,2024-04-09 20:15:15,8,3,22 Sydney Loughran,02 Elise Bjork,0,0,0,0,0,0,0,0,1,0,0,9.381392,-4.2488394,8.364082,0.44882435,0.41948372,0.27731675,0.45820528
109,2024-04-09 20:15:17,8,3,02 Elise Bjork,07 Shiru Liu,0,0,0,0,0,0,0,0,1,0,0,5.203964,-3.50698,3.8447807,0.27731675,0.45820528,0.19847856,0.49016595
110,2024-04-09 20:15:25,8,3,07 Shiru Liu,02 Elise Bjork,0,0,0,0,0,0,0,1,0,0,0,14.928906,-0.80930305,-14.906954,0.19847856,0.49016595,0.5041494,0.4975415
111,2024-04-09 20:15:41,8,3,02 Elise Bjork,07 Shiru Liu,0,0,0,0,0,0,0,1,0,0,0,17.455523,4.2488394,16.930523,0.5041494,0.4975415,0.15698479,0.45881993
112,2024-04-09 20:15:51,8,3,07 Shiru Liu,02 Elise Bjork,0,0,0,0,0,0,0,1,0,0,0,17.37652,-3.9116313,-16.930523,0.15698479,0.45881993,0.5041494,0.49446836
113,2024-04-09 20:20:35,8,3,02 Elise Bjork,00 Maggie Rowell,0,0,0,0,0,0,0,0,0,0,1,20.991123,8.430242,-19.2239,0.5041494,0.49446836,0.8983402,0.41763982
114,2024-04-09 20:23:08,8,3,73 Clara Stewart,26 Amy Broome,0,0,0,0,0,0,0,1,0,1,0,14.811409,-1.0790707,14.772049,0.895574,0.38506454,0.5926694,0.3948986
115,2024-04-09 20:23:47,8,3,26 Amy Broome,03 Madi Cannon,0,0,0,0,0,0,0,0,0,0,1,27.02032,15.5116415,22.124348,0.5926694,0.3948986,0.13900416,0.2535341
116,2024-04-09 20:24:18,8,3,03 Madi Cannon,26 Amy Broome,0,0,0,0,0,1,0,0,1,1,0,8.157068,-3.2372122,-7.487204,0.13900416,0.2535341,0.29253113,0.28303626
117,2024-04-09 20:24:26,8,3,26 Amy Broome,31 Nikki Gilbert,0,0,0,1,1,0,0,0,0,0,0,16.544462,15.106989,6.745229,0.29253113,0.28303626,0.15421854,0.14535956
118,2024-04-09 20:28:14,10,1,02 Elise Bjork,07 Shiru Liu,0,0,0,0,0,0,0,0,1,0,0,10.111464,-2.293022,9.848033,0.49723375,0.66472036,0.29529738,0.6856177
119,2024-04-09 20:28:18,10,1,07 Shiru Liu,02 Elise Bjork,0,0,0,0,0,0,0,0,0,0,0,10.096383,2.2255785,-9.848033,0.29529738,0.6856177,0.49723375,0.665335
120,2024-04-09 20:28:22,10,1,02 Elise Bjork,07 Shiru Liu,0,0,0,0,0,0,0,0,0,0,0,8.328559,8.025594,2.2259252,0.49723375,0.665335,0.4515906,0.5921942
121,2024-04-09 20:28:47,10,1,07 Shiru Liu,42 Meg Duffy,0,0,0,0,0,0,0,0,0,0,0,13.108416,13.016286,-1.5514024,0.4515906,0.5921942,0.4834025,0.473571
122,2024-04-09 20:28:59,10,1,42 Meg Duffy,02 Elise Bjork,0,0,0,0,0,0,0,0,1,0,0,8.547084,-3.4395363,7.8244643,0.4834025,0.473571,0.3229599,0.504917
123,2024-04-09 20:29:04,10,1,02 Elise Bjork,42 Meg Duffy,0,0,0,0,0,0,0,0,0,0,0,8.800121,0.7418595,-8.768796,0.3229599,0.504917,0.50276625,0.49815613
124,2024-04-09 20:29:14,10,1,42 Meg Duffy,22 Sydney Loughran,0,0,0,0,0,0,0,0,1,0,0,7.8235536,-7.8232627,-0.06745228,0.50276625,0.49815613,0.5041494,0.569453
125,2024-04-09 20:29:27,10,1,22 Sydney Loughran,02 Elise Bjork,0,0,0,0,0,0,0,0,0,0,0,12.220028,7.7558227,9.443319,0.5041494,0.569453,0.31051177,0.49877074
126,2024-04-09 20:29:34,10,1,02 Elise Bjork,22 Sydney Loughran,0,0,0,0,0,0,0,0,1,0,0,10.048531,-4.2488427,-9.106058,0.31051177,0.49877074,0.49723375,0.53749233
127,2024-04-09 20:29:48,10,1,22 Sydney Loughran,42 Meg Duffy,0,0,0,0,0,0,0,0,1,0,0,10.960706,-1.483719,-10.8598175,0.49723375,0.53749233,0.719917,0.5510141
128,2024-04-09 20:30:00,10,1,42 Meg Duffy,22 Sydney Loughran,0,0,0,0,0,0,0,0,0,0,0,10.732544,0.40464824,10.724913,0.719917,0.5510141,0.5,0.5473264
129,2024-04-09 20:30:08,10,1,22 Sydney Loughran,00 Maggie Rowell,0,0,0,0,0,0,0,0,0,0,0,22.81082,18.141878,13.827718,0.5,0.5473264,0.2164592,0.3819914
130,2024-04-09 20:30:36,10,1,00 Maggie Rowell,10 Gaby Cuina,0,0,0,0,0,0,0,0,0,0,1,17.38165,15.781407,7.2848463,0.2164592,0.3819914,0.06708161,0.2381684
131,2024-04-09 20:32:14,10,1,73 Clara Stewart,00 Maggie Rowell,0,0,0,0,0,0,0,0,1,1,0,8.552945,-6.406981,-5.6659923,0.050484095,0.26889983,0.16666667,0.3272895
132,2024-04-09 20:33:23,10,1,00 Maggie Rowell,73 Clara Stewart,0,0,0,0,0,0,0,0,1,0,0,4.5791197,-4.518607,0.74197507,0.16666667,0.3272895,0.15145229,0.36846957
133,2024-04-09 20:34:11,10,1,73 Clara Stewart,02 Elise Bjork,0,0,0,0,0,0,0,1,0,0,0,15.887972,-1.0790707,-15.851286,0.15145229,0.36846957,0.47648686,0.37830362
134,2024-04-09 20:34:21,10,1,02 Elise Bjork,07 Shiru Liu,0,0,0,0,0,0,0,0,0,0,0,19.744612,13.960476,13.962622,0.47648686,0.37830362,0.19017981,0.2510756
135,2024-04-09 20:34:31,10,1,07 Shiru Liu,02 Elise Bjork,0,0,0,0,0,0,0,0,1,0,0,13.3415,-7.148844,-11.264531,0.19017981,0.2510756,0.42116183,0.31622618
136,2024-04-09 20:34:35,10,1,02 Elise Bjork,69 Jaime Estes,0,0,0,0,0,0,0,0,0,0,0,22.479624,13.893034,-17.672497,0.42116183,0.31622618,0.7835408,0.18961279
137,2024-04-09 20:35:18,10,1,69 Jaime Estes,42 Meg Duffy,0,0,0,0,0,0,0,0,1,0,0,6.4275956,-3.0348847,5.6659913,0.7835408,0.18961279,0.6673582,0.21727104
138,2024-04-09 20:35:21,10,1,42 Meg Duffy,69 Jaime Estes,0,0,0,0,0,0,0,0,0,0,0,5.6086855,0.3372096,-5.5985394,0.6673582,0.21727104,0.78215766,0.2141979
139,2024-04-09 20:35:26,10,1,69 Jaime Estes,42 Meg Duffy,0,0,0,0,0,0,0,0,0,0,1,4.8263435,2.15814,-4.316946,0.78215766,0.2141979,0.8706777,0.19452982
140,2024-04-09 20:36:34,10,1,42 Meg Duffy,73 Clara Stewart,0,0,0,0,0,1,0,0,1,1,0,10.970038,-1.5511626,10.8598175,0.8706777,0.19452982,0.64799446,0.20866625
141,2024-04-09 20:36:52,10,1,73 Clara Stewart,22 Sydney Loughran,0,0,0,1,1,0,0,1,0,0,1,26.072346,7.0814,25.092249,0.64799446,0.20866625,0.13347165,0.1441303
142,2024-04-09 20:47:19,11,1,73 Clara Stewart,81 Mckenzie Bailey,0,0,0,0,0,0,0,0,1,0,0,9.0862055,-5.934889,6.8801327,0.48063624,0.8325138,0.3395574,0.8866011
143,2024-04-09 20:47:21,11,1,81 Mckenzie Bailey,31 Nikki Gilbert,0,0,0,0,0,0,0,0,0,0,1,24.338667,20.4349,13.220649,0.3395574,0.8866011,0.06846473,0.70036876
144,2024-04-09 20:48:00,11,1,31 Nikki Gilbert,81 Mckenzie Bailey,0,0,0,0,0,0,0,0,1,1,1,7.665132,-7.148847,-2.765544,0.06846473,0.70036876,0.1251729,0.7655194
145,2024-04-09 20:48:09,11,1,81 Mckenzie Bailey,73 Clara Stewart,0,0,0,0,0,0,0,0,1,1,0,14.760872,-4.788375,-13.962622,0.1251729,0.7655194,0.41147995,0.80915797
146,2024-04-09 20:48:38,11,1,73 Clara Stewart,03 Madi Cannon,0,0,0,0,0,0,0,0,0,0,0,20.761261,8.767453,-18.819185,0.41147995,0.80915797,0.79737204,0.7292563
147,2024-04-09 20:48:40,11,1,03 Madi Cannon,73 Clara Stewart,0,0,0,0,0,0,0,0,1,0,0,10.960706,-1.4837255,10.8598175,0.79737204,0.7292563,0.5746888,0.7427781
148,2024-04-09 20:48:51,11,1,73 Clara Stewart,88 Maddy Easton,0,0,0,0,0,0,0,0,0,0,0,19.196299,10.925588,15.7838335,0.5746888,0.7427781,0.25103736,0.6432084
149,2024-04-09 20:49:06,11,1,88 Maddy Easton,73 Clara Stewart,0,0,0,0,0,0,0,0,1,0,0,5.898883,-5.4627905,-2.2259252,0.25103736,0.6432084,0.2966805,0.6929932
150,2024-04-09 20:53:57,11,1,73 Clara Stewart,81 Mckenzie Bailey,0,0,0,0,0,0,0,0,0,0,1,16.695295,13.016286,10.455105,0.2966805,0.6929932,0.08229599,0.57437
151,2024-04-09 20:54:08,11,1,81 Mckenzie Bailey,88 Maddy Easton,0,0,0,0,0,0,0,1,0,1,0,19.973166,-0.53953534,-19.965876,0.08229599,0.57437,0.49170125,0.57928705
152,2024-04-09 20:54:15,11,1,88 Maddy Easton,81 Mckenzie Bailey,0,0,0,0,0,0,0,1,0,0,1,20.049133,3.3720994,19.76352,0.49170125,0.57928705,0.08644537,0.5485556
153,2024-04-09 20:54:25,11,1,81 Mckenzie Bailey,73 Clara Stewart,0,0,0,0,0,0,0,0,1,1,0,10.724454,-5.6651216,-9.106059,0.08644537,0.5485556,0.27316737,0.6001844
154,2024-04-09 20:55:01,11,1,73 Clara Stewart,88 Maddy Easton,0,0,0,0,0,1,0,0,0,0,0,20.425783,9.509313,-18.077211,0.27316737,0.6001844,0.6438451,0.5135218
155,2024-04-09 20:55:26,11,1,88 Maddy Easton,03 Madi Cannon,0,0,0,1,1,0,1,0,0,0,0,40.242947,40.195377,1.9561161,0.6438451,0.5135218,0.60373443,0.14720345
156,2024-04-09 20:57:20,12,1,95 Megan Mendieta,15 Elise Franke,0,0,0,0,0,0,0,0,0,0,0,16.817688,9.374425,-13.962622,0.48755187,0.8349723,0.7738589,0.749539
157,2024-04-09 20:57:29,12,1,15 Elise Franke,27 Jocelyn Jessop,0,0,0,0,0,0,0,0,0,0,0,14.205817,4.4511633,13.490456,0.7738589,0.749539,0.49723375,0.7089736
158,2024-04-09 20:57:37,12,1,27 Jocelyn Jessop,19 Vanessa Bacorn,0,0,0,0,0,0,0,0,0,0,0,16.876219,8.160474,14.772049,0.49723375,0.7089736,0.19432919,0.63460356
159,2024-04-09 20:57:59,12,1,19 Vanessa Bacorn,12 Annie Ortiz,0,0,0,0,0,0,0,0,1,0,0,11.341212,-10.183728,-4.9914694,0.19432919,0.63460356,0.2966805,0.7274124
160,2024-04-09 20:58:23,12,1,12 Annie Ortiz,27 Jocelyn Jessop,0,0,0,0,0,0,0,0,1,0,0,5.535625,-3.7767475,4.0471377,0.2966805,0.7274124,0.21369295,0.7618316
161,2024-04-09 20:58:32,12,1,27 Jocelyn Jessop,95 Megan Mendieta,0,0,0,0,0,0,0,0,0,0,0,20.887161,15.713963,-13.760265,0.21369295,0.7618316,0.49585062,0.61862326
162,2024-04-09 21:02:04,12,1,95 Megan Mendieta,19 Vanessa Bacorn,0,0,0,0,0,0,1,0,0,0,1,50.81661,46.130272,-21.31492,0.49585062,0.61862326,0.93291837,0.19821759
163,2024-04-09 21:02:52,12,1,19 Vanessa Bacorn,16 Kinsey Neas,0,0,0,0,0,0,0,0,1,1,1,5.34924,-3.5744202,3.9796846,0.93291837,0.19821759,0.85131395,0.23079287
164,2024-04-09 21:07:48,12,1,16 Kinsey Neas,15 Elise Franke,1,1,0,1,0,0,0,0,0,1,1,10.538015,8.969774,-5.531087,0.85131395,0.23079287,0.96473026,0.14904733
165,2024-04-09 21:10:03,13,1,07 Shiru Liu,42 Meg Duffy,0,0,0,0,0,0,0,0,0,1,0,11.081433,6.946516,8.633892,0.86237895,0.68869084,0.68533885,0.62538415
166,2024-04-09 21:10:08,13,1,42 Meg Duffy,07 Shiru Liu,0,0,0,0,0,0,0,0,0,0,1,8.965082,3.709304,-8.161726,0.68533885,0.62538415,0.8526971,0.5915796
167,2024-04-09 21:10:14,13,1,07 Shiru Liu,42 Meg Duffy,0,0,0,0,0,0,0,0,1,1,0,14.73163,-4.0465155,14.164979,0.8526971,0.5915796,0.56224066,0.6284573
168,2024-04-09 21:10:53,13,1,42 Meg Duffy,00 Maggie Rowell,1,1,0,0,0,0,0,0,0,0,0,31.027546,26.909328,15.446572,0.56224066,0.6284573,0.24550484,0.38322064
169,2024-04-09 21:12:29,13,2,69 Jaime Estes,00 Maggie Rowell,0,0,0,0,0,0,0,0,0,0,0,11.831447,9.576753,-6.947585,0.30774552,0.42194223,0.45020747,0.33466503
170,2024-04-09 21:12:37,13,2,00 Maggie Rowell,69 Jaime Estes,1,1,0,0,0,0,0,0,0,0,0,4.3441358,1.8883737,3.9122322,0.45020747,0.33466503,0.36998618,0.31745544
171,2024-04-09 21:14:56,13,3,02 Elise Bjork,22 Sydney Loughran,0,0,0,0,0,0,0,0,0,0,1,23.332611,15.98373,-16.997974,0.5857538,0.64874,0.9343015,0.50307316
172,2024-04-09 21:20:12,13,3,03 Madi Cannon,02 Elise Bjork,0,0,0,0,0,0,0,0,1,1,0,6.879899,-3.2372122,6.0707054,0.93291837,0.5368777,0.80843705,0.56637985
173,2024-04-09 21:20:16,13,3,02 Elise Bjork,42 Meg Duffy,0,0,0,0,0,0,0,1,0,0,0,15.717684,0.20232412,15.716381,0.80843705,0.56637985,0.48616874,0.564536
174,2024-04-09 21:25:04,13,3,42 Meg Duffy,69 Jaime Estes,1,1,0,0,0,0,0,0,0,0,0,20.052195,19.153505,5.9358006,0.48616874,0.564536,0.36445367,0.38998157
175,2024-04-09 21:40:37,14,1,26 Amy Broome,73 Clara Stewart,0,0,0,0,0,0,0,0,0,0,0,16.662016,9.77908,13.490456,0.77524203,0.7378611,0.49861687,0.64874
176,2024-04-09 21:40:58,14,1,73 Clara Stewart,81 Mckenzie Bailey,0,0,0,0,0,0,0,1,0,0,0,17.234808,5.5302343,16.323452,0.49861687,0.64874,0.16390042,0.5983405
177,2024-04-09 21:41:02,14,1,81 Mckenzie Bailey,73 Clara Stewart,0,0,0,0,0,0,0,1,0,0,0,16.633854,-2.8325574,-16.390903,0.16390042,0.5983405,0.5,0.62415487
178,2024-04-09 21:41:26,14,1,73 Clara Stewart,03 Madi Cannon,0,0,0,0,0,0,0,0,0,0,1,24.339703,15.91629,-18.414473,0.5,0.62415487,0.87759334,0.47910264
179,2024-04-09 21:41:42,14,1,03 Madi Cannon,26 Amy Broome,0,0,0,0,0,0,0,1,0,1,0,18.737883,1.4162787,18.684282,0.87759334,0.47910264,0.4944675,0.46619546
180,2024-04-09 21:41:48,14,1,26 Amy Broome,88 Maddy Easton,0,0,0,0,0,0,0,0,0,0,1,20.421497,9.104661,18.27957,0.4944675,0.46619546,0.11964039,0.38322064
181,2024-04-09 21:41:58,14,1,88 Maddy Easton,71 Wren Vogel,0,0,0,0,0,0,0,0,0,1,0,10.076823,6.744192,-7.4872046,0.11964039,0.38322064,0.27316737,0.32175782
182,2024-04-09 21:42:06,14,1,71 Wren Vogel,31 Nikki Gilbert,0,0,0,0,0,0,0,0,0,0,0,11.683232,6.8790727,-9.443319,0.27316737,0.32175782,0.46680498,0.25906578
183,2024-04-09 21:42:14,14,1,31 Nikki Gilbert,73 Clara Stewart,0,0,0,0,0,0,0,0,1,0,0,7.0814,-7.0814,0.0,0.46680498,0.25906578,0.46680498,0.32360172
184,2024-04-09 21:42:19,14,1,73 Clara Stewart,88 Maddy Easton,0,0,0,0,0,1,0,0,0,0,1,23.296955,12.004662,19.965876,0.46680498,0.32360172,0.057399724,0.2141979
185,2024-04-09 21:42:25,14,1,88 Maddy Easton,03 Madi Cannon,0,0,0,1,1,0,0,0,0,1,0,9.438841,7.2837257,-6.0032535,0.057399724,0.2141979,0.18049793,0.14781807
186,2024-04-09 21:46:02,15,1,95 Megan Mendieta,05 Dre Esparza,0,0,0,0,0,0,0,1,0,0,0,15.297976,-1.2813948,15.244215,0.8167358,0.6929932,0.5041494,0.70467114
187,2024-04-09 21:46:51,15,1,05 Dre Esparza,19 Vanessa Bacorn,0,0,0,0,0,0,0,0,0,0,1,27.265266,16.658154,21.584732,0.5041494,0.70467114,0.0615491,0.552858
188,2024-04-09 21:47:11,15,1,19 Vanessa Bacorn,27 Jocelyn Jessop,0,0,0,0,0,0,0,1,0,1,0,16.500097,-7.351171,-14.772051,0.0615491,0.552858,0.36445367,0.6198525
189,2024-04-09 21:47:18,15,1,27 Jocelyn Jessop,05 Dre Esparza,0,0,0,0,0,0,0,0,0,0,1,13.694418,4.4511633,12.950839,0.36445367,0.6198525,0.0988935,0.57928705
190,2024-04-09 21:47:23,15,1,05 Dre Esparza,27 Jocelyn Jessop,0,0,0,0,0,0,0,0,1,1,0,8.990865,-4.181396,-7.9593706,0.0988935,0.57928705,0.26210237,0.617394
191,2024-04-09 21:47:50,15,1,27 Jocelyn Jessop,16 Kinsey Neas,0,0,0,0,0,0,0,0,0,0,1,25.47227,24.818624,5.7334447,0.26210237,0.617394,0.14453666,0.39121082
192,2024-04-09 21:47:54,15,1,16 Kinsey Neas,05 Dre Esparza,0,0,0,0,0,0,0,0,0,1,1,4.594682,0.26976767,4.5867558,0.14453666,0.39121082,0.050484095,0.3887523
193,2024-04-09 21:47:59,15,1,05 Dre Esparza,16 Kinsey Neas,0,0,0,0,0,0,0,0,0,1,0,10.626241,-0.8767433,-10.59001,0.050484095,0.3887523,0.26763487,0.39674246
194,2024-04-09 21:48:06,15,1,16 Kinsey Neas,27 Jocelyn Jessop,0,0,0,0,0,0,0,0,1,0,0,13.402359,-5.0581455,-12.41122,0.26763487,0.39674246,0.52213,0.4428396
195,2024-04-09 21:48:12,15,1,27 Jocelyn Jessop,05 Dre Esparza,0,0,0,0,0,0,0,0,1,0,0,9.381645,-1.6186061,9.240962,0.52213,0.4428396,0.33264178,0.45759067
196,2024-04-09 21:48:42,15,1,05 Dre Esparza,12 Annie Ortiz,0,0,0,0,0,0,0,0,0,0,0,10.648701,9.441869,4.924017,0.33264178,0.45759067,0.23167358,0.37154272
197,2024-04-09 21:48:45,15,1,12 Annie Ortiz,05 Dre Esparza,0,0,0,0,0,0,0,0,1,0,0,14.564833,-1.3488384,-14.50224,0.23167358,0.37154272,0.52904564,0.3838353
198,2024-04-09 21:48:49,15,1,05 Dre Esparza,27 Jocelyn Jessop,0,0,0,0,0,0,0,0,0,0,0,12.95944,-0.47209182,-12.950838,0.52904564,0.3838353,0.7946058,0.38813767
199,2024-04-09 21:48:56,15,1,27 Jocelyn Jessop,95 Megan Mendieta,0,0,0,0,0,0,0,0,0,0,0,20.376944,10.925588,17.20033,0.7946058,0.38813767,0.44190872,0.28856793
200,2024-04-09 21:49:07,15,1,95 Megan Mendieta,05 Dre Esparza,0,0,0,0,0,0,0,0,1,0,0,5.2005796,-2.900001,4.316946,0.44190872,0.28856793,0.35338867,0.31499693
201,2024-04-09 21:49:11,15,1,05 Dre Esparza,95 Megan Mendieta,0,0,0,0,0,0,0,0,1,0,0,9.050632,-4.181399,-8.026821,0.35338867,0.31499693,0.51798064,0.35310388
202,2024-04-09 21:49:19,15,1,95 Megan Mendieta,05 Dre Esparza,0,0,0,0,0,0,0,0,0,0,0,13.638334,6.946516,-11.736697,0.51798064,0.35310388,0.7586445,0.2897972
203,2024-04-09 21:49:45,15,1,05 Dre Esparza,27 Jocelyn Jessop,1,1,0,1,0,0,0,0,0,0,0,15.259922,15.241874,0.74197507,0.7586445,0.2897972,0.74343014,0.15089121
204,2024-04-09 21:52:43,15,2,31 Nikki Gilbert,81 Mckenzie Bailey,0,0,0,0,0,0,0,0,0,0,0,12.355334,4.248846,-11.601792,0.4515906,0.76060236,0.68948823,0.72188073
205,2024-04-09 21:53:18,15,2,81 Mckenzie Bailey,73 Clara Stewart,0,0,0,0,0,0,0,1,0,0,0,16.700367,-1.8883737,16.593262,0.68948823,0.72188073,0.3492393,0.7390903
206,2024-04-09 21:53:31,15,2,73 Clara Stewart,26 Amy Broome,0,0,0,0,0,0,0,0,0,0,1,16.469275,12.139539,11.129627,0.3492393,0.7390903,0.12102351,0.6284573
207,2024-04-09 21:53:34,15,2,26 Amy Broome,88 Maddy Easton,0,0,0,0,0,0,0,0,0,1,1,14.564591,14.230247,3.102805,0.12102351,0.6284573,0.057399724,0.49877074
208,2024-04-09 21:53:57,15,2,88 Maddy Easton,31 Nikki Gilbert,0,0,0,0,0,1,0,0,0,1,1,35.759315,35.67677,-2.4282823,0.057399724,0.49877074,0.107192256,0.17363246
209,2024-04-09 21:54:25,15,2,31 Nikki Gilbert,88 Maddy Easton,0,0,0,1,1,0,0,0,0,1,0,5.6486654,1.1465126,-5.5310874,0.107192256,0.17363246,0.22060858,0.16318378
210,2024-04-09 21:56:15,16,1,42 Meg Duffy,69 Jaime Estes,0,0,0,0,0,0,0,0,0,0,1,19.306974,10.52094,-16.188547,0.5207469,0.47295636,0.8526971,0.37707436
211,2024-04-09 21:56:47,16,1,69 Jaime Estes,10 Gaby Cuina,0,0,0,0,0,0,0,1,0,1,0,17.849207,4.518607,17.267784,0.8526971,0.37707436,0.49861687,0.3358943
212,2024-04-09 21:57:03,16,1,10 Gaby Cuina,42 Meg Duffy,0,0,0,0,0,0,0,0,0,0,0,6.224406,3.1023283,5.3961825,0.49861687,0.3358943,0.3879668,0.3076214
213,2024-04-09 21:57:31,16,1,42 Meg Duffy,02 Elise Bjork,0,0,0,0,0,0,0,0,1,0,0,8.714076,-6.946516,5.2612777,0.3879668,0.3076214,0.280083,0.37092808
214,2024-04-09 21:57:35,16,1,02 Elise Bjork,42 Meg Duffy,0,0,0,0,0,0,0,0,1,0,0,6.921287,-1.5511658,-6.745228,0.280083,0.37092808,0.41839558,0.38506454
215,2024-04-09 21:57:41,16,1,42 Meg Duffy,02 Elise Bjork,0,0,0,0,0,0,0,0,0,0,0,16.473831,7.688379,-14.569693,0.41839558,0.38506454,0.71715075,0.31499693
216,2024-04-09 21:57:45,16,1,02 Elise Bjork,42 Meg Duffy,0,0,0,0,0,1,0,0,0,0,0,6.442412,6.3395405,1.1466888,0.71715075,0.31499693,0.6936376,0.25722188
217,2024-04-09 21:57:49,16,1,42 Meg Duffy,22 Sydney Loughran,0,0,0,1,1,0,0,0,0,0,1,16.987558,14.297686,-9.173511,0.6936376,0.25722188,0.8817427,0.12692071
218,2024-04-09 21:59:57,17,1,05 Dre Esparza,95 Megan Mendieta,0,0,0,0,0,0,0,0,1,0,0,8.233182,-4.720931,-6.745228,0.49031812,0.79748005,0.6286307,0.840504
219,2024-04-09 22:00:23,17,1,95 Megan Mendieta,16 Kinsey Neas,0,0,0,0,0,0,0,0,0,0,1,27.021614,21.379084,-16.525808,0.6286307,0.840504,0.9674965,0.6456669
220,2024-04-09 22:01:09,17,1,16 Kinsey Neas,95 Megan Mendieta,0,0,0,0,0,0,0,0,0,1,1,7.622133,7.620939,-0.13490456,0.9674965,0.6456669,0.97026277,0.5762139
221,2024-04-09 22:01:16,17,1,95 Megan Mendieta,05 Dre Esparza,0,0,0,0,0,0,0,0,0,1,1,6.691013,4.0465155,5.32873,0.97026277,0.5762139,0.8609958,0.5393362
222,2024-04-09 22:01:35,17,1,05 Dre Esparza,16 Kinsey Neas,0,0,0,0,0,0,0,1,0,1,0,17.88973,7.7558193,16.121096,0.8609958,0.5393362,0.53042877,0.46865398
223,2024-04-09 22:01:50,17,1,16 Kinsey Neas,27 Jocelyn Jessop,0,0,0,0,0,0,0,1,0,0,0,16.63469,-6.002326,15.514025,0.53042877,0.46865398,0.21230982,0.52335584
224,2024-04-09 22:02:00,17,1,27 Jocelyn Jessop,16 Kinsey Neas,0,0,0,0,0,0,0,0,0,0,0,13.345015,6.474421,-11.669245,0.21230982,0.52335584,0.4515906,0.46435156
225,2024-04-09 22:02:16,17,1,16 Kinsey Neas,27 Jocelyn Jessop,0,0,0,0,0,0,0,0,1,0,0,12.311608,-5.800005,10.8598175,0.4515906,0.46435156,0.22890733,0.5172096
226,2024-04-09 22:02:38,17,1,27 Jocelyn Jessop,16 Kinsey Neas,0,0,0,0,0,0,0,1,0,0,0,21.30494,4.7209344,-20.775303,0.22890733,0.5172096,0.6549101,0.47418562
227,2024-04-09 22:02:46,17,1,16 Kinsey Neas,15 Elise Franke,0,0,0,0,0,0,0,0,0,0,0,14.780679,6.6093082,13.220647,0.6549101,0.47418562,0.38381743,0.41395205
228,2024-04-09 22:02:57,17,1,15 Elise Franke,05 Dre Esparza,0,0,0,0,0,0,0,0,1,0,0,11.637938,-4.5186105,-10.724913,0.38381743,0.41395205,0.60373443,0.45513216
229,2024-04-09 22:03:03,17,1,05 Dre Esparza,95 Megan Mendieta,0,0,0,0,0,0,0,1,0,0,0,17.218082,5.0581455,16.458357,0.60373443,0.45513216,0.26625174,0.40903503
230,2024-04-09 22:03:10,17,1,95 Megan Mendieta,12 Annie Ortiz,0,0,0,0,0,0,0,0,0,0,0,14.152146,11.465127,-8.296631,0.26625174,0.40903503,0.4363762,0.30454823
231,2024-04-09 22:03:21,17,1,12 Annie Ortiz,05 Dre Esparza,0,0,0,0,0,0,0,0,1,0,0,10.237663,-9.374429,4.114589,0.4363762,0.30454823,0.35200554,0.38998157
232,2024-04-09 22:03:26,17,1,05 Dre Esparza,12 Annie Ortiz,0,0,0,0,0,0,0,0,1,0,0,8.852644,-1.9558141,-8.633892,0.35200554,0.38998157,0.52904564,0.40780577
233,2024-04-09 22:03:29,17,1,12 Annie Ortiz,05 Dre Esparza,0,0,0,0,0,0,0,0,0,0,0,6.3160625,5.462794,3.170257,0.52904564,0.40780577,0.46403873,0.3580209
234,2024-04-09 22:03:42,17,1,05 Dre Esparza,15 Elise Franke,0,0,0,0,0,0,0,0,0,0,0,17.510294,10.386056,14.097527,0.46403873,0.3580209,0.17496543,0.26336816
235,2024-04-09 22:03:50,17,1,15 Elise Franke,05 Dre Esparza,0,0,0,0,0,0,0,0,1,0,0,5.4231296,-5.32791,1.0117842,0.17496543,0.26336816,0.15421854,0.31192377
236,2024-04-09 22:06:27,17,1,73 Clara Stewart,26 Amy Broome,0,0,0,0,0,0,0,1,0,0,0,18.004278,-5.934889,-16.997974,0.15560167,0.34572834,0.5041494,0.39981562
237,2024-04-09 22:06:39,17,1,26 Amy Broome,03 Madi Cannon,0,0,0,0,0,0,0,0,0,0,1,22.434137,12.813965,18.414473,0.5041494,0.39981562,0.12655602,0.28303626
238,2024-04-09 22:06:49,17,1,03 Madi Cannon,26 Amy Broome,0,0,0,0,0,0,0,0,1,1,0,15.043458,-8.093031,-12.681028,0.12655602,0.28303626,0.3865837,0.35679165
239,2024-04-09 22:06:56,17,1,26 Amy Broome,03 Madi Cannon,0,0,0,0,0,0,0,0,1,0,0,14.059201,-4.181399,-13.423004,0.3865837,0.35679165,0.6618257,0.3948986
240,2024-04-09 22:07:03,17,1,03 Madi Cannon,73 Clara Stewart,0,0,0,0,0,0,0,0,1,0,1,11.379858,-5.462794,-9.982938,0.6618257,0.3948986,0.86652833,0.44468346
241,2024-04-09 22:07:19,17,1,73 Clara Stewart,81 Mckenzie Bailey,0,0,0,0,0,0,0,1,0,1,1,39.878887,7.01396,39.25723,0.86652833,0.44468346,0.0615491,0.38076213
242,2024-04-09 22:07:25,17,1,81 Mckenzie Bailey,73 Clara Stewart,0,0,0,0,0,0,0,0,1,1,0,14.257556,-4.990702,-13.355553,0.0615491,0.38076213,0.33540803,0.42624462
243,2024-04-09 22:08:01,17,1,73 Clara Stewart,03 Madi Cannon,0,0,0,0,0,0,0,0,1,0,0,12.596855,-3.1023283,-12.208862,0.33540803,0.42624462,0.5857538,0.4545175
244,2024-04-09 22:08:09,17,1,03 Madi Cannon,73 Clara Stewart,0,0,0,0,0,0,0,0,0,0,0,12.008109,2.8325608,11.669245,0.5857538,0.4545175,0.34647304,0.42870313
245,2024-04-09 22:08:29,17,1,73 Clara Stewart,31 Nikki Gilbert,0,0,0,0,0,0,0,1,0,0,0,19.869135,-3.844191,-19.49371,0.34647304,0.42870313,0.7461964,0.46373695
246,2024-04-09 22:08:31,17,1,31 Nikki Gilbert,73 Clara Stewart,0,0,0,0,0,0,0,0,0,0,1,10.207007,4.990702,-8.903701,0.7461964,0.46373695,0.928769,0.41825446
247,2024-04-09 22:08:37,17,1,73 Clara Stewart,31 Nikki Gilbert,0,0,0,0,0,0,0,0,0,1,0,13.110163,2.4279091,12.883386,0.928769,0.41825446,0.66459197,0.39612785
248,2024-04-09 22:09:08,17,1,31 Nikki Gilbert,03 Madi Cannon,0,0,0,0,0,0,0,0,0,0,1,35.29225,20.300018,28.869576,0.66459197,0.39612785,0.07261411,0.21112476
249,2024-04-09 22:09:17,17,1,03 Madi Cannon,73 Clara Stewart,0,0,0,0,0,0,0,0,1,1,1,6.4243574,-6.4069824,0.47216597,0.07261411,0.21112476,0.06293223,0.26951444
250,2024-04-09 22:09:24,17,1,73 Clara Stewart,03 Madi Cannon,0,0,0,0,0,0,0,1,0,1,0,31.987223,-2.2930253,-31.904928,0.06293223,0.26951444,0.71715075,0.2904118
251,2024-04-09 22:09:31,17,1,03 Madi Cannon,73 Clara Stewart,0,0,0,0,0,0,0,0,0,0,0,8.417761,6.67675,5.1263733,0.71715075,0.2904118,0.6120332,0.22956361
252,2024-04-09 22:09:38,17,1,73 Clara Stewart,03 Madi Cannon,0,0,0,0,0,0,0,0,0,0,1,13.807845,3.2372122,-13.423004,0.6120332,0.22956361,0.8872752,0.20006146
253,2024-04-09 22:09:58,17,1,03 Madi Cannon,31 Nikki Gilbert,0,0,0,0,0,0,0,0,1,1,0,8.342877,-5.26047,6.475419,0.8872752,0.20006146,0.75449514,0.24800245
254,2024-04-09 22:10:25,17,1,31 Nikki Gilbert,03 Madi Cannon,0,0,0,0,0,1,0,0,1,0,0,5.0079274,-3.5069816,-3.574971,0.75449514,0.24800245,0.8278008,0.27996314
255,2024-04-09 22:10:27,17,1,03 Madi Cannon,31 Nikki Gilbert,0,0,0,1,1,0,0,0,0,0,1,14.935268,14.02792,-5.1263733,0.8278008,0.27996314,0.93291837,0.15212047
256,2024-04-09 22:15:04,19,1,07 Shiru Liu,69 Jaime Estes,0,0,0,0,0,0,0,0,0,0,0,18.943375,11.060475,15.37912,0.49031812,0.66472036,0.17496543,0.56392133
257,2024-04-09 22:15:13,19,1,69 Jaime Estes,22 Sydney Loughran,1,1,0,0,0,0,0,0,0,0,1,12.156604,10.790708,5.59854,0.17496543,0.56392133,0.060165975,0.46558082
258,2024-04-09 22:17:08,20,1,26 Amy Broome,73 Clara Stewart,0,0,0,0,0,0,0,0,0,1,0,14.367462,6.8790727,12.613577,0.87344396,0.6985249,0.61479944,0.63583285
259,2024-04-09 22:17:15,20,1,73 Clara Stewart,31 Nikki Gilbert,0,0,0,0,0,0,0,0,0,0,1,17.779722,9.037221,-15.311667,0.61479944,0.63583285,0.928769,0.55347264
260,2024-04-09 22:17:55,20,1,31 Nikki Gilbert,88 Maddy Easton,0,0,0,0,0,0,0,0,0,1,0,14.033246,8.969774,10.792365,0.928769,0.55347264,0.70746887,0.4717271
261,2024-04-09 22:17:59,20,1,88 Maddy Easton,73 Clara Stewart,0,0,0,0,0,1,0,0,0,0,0,12.069592,5.6651216,10.65746,0.70746887,0.4717271,0.488935,0.42009833
262,2024-04-09 22:18:11,20,1,73 Clara Stewart,03 Madi Cannon,0,0,0,1,1,0,0,0,0,0,0,33.901234,33.855843,-1.7537593,0.488935,0.42009833,0.52489626,0.11155501
263,2024-04-09 22:21:03,21,1,12 Annie Ortiz,05 Dre Esparza,0,0,0,0,0,0,0,0,0,1,1,12.140292,12.139543,-0.13490456,0.98547715,0.56269205,0.9882434,0.452059
264,2024-04-09 22:21:16,21,1,05 Dre Esparza,12 Annie Ortiz,0,0,0,0,0,0,0,1,0,1,0,24.620966,-6.0023293,23.878107,0.9882434,0.452059,0.49861687,0.5067609
265,2024-04-09 22:21:25,21,1,12 Annie Ortiz,15 Elise Franke,0,0,0,0,0,0,0,1,0,0,1,22.578913,5.1255827,21.989445,0.49861687,0.5067609,0.047717843,0.46004918
266,2024-04-09 22:21:35,21,1,15 Elise Franke,05 Dre Esparza,0,0,0,0,0,0,0,0,1,1,0,12.824688,-8.295351,-9.780581,0.047717843,0.46004918,0.2482711,0.5356484
267,2024-04-09 22:21:47,21,1,05 Dre Esparza,27 Jocelyn Jessop,0,0,0,0,0,0,0,0,0,0,0,24.504395,12.206983,-21.247469,0.2482711,0.5356484,0.6839557,0.42440075
268,2024-04-09 22:21:59,21,1,27 Jocelyn Jessop,12 Annie Ortiz,0,0,0,0,0,0,0,1,0,0,0,20.402918,5.800005,19.561161,0.6839557,0.42440075,0.28284925,0.37154272
269,2024-04-09 22:22:19,21,1,12 Annie Ortiz,95 Megan Mendieta,0,0,0,0,0,1,0,1,0,0,0,16.81927,4.3162827,-16.255999,0.28284925,0.37154272,0.61618257,0.33220652
270,2024-04-09 22:22:37,21,1,95 Megan Mendieta,16 Kinsey Neas,0,0,0,1,1,0,0,0,0,0,1,30.216791,19.35583,23.203585,0.61618257,0.33220652,0.14038728,0.15580824
271,2024-04-09 22:26:00,23,1,26 Amy Broome,73 Clara Stewart,0,0,0,0,0,0,0,0,0,1,0,12.6475,10.655827,6.8126802,0.97441214,0.6628765,0.83471644,0.5657652
272,2024-04-09 22:28:42,23,1,88 Maddy Easton,69 Jaime Estes,0,0,0,0,0,1,0,0,1,0,0,3.509572,-3.5069783,0.13490456,0.50829875,0.19145668,0.5055325,0.22341733
273,2024-04-09 22:30:10,23,1,69 Jaime Estes,71 Wren Vogel,0,0,0,1,1,0,0,1,0,0,0,17.043026,7.6209354,15.244215,0.5055325,0.22341733,0.19294606,0.15396436
274,2024-04-09 22:31:42,25,1,42 Meg Duffy,69 Jaime Estes,0,0,0,0,0,1,0,0,0,1,0,39.328568,33.923283,19.898422,0.9190871,0.4889367,0.511065,0.17977874
275,2024-04-09 22:32:21,25,1,69 Jaime Estes,22 Sydney Loughran,0,0,0,1,1,0,0,0,0,0,0,11.857531,7.081402,9.510772,0.511065,0.17977874,0.31604427,0.11524278
276,2024-04-09 22:34:57,26,1,26 Amy Broome,81 Mckenzie Bailey,0,0,0,0,0,0,0,1,0,0,0,15.796118,3.3046558,15.446572,0.78769016,0.7089736,0.47095436,0.6788568
277,2024-04-09 22:35:06,26,1,81 Mckenzie Bailey,31 Nikki Gilbert,0,0,0,0,0,0,0,0,0,0,0,15.696975,14.904666,4.9240165,0.47095436,0.6788568,0.36998618,0.54302394
278,2024-04-09 22:35:12,26,1,31 Nikki Gilbert,71 Wren Vogel,0,0,0,0,0,0,0,0,0,0,0,11.197429,5.800002,-9.578224,0.36998618,0.54302394,0.56639004,0.49016595
279,2024-04-09 22:36:41,26,1,71 Wren Vogel,15 Elise Franke,1,1,0,1,0,0,0,0,0,0,0,37.477394,37.227936,4.316946,0.56639004,0.49016595,0.47787,0.15089121
280,2024-04-09 22:38:01,26,2,02 Elise Bjork,42 Meg Duffy,0,0,0,1,1,0,0,0,0,0,1,10.410177,9.441867,4.384398,0.22475795,0.23448063,0.13485478,0.1484327
281,2024-04-09 22:38:59,27,1,27 Jocelyn Jessop,95 Megan Mendieta,0,0,0,0,0,0,0,1,0,0,0,18.983902,2.4953527,-18.819185,0.17081605,0.81591886,0.55670816,0.7931776
282,2024-04-09 22:39:10,27,1,95 Megan Mendieta,16 Kinsey Neas,0,0,0,0,0,0,0,0,0,0,0,24.539518,22.593042,9.578224,0.55670816,0.7931776,0.3603043,0.5872772
283,2024-04-09 22:39:17,27,1,16 Kinsey Neas,12 Annie Ortiz,0,0,0,0,0,0,0,0,1,0,1,12.80169,-1.7534932,12.68103,0.3603043,0.5872772,0.10027663,0.60325754
284,2024-04-09 22:39:47,27,1,12 Annie Ortiz,95 Megan Mendieta,0,0,0,0,0,0,0,0,1,1,0,22.621,-8.295355,-21.045113,0.10027663,0.60325754,0.5318119,0.6788568
285,2024-04-09 22:39:52,27,1,95 Megan Mendieta,15 Elise Franke,0,0,0,0,0,0,0,0,0,0,0,21.912209,18.546526,11.669245,0.5318119,0.6788568,0.29253113,0.50983405
286,2024-04-09 22:40:03,27,1,15 Elise Franke,05 Dre Esparza,1,1,0,0,0,0,0,0,0,0,0,22.958694,9.91396,-20.70785,0.29253113,0.50983405,0.71715075,0.41948372
287,2024-04-09 22:41:00,27,2,05 Dre Esparza,95 Megan Mendieta,0,0,0,0,0,0,0,0,0,0,0,16.014364,12.072103,-10.522556,0.21784233,0.8073141,0.43360996,0.69729567
288,2024-04-09 22:41:31,27,2,95 Megan Mendieta,16 Kinsey Neas,0,0,0,0,0,0,0,1,0,0,0,20.542109,6.2721004,-19.561161,0.43360996,0.69729567,0.83471644,0.6401352
289,2024-04-09 22:41:37,27,2,16 Kinsey Neas,95 Megan Mendieta,0,0,0,0,0,0,0,1,0,0,0,16.394371,-0.33721125,16.390903,0.83471644,0.6401352,0.49861687,0.6432084
290,2024-04-09 22:41:55,27,2,95 Megan Mendieta,16 Kinsey Neas,1,1,0,0,0,0,1,0,0,0,0,40.294243,36.95817,16.053642,0.49861687,0.6432084,0.16943292,0.30639213
