Number,Name,Trimmed Name,Assists,Goals,Ds,Turnovers,Team,Home/Away,Week,Opponent
87,Christina Marsicano,Christina Marsicano,,,1,1,Atlanta Soul,Home,4,MIN
87,Christina Marsicano,Christina Marsicano,,1,,1,Atlanta Soul,Away,6,IND
87,Christina Marsicano,Christina Marsicano,0,0,0,0,Atlanta Soul,Home,7,RAL
87,Christina Marsicano,Christina Marsicano,1,1,,,Atlanta Soul,Away,8,ATX
87,Christina Marsicano,Christina Marsicano,0,2,0,1,Atlanta Soul,Away,11,CBUS
87,Christina Marsicano,Christina Marsicano,0,1,5,0,Atlanta Soul,Home,10,NASH
2,Cori Bradham,Cori Bradham,,3,3,3,Atlanta Soul,Home,4,MIN
2,Cori Bradham,Cori Bradham,2,2,0,3,Atlanta Soul,Home,7,RAL
2,Cori Bradham,Cori Bradham,1,2,1,2,Atlanta Soul,Away,8,ATX
2,Cori Bradham,Cori Bradham,2,6,1,3,Atlanta Soul,Away,11,CBUS
2,Cori Bradham,Cori Bradham,2,2,1,3,Atlanta Soul,Home,10,NASH
3,Dana Bidot,Dana Bidot,1,1,1,,Atlanta Soul,Away,6,IND
3,Dana Bidot,Dana Bidot,0,3,0,0,Atlanta Soul,Home,7,RAL
3,Dana Bidot,Dana Bidot,,1,1,2,Atlanta Soul,Away,8,ATX
3,Dana Bidot,Dana Bidot,0,0,0,4,Atlanta Soul,Away,11,CBUS
3,Dana Bidot,Dana Bidot,0,2,0,0,Atlanta Soul,Home,10,NASH
8,Dani Ortiz,Dani Ortiz,,,,1,Atlanta Soul,Home,4,MIN
8,Dani Ortiz,Dani Ortiz,1,1,1,2,Atlanta Soul,Away,6,IND
8,Dani Ortiz,Dani Ortiz,0,0,0,1,Atlanta Soul,Home,7,RAL
8,Dani Ortiz,Dani Ortiz,,,,4,Atlanta Soul,Away,8,ATX
8,Dani Ortiz,Dani Ortiz,1,0,1,2,Atlanta Soul,Away,11,CBUS
8,Dani Ortiz,Dani Ortiz,0,1,1,3,Atlanta Soul,Home,10,NASH
22,Danni Cordes,Danni Cordes,,,1,2,Atlanta Soul,Home,4,MIN
22,Danni Cordes,Danni Cordes,1,,2,3,Atlanta Soul,Away,6,IND
22,Danni Cordes,Danni Cordes,0,0,0,4,Atlanta Soul,Home,7,RAL
22,Danni Cordes,Danni Cordes,,,2,,Atlanta Soul,Away,8,ATX
22,Danni Cordes,Danni Cordes,0,0,0,0,Atlanta Soul,Away,11,CBUS
22,Danni Cordes,Danni Cordes,0,0,0,0,Atlanta Soul,Home,10,NASH
19,Elle Mayer,Elle Mayer,,,,,Atlanta Soul,Home,4,MIN
19,Elle Mayer,Elle Mayer,1,0,0,0,Atlanta Soul,Away,11,CBUS
19,Elle Mayer,Elle Mayer,0,0,0,0,Atlanta Soul,Home,10,NASH
12,Emma Jaschke,Emma Jaschke,,,,,Atlanta Soul,Home,4,MIN
12,Emma Jaschke,Emma Jaschke,,,,2,Atlanta Soul,Away,6,IND
12,Emma Jaschke,Emma Jaschke,0,1,0,0,Atlanta Soul,Home,7,RAL
12,Emma Jaschke,Emma Jaschke,0,0,0,0,Atlanta Soul,Home,10,NASH
13,Emma Jones,Emma Jones,1,,1,2,Atlanta Soul,Home,4,MIN
13,Emma Jones,Emma Jones,3,1,,2,Atlanta Soul,Away,6,IND
13,Emma Jones,Emma Jones,1,,1,2,Atlanta Soul,Away,8,ATX
13,Emma Jones,Emma Jones,1,1,1,1,Atlanta Soul,Away,11,CBUS
13,Emma Jones,Emma Jones,2,1,2,1,Atlanta Soul,Home,10,NASH
25,Erin Goding,Erin Goding,,2,1,,Atlanta Soul,Home,4,MIN
25,Erin Goding,Erin Goding,,,1,2,Atlanta Soul,Away,6,IND
25,Erin Goding,Erin Goding,2,0,0,6,Atlanta Soul,Home,7,RAL
25,Erin Goding,Erin Goding,,1,,,Atlanta Soul,Away,8,ATX
25,Erin Goding,Erin Goding,0,1,1,0,Atlanta Soul,Home,10,NASH
52,Erynn Schroeder,Erynn Schroeder,2,1,3,5,Atlanta Soul,Home,4,MIN
52,Erynn Schroeder,Erynn Schroeder,1,1,,5,Atlanta Soul,Away,6,IND
52,Erynn Schroeder ,Erynn Schroeder,2,1,1,2,Atlanta Soul,Away,8,ATX
52,Erynn Schroeder,Erynn Schroeder,5,2,0,3,Atlanta Soul,Away,11,CBUS
52,Erynn Schroeder,Erynn Schroeder,5,1,0,1,Atlanta Soul,Home,10,NASH
9,Fiona Cashin,Fiona Cashin,,,,,Atlanta Soul,Home,4,MIN
9,Fiona Cashin,Fiona Cashin,0,3,0,1,Atlanta Soul,Home,7,RAL
9,Fiona Cashin,Fiona Cashin,,,,1,Atlanta Soul,Away,8,ATX
9,Fiona Cashin,Fiona Cashin,1,2,1,1,Atlanta Soul,Away,11,CBUS
9,Fiona Cashin,Fiona Cashin,0,4,2,0,Atlanta Soul,Home,10,NASH
5,Lily Ponitz,Lily Ponitz,,,,2,Atlanta Soul,Home,4,MIN
5,Lily Ponitz,Lily Ponitz,,,,1,Atlanta Soul,Away,6,IND
5,Lily Ponitz,Lily Ponitz,0,0,1,1,Atlanta Soul,Home,7,RAL
5,Lily Ponitz,Lily Ponitz,,,,1,Atlanta Soul,Away,8,ATX
5,Lily Ponitz,Lily Ponitz,2,0,0,0,Atlanta Soul,Away,11,CBUS
5,Lily Ponitz,Lily Ponitz,0,0,0,1,Atlanta Soul,Home,10,NASH
14,Lindsi Allman,Lindsi Allman,,,,,Atlanta Soul,Home,4,MIN
14,Lindsi Allman,Lindsi Allman,,,,1,Atlanta Soul,Away,6,IND
14,Lindsi Allman,Lindsi Allman,0,1,1,0,Atlanta Soul,Away,11,CBUS
14,Lindsi Allman,Lindsi Allman,1,0,0,3,Atlanta Soul,Home,10,NASH
31,María Vargas,María Vargas,,,1,4,Atlanta Soul,Home,4,MIN
31,María Vargas,María Vargas,2,,2,1,Atlanta Soul,Away,6,IND
31,María Vargas,María Vargas,1,0,0,2,Atlanta Soul,Home,7,RAL
31,María Vargas,María Vargas,,,,1,Atlanta Soul,Away,8,ATX
31,María Vargas,María Vargas,1,0,0,0,Atlanta Soul,Away,11,CBUS
31,María Vargas,María Vargas,0,0,0,1,Atlanta Soul,Home,10,NASH
10,Mia Griner,Mia Griner,1,,2,1,Atlanta Soul,Home,4,MIN
10,Mia Griner,Mia Griner,,1,1,3,Atlanta Soul,Away,6,IND
10,Mia Griner,Mia Griner,1,3,1,2,Atlanta Soul,Home,7,RAL
10,Mia Griner,Mia Griner,1,2,2,3,Atlanta Soul,Away,8,ATX
10,Mia Griner,Mia Griner,0,1,0,5,Atlanta Soul,Away,11,CBUS
10,Mia Griner,Mia Griner,2,1,2,0,Atlanta Soul,Home,10,NASH
26,Morgan Lally,Morgan Lally,,1,1,2,Atlanta Soul,Home,4,MIN
26,Morgan Lally,Morgan Lally,,,2,,Atlanta Soul,Away,8,ATX
26,Morgan Lally,Morgan Lally,0,2,1,1,Atlanta Soul,Away,11,CBUS
26,Morgan Lally,Morgan Lally,1,2,0,2,Atlanta Soul,Home,10,NASH
18,Naomi Anderson,Naomi Anderson,2,2,,4,Atlanta Soul,Home,4,MIN
18,Naomi Anderson,Naomi Anderson,2,2,3,8,Atlanta Soul,Away,6,IND
18,Naomi Anderson,Naomi Anderson,1,0,3,1,Atlanta Soul,Home,7,RAL
18,Naomi Anderson,Naomi Anderson,3,,,2,Atlanta Soul,Away,8,ATX
18,Naomi Anderson,Naomi Anderson,4,3,4,3,Atlanta Soul,Away,11,CBUS
18,Naomi Anderson,Naomi Anderson,0,2,4,2,Atlanta Soul,Home,10,NASH
6,Natalie Wilson,Natalie Wilson,2,3,1,,Atlanta Soul,Away,6,IND
6,Natalie Wilson,Natalie Wilson,2,3,0,1,Atlanta Soul,Home,7,RAL
6,Natalie Wilson,Natalie Wilson,,1,,1,Atlanta Soul,Away,8,ATX
6,Natalie Wilson,Natalie Wilson,0,2,1,1,Atlanta Soul,Away,11,CBUS
6,Natalie Wilson,Natalie Wilson,0,0,0,1,Atlanta Soul,Home,10,NASH
1,Quincy Booth,Quincy Booth,5,1,,4,Atlanta Soul,Home,4,MIN
1,Quincy Booth,Quincy Booth,6,1,0,7,Atlanta Soul,Home,7,RAL
1,Quincy Booth,Quincy Booth,1,2,,7,Atlanta Soul,Away,8,ATX
1,Quincy Booth,Quincy Booth,5,1,1,2,Atlanta Soul,Away,11,CBUS
1,Quincy Booth,Quincy Booth,7,1,1,7,Atlanta Soul,Home,10,NASH
15,Rachel Burzynski,Rachel Burzynski,,,,1,Atlanta Soul,Home,4,MIN
15,Rachel Burzynski,Rachel Burzynski,0,0,0,1,Atlanta Soul,Home,7,RAL
15,Rachel Burzynski,Rachel Burzynski,0,0,0,1,Atlanta Soul,Away,11,CBUS
15,Rachel Burzynski,Rachel Burzynski,0,0,0,1,Atlanta Soul,Home,10,NASH
21,Sam Li,Sam Li,,,,1,Atlanta Soul,Home,4,MIN
21,Sam Li,Sam Li,,,1,3,Atlanta Soul,Away,6,IND
21,Sam Li,Sam Li,0,0,0,1,Atlanta Soul,Home,7,RAL
21,Sam Li,Sam Li,1,,,3,Atlanta Soul,Away,8,ATX
21,Sam Li,Sam Li,0,0,2,1,Atlanta Soul,Home,10,NASH
75,Sarah Kingsley,Sarah Kingsley,,1,,2,Atlanta Soul,Home,4,MIN
75,Sarah Kingsley,Sarah Kingsley,,,,,Atlanta Soul,Away,6,IND
75,Sarah Kingsley,Sarah Kingsley,0,0,0,0,Atlanta Soul,Home,7,RAL
75,Sarah Kingsley,Sarah Kingsley,0,0,1,0,Atlanta Soul,Away,11,CBUS
75,Sarah Kingsley,Sarah Kingsley,0,1,0,0,Atlanta Soul,Home,10,NASH
17,Susan Matthews,Susan Matthews,,,,1,Atlanta Soul,Home,4,MIN
17,Susan Matthews,Susan Matthews,1,0,0,0,Atlanta Soul,Home,7,RAL
,Tash Bedoya-Ross,Tash Bedoya-Ross,,,,1,Atlanta Soul,Home,4,MIN
27,Therese Doebler,Therese Doebler,,,1,,Atlanta Soul,Home,4,MIN
27,Therese Doebler,Therese Doebler,,2,,1,Atlanta Soul,Away,6,IND
27,Therese Doebler,Therese Doebler,0,0,0,0,Atlanta Soul,Home,7,RAL
27,Therese Doebler,Therese Doebler,,,,2,Atlanta Soul,Away,8,ATX
12,Annie Ortiz,Annie Ortiz,3,,,1,Austin Torch,Home,1,POR
12,Annie Ortiz,Annie Ortiz,3,2,,5,Austin Torch,Away,3,RAL
12,Annie Ortiz,Annie Ortiz,,,1,5,Austin Torch,Home,5,NASH
12,Annie Ortiz,Annie Ortiz,1,,1,1,Austin Torch,Home,8,ATL
12,Annie Ortiz,Annie Ortiz,1,,,,Austin Torch,Away,10,PHL
12,Annie Ortiz,Annie Ortiz,,,,,Austin Torch,Away,10,NY
18,Briana Taylor,Briana Taylor,,,,,Austin Torch,Home,5,NASH
33,Brianna Stedman,Brianna Stedman,,,1,2,Austin Torch,Home,1,POR
33,Brianna Stedman,Brianna Stedman,,1,,1,Austin Torch,Away,3,RAL
33,Brianna Stedman,Brianna Stedman,2,,,1,Austin Torch,Home,5,NASH
33,Brianna Stedman,Brianna Stedman,,,2,1,Austin Torch,Home,8,ATL
33,Brianna Stedman,Brianna Stedman,3,,,1,Austin Torch,Away,10,PHL
33,Brianna Stedman,Brianna Stedman,1,1,1,5,Austin Torch,Away,10,NY
5,Dre Esparza,Dre Esparza,1,,,1,Austin Torch,Home,1,POR
5,Dre Esparza,Dre Esparza,,,1,2,Austin Torch,Away,3,RAL
5,Dre Esparza,Dre Esparza,2,,,2,Austin Torch,Home,8,ATL
5,Dre Esparza,Dre Esparza,,1,,1,Austin Torch,Away,10,PHL
5,Dre Esparza,Dre Esparza,1,,,4,Austin Torch,Away,10,NY
2,Elise Bjork,Elise Bjork,,3,1,1,Austin Torch,Home,1,POR
2,Elise Bjork,Elise Bjork,3,1,2,4,Austin Torch,Away,3,RAL
2,Elise Bjork,Elise Bjork,1,1,,4,Austin Torch,Home,5,NASH
2,Elise Bjork,Elise Bjork,1,1,1,,Austin Torch,Home,8,ATL
2,Elise Bjork,Elise Bjork,,1,,1,Austin Torch,Away,10,PHL
2,Elise Bjork,Elise Bjork,2,,1,2,Austin Torch,Away,10,NY
15,Elise Franke,Elise Franke,,,,,Austin Torch,Home,1,POR
15,Elise Franke,Elise Franke,,,2,,Austin Torch,Away,3,RAL
15,Elise Franke,Elise Franke,,,,,Austin Torch,Home,8,ATL
1,Elizabeth Diamond,Elizabeth Diamond,,,,1,Austin Torch,Home,1,POR
1,Elizabeth Diamond,Elizabeth Diamond,1,,,,Austin Torch,Home,5,NASH
1,Elizabeth Diamond,Elizabeth Diamond,1,2,,,Austin Torch,Home,8,ATL
14,Emma Berrigan,Emma Berrigan,1,,,1,Austin Torch,Home,1,POR
14,Emma Berrigan,Emma Berrigan,,2,1,,Austin Torch,Home,5,NASH
14,Emma Berrigan,Emma Berrigan,,2,,,Austin Torch,Home,8,ATL
14,Emma Berrigan,Emma Berrigan,1,,,,Austin Torch,Away,10,PHL
14,Emma Berrigan,Emma Berrigan,,1,1,,Austin Torch,Away,10,NY
10,Gaby Cuina,Gaby Cuina,1,,,1,Austin Torch,Home,1,POR
10,Gaby Cuina,Gaby Cuina,1,,,1,Austin Torch,Away,3,RAL
10,Gaby Cuina,Gaby Cuina,,,,2,Austin Torch,Home,5,NASH
10,Gaby Cuina,Gaby Cuina,,1,,,Austin Torch,Home,8,ATL
10,Gaby Cuina,Gaby Cuina,,,,1,Austin Torch,Away,10,PHL
10,Gaby Cuina,Gaby Cuina,1,,,2,Austin Torch,Away,10,NY
69,Jaime Estes,Jaime Estes,2,1,1,1,Austin Torch,Home,1,POR
69,Jaime Estes,Jaime Estes,1,2,2,,Austin Torch,Away,3,RAL
69,Jaime Estes,Jaime Estes,2,1,,2,Austin Torch,Home,5,NASH
69,Jaime Estes,Jaime Estes,5,2,,,Austin Torch,Home,8,ATL
69,Jaime Estes,Jaime Estes,,3,,1,Austin Torch,Away,10,PHL
69,Jaime Estes,Jaime Estes,2,,,1,Austin Torch,Away,10,NY
13,Julia Schmaltz,Julia Schmaltz,,3,,1,Austin Torch,Home,1,POR
13,Julia Schmaltz,Julia Schmaltz,1,2,1,2,Austin Torch,Away,3,RAL
13,Julia Schmaltz,Julia Schmaltz,,2,,1,Austin Torch,Home,8,ATL
13,Julia Schmaltz,Julia Schmaltz,,1,1,,Austin Torch,Away,10,PHL
13,Julia Schmaltz,Julia Schmaltz,,5,3,,Austin Torch,Away,10,NY
77,Kerry Younts,Kerry Younts,,,,,Austin Torch,Home,1,POR
77,Kerry Younts,Kerry Younts,,,2,,Austin Torch,Away,3,RAL
77,Kerry Younts,Kerry Younts,,1,1,2,Austin Torch,Home,5,NASH
77,Kerry Younts,Kerry Younts,1,1,,,Austin Torch,Home,8,ATL
77,Kerry Younts,Kerry Younts,,1,1,,Austin Torch,Away,10,PHL
77,Kerry Younts,Kerry Younts,,,1,2,Austin Torch,Away,10,NY
88,Maddy Easton,Maddy Easton,,,,,Austin Torch,Home,1,POR
88,Maddy Easton,Maddy Easton,,,,1,Austin Torch,Away,3,RAL
88,Maddy Easton,Maddy Easton,,1,1,3,Austin Torch,Home,5,NASH
88,Maddy Easton,Maddy Easton,,,,1,Austin Torch,Home,8,ATL
59,Maple Adkins-Threats,Maple Adkins-Threats,,1,,2,Austin Torch,Home,1,POR
59,Maple Adkins-Threats,Maple Adkins-Threats,,,,,Austin Torch,Home,5,NASH
59,Maple Adkins-Threats,Maple Adkins-Threats,,1,2,,Austin Torch,Home,8,ATL
4,MC Robbins,MC Robbins,,,,,Austin Torch,Home,1,POR
4,MC Robbins,MC Robbins,,,,,Austin Torch,Home,8,ATL
42,Meg Duffy,Meg Duffy,,,1,,Austin Torch,Home,1,POR
42,Meg Duffy,Meg Duffy,2,,1,1,Austin Torch,Away,3,RAL
42,Meg Duffy,Meg Duffy,1,1,,3,Austin Torch,Home,5,NASH
42,Meg Duffy,Meg Duffy,,,,,Austin Torch,Home,8,ATL
42,Meg Duffy,Meg Duffy,3,,,,Austin Torch,Away,10,PHL
42,Meg Duffy,Meg Duffy,,1,,4.5,Austin Torch,Away,10,NY
95,Megan Mendieta,Megan Mendieta,,,,,Austin Torch,Home,1,POR
95,Megan Mendieta,Megan Mendieta,2,,,1,Austin Torch,Home,5,NASH
95,Megan Mendieta,Megan Mendieta,2,,,1,Austin Torch,Home,8,ATL
95,Megan Mendieta,Megan Mendieta,,,,,Austin Torch,Away,10,PHL
95,Megan Mendieta,Megan Mendieta,1,,,2,Austin Torch,Away,10,NY
29,Meghan Rutledge,Meghan Rutledge,,1,,1,Austin Torch,Home,1,POR
29,Meghan Rutledge,Meghan Rutledge,,,2,1,Austin Torch,Home,5,NASH
29,Meghan Rutledge,Meghan Rutledge,,1,,1,Austin Torch,Home,8,ATL
29,Meghan Rutledge,Meghan Rutledge,1,,1,,Austin Torch,Away,10,PHL
29,Meghan Rutledge,Meghan Rutledge,,1,,4,Austin Torch,Away,10,NY
8,Mindy Radike,Mindy Radike,,,,1,Austin Torch,Home,1,POR
8,Mindy Radike,Mindy Radike,,,,,Austin Torch,Away,3,RAL
8,Mindy Radike,Mindy Radike,,,1,4,Austin Torch,Home,5,NASH
8,Mindy Radike,Mindy Radike,2,,2,1,Austin Torch,Home,8,ATL
8,Mindy Radike,Mindy Radike,,,,,Austin Torch,Away,10,PHL
8,Mindy Radike,Mindy Radike,1,,,6,Austin Torch,Away,10,NY
31,Nikki Gilbert,Nikki Gilbert,,,1,1,Austin Torch,Home,1,POR
31,Nikki Gilbert,Nikki Gilbert,,3,1,1,Austin Torch,Home,5,NASH
31,Nikki Gilbert,Nikki Gilbert,2,,,,Austin Torch,Home,8,ATL
17,Olympia Walker,Olympia Walker,1,2,1,,Austin Torch,Home,8,ATL
23,Rachel Yeager,Rachel Yeager,1,1,1,,Austin Torch,Home,1,POR
23,Rachel Yeager,Rachel Yeager,,,,1,Austin Torch,Away,3,RAL
23,Rachel Yeager,Rachel Yeager,,,,1,Austin Torch,Home,5,NASH
23,Rachel Yeager,Rachel Yeager,,,,,Austin Torch,Home,8,ATL
23,Rachel Yeager,Rachel Yeager,,2,,,Austin Torch,Away,10,PHL
23,Rachel Yeager,Rachel Yeager,,,1,,Austin Torch,Away,10,NY
20,Sanja Stojcic,Sanja Stojcic,,,,1,Austin Torch,Home,1,POR
20,Sanja Stojcic,Sanja Stojcic,1,,,2,Austin Torch,Home,5,NASH
16,Sarah Levinn,Sarah Levinn,,1,,,Austin Torch,Home,1,POR
16,Sarah Levinn,Sarah Levinn,1,1,,1,Austin Torch,Away,3,RAL
16,Sarah Levinn,Sarah Levinn,,3,3,1,Austin Torch,Home,5,NASH
16,Sarah Levinn,Sarah Levinn,1,3,,,Austin Torch,Home,8,ATL
16,Sarah Levinn,Sarah Levinn,1,2,,,Austin Torch,Away,10,PHL
16,Sarah Levinn,Sarah Levinn,1,1,2,4.5,Austin Torch,Away,10,NY
7,Shiru Liu,Shiru Liu,1,,,3,Austin Torch,Home,1,POR
7,Shiru Liu,Shiru Liu,1,,,2,Austin Torch,Away,3,RAL
7,Shiru Liu,Shiru Liu,3,,1,4,Austin Torch,Home,5,NASH
7,Shiru Liu,Shiru Liu,4,,,3,Austin Torch,Home,8,ATL
7,Shiru Liu,Shiru Liu,3,,,,Austin Torch,Away,10,PHL
7,Shiru Liu,Shiru Liu,,,,1,Austin Torch,Away,10,NY
27,Sierra Jensen,Sierra Jensen,,,,,Austin Torch,Home,1,POR
27,Sierra Jensen,Sierra Jensen,1,,,,Austin Torch,Away,3,RAL
27,Sierra Jensen,Sierra Jensen,,,1,1,Austin Torch,Home,5,NASH
27,Sierra Jensen,Sierra Jensen,,1,,,Austin Torch,Home,8,ATL
27,Sierra Jensen,Sierra Jensen,,1,1,,Austin Torch,Away,10,PHL
27,Sierra Jensen,Sierra Jensen,,,1,3,Austin Torch,Away,10,NY
99,Sierra Rimmer,Sierra Rimmer,1,2,1,3,Austin Torch,Home,1,POR
99,Sierra Rimmer,Sierra Rimmer,2,2,,5,Austin Torch,Away,3,RAL
99,Sierra Rimmer,Sierra Rimmer,1,,,6,Austin Torch,Home,5,NASH
99,Sierra Rimmer,Sierra Rimmer,,,,2,Austin Torch,Home,8,ATL
99,Sierra Rimmer,Sierra Rimmer,,1,,1,Austin Torch,Away,10,PHL
99,Sierra Rimmer,Sierra Rimmer,1,,1,3,Austin Torch,Away,10,NY
9,Summer Wilson,Summer Wilson,2,,1,3,Austin Torch,Home,1,POR
9,Summer Wilson,Summer Wilson,,3,,1,Austin Torch,Away,3,RAL
9,Summer Wilson,Summer Wilson,,,,2,Austin Torch,Home,5,NASH
9,Summer Wilson ,Summer Wilson,,3,,,Austin Torch,Home,8,ATL
9,Summer Wilson,Summer Wilson,,,,1,Austin Torch,Away,10,PHL
9,Summer Wilson,Summer Wilson,,1,1,1,Austin Torch,Away,10,NY
22,Sydney Overman,Sydney Overman,,,,,Austin Torch,Home,1,POR
22,Sydney Overman,Sydney Overman,,2,,,Austin Torch,Away,3,RAL
22,Sydney Overman,Sydney Overman,1,1,,,Austin Torch,Home,5,NASH
22,Sydney Overman,Sydney Overman,,1,2,,Austin Torch,Home,8,ATL
22,Sydney Overman,Sydney Overman,,,,1,Austin Torch,Away,10,PHL
22,Sydney Overman,Sydney Overman,,,,,Austin Torch,Away,10,NY
27,Alex Hughes,Alex Hughes,0,0,0,0,Columbus Pride,Away,1,RAL
27,Alex Hughes,Alex Hughes,,1,1,1,Columbus Pride,Home,7,MKE
27,Alex Hughes,Alex Hughes,,1,,,Columbus Pride,Away,8,MIN
27,Alex Hughes,Alex Hughes,,,1,,Columbus Pride,Away,10,IND
27,Alex Hughes,Alex Hughes,,,,,Columbus Pride,Home,11,ATL
27,Alex Hughes,Alex Hughes,,,,1,Columbus Pride,Home,3,NASH
1,Alora Reiff,Alora Reiff,0,0,0,2,Columbus Pride,Away,1,RAL
1,Alora Reiff,Alora Reiff,,,1,,Columbus Pride,Away,10,IND
1,Alora Reiff,Alora Reiff,1,1,,1,Columbus Pride,Home,3,NASH
28,Bailey Perkins,Bailey Perkins,0,1,0,1,Columbus Pride,Away,1,RAL
28,Bailey Perkins,Bailey Perkins,,,,1,Columbus Pride,Home,7,MKE
28,Bailey Perkins,Bailey Perkins,,,,,Columbus Pride,Away,8,MIN
28,Bailey Perkins,Bailey Perkins,,,,1,Columbus Pride,Away,10,IND
28,Bailey Perkins,Bailey Perkins,,,,,Columbus Pride,Home,11,ATL
28,Bailey Perkins,Bailey Perkins,,,,1,Columbus Pride,Home,3,NASH
8,Becky Moore,Becky Moore,1,1,1,2,Columbus Pride,Away,1,RAL
8,Becky Moore,Becky Moore,,1,1,,Columbus Pride,Home,7,MKE
8,Becky Moore,Becky Moore,,,,,Columbus Pride,Home,11,ATL
8,Becky Moore,Becky Moore,,2,,,Columbus Pride,Home,3,NASH
16,Charlie Andreasen,Charlie Andreasen,,,,,Columbus Pride,Home,7,MKE
16,Charlie Andreasen,Charlie Andreasen,,,,,Columbus Pride,Away,8,MIN
16,Charlie Andreasen,Charlie Andreasen,,,,,Columbus Pride,Away,10,IND
16,Charlie Andreasen,Charlie Andreasen,,,,,Columbus Pride,Home,11,ATL
13,Christie Lawry,Christie Lawry,,1,1,4,Columbus Pride,Home,7,MKE
13,Christie Lawry,Christie Lawry,,,,4,Columbus Pride,Home,3,NASH
6,Corinn Pruitt,Corinn Pruitt,0,0,2,3,Columbus Pride,Away,1,RAL
6,Corinn Pruitt,Corinn Pruitt,1,1,2,2,Columbus Pride,Home,7,MKE
6,Corinn Pruitt,Corinn Pruitt,,, ,5,Columbus Pride,Away,8,MIN
6,Corinn Pruitt,Corinn Pruitt,,,,1,Columbus Pride,Away,10,IND
6,Corinn Pruitt,Corinn Pruitt,,1,,1,Columbus Pride,Home,11,ATL
7,Delaney Marsalek,Delaney Marsalek,1,3,1,,Columbus Pride,Away,10,IND
7,Delaney Marsalek,Delaney Marsalek,,1,,,Columbus Pride,Home,11,ATL
7,Delaney Marsalek,Delaney Marsalek,,1,,,Columbus Pride,Home,3,NASH
9,Emily Evans,Emily Evans,0,0,0,0,Columbus Pride,Away,1,RAL
9,Emily Evans,Emily Evans,,,,,Columbus Pride,Home,7,MKE
9,Emily Evans,Emily Evans,,,,1,Columbus Pride,Away,10,IND
9,Emily Evans,Emily Evans,1,,,1,Columbus Pride,Home,11,ATL
9,Emily Evans,Emily Evans,,,,,Columbus Pride,Home,3,NASH
46,Graham Cunningham,Graham Cunningham,2,0,0,3,Columbus Pride,Away,1,RAL
46,Graham Cunningham,Graham Cunningham,1,,,4,Columbus Pride,Home,7,MKE
46,Graham Cunningham,Graham Cunningham,1,1,,8,Columbus Pride,Away,8,MIN
46,Graham Cunningham,Graham Cunningham,,,1,6,Columbus Pride,Away,10,IND
46,Graham Cunningham,Graham Cunningham,,,,,Columbus Pride,Home,11,ATL
46,Graham Cunningham,Graham Cunningham,1,2,1,2,Columbus Pride,Home,3,NASH
24,Hannah Grace Morrison,Hannah Grace Morrison,,,1,4,Columbus Pride,Away,10,IND
24,Hannah Grace Morrison,Hannah Grace Morrison,,,,,Columbus Pride,Home,11,ATL
38,Jenny Perry,Jenny Perry,0,0,0,2,Columbus Pride,Away,1,RAL
38,Jenny Perry,Jenny Perry,,,,1,Columbus Pride,Home,7,MKE
38,Jenny Perry,Jenny Perry,3,1,,3,Columbus Pride,Away,8,MIN
38,Jenny Perry,Jenny Perry,1,,,3,Columbus Pride,Away,10,IND
38,Jenny Perry,Jenny Perry,,,,,Columbus Pride,Home,11,ATL
38,Jenny Perry,Jenny Perry,1,,,1,Columbus Pride,Home,3,NASH
77,Katrina McGuire,Katrina McGuire,3,0,6,10,Columbus Pride,Away,1,RAL
77,Katrina McGuire,Katrina McGuire,3,1,,3,Columbus Pride,Home,7,MKE
77,Katrina McGuire,Katrina McGuire,3,,1,2,Columbus Pride,Away,8,MIN
77,Katrina McGuire,Katrina McGuire,2,1,1,6,Columbus Pride,Away,10,IND
77,Katrina McGuire,Katrina McGuire,,,,,Columbus Pride,Home,11,ATL
10,Lexie Thomas,Lexie Thomas,,1,,1,Columbus Pride,Home,11,ATL
10,Lexie Thomas,Lexie Thomas,3,,,,Columbus Pride,Home,3,NASH
11,Lisha Chen,Lisha Chen,0,0,2,1,Columbus Pride,Away,1,RAL
11,Lisha Chen,Lisha Chen,,1,,,Columbus Pride,Home,3,NASH
88,Maddie Pletzke,Maddie Pletzke,0,1,0,1,Columbus Pride,Away,1,RAL
88,Maddie Pletzke,Maddie Pletzke,2,,2,,Columbus Pride,Home,7,MKE
88,Maddie Pletzke,Maddie Pletzke,,,1,,Columbus Pride,Away,8,MIN
88,Maddie Pletzke,Maddie Pletzke,,,,,Columbus Pride,Home,11,ATL
88,Maddie Pletzke,Maddie Pletzke,2,1,1,5,Columbus Pride,Home,3,NASH
0,Maggie Rowell,Maggie Rowell,4,1,1,2,Columbus Pride,Away,1,RAL
0,Maggie Rowell,Maggie Rowell,3,2,,2,Columbus Pride,Home,7,MKE
0,Maggie Rowell,Maggie Rowell,,1,,4,Columbus Pride,Away,8,MIN
0,Maggie Rowell,Maggie Rowell,2,1,2,1,Columbus Pride,Away,10,IND
0,Maggie Rowell,Maggie Rowell,1,,,,Columbus Pride,Home,11,ATL
0,Maggie Rowell,Maggie Rowell,1,3,,3,Columbus Pride,Home,3,NASH
21,Mal Griffith,Mal Griffith,0,0,2,2,Columbus Pride,Away,1,RAL
21,Mal Griffith,Mal Griffith,,,1,1,Columbus Pride,Home,7,MKE
21,Mal Griffith,Mal Griffith,,1,,1,Columbus Pride,Away,8,MIN
21,Mal Griffith,Mal Griffith,,,2,2,Columbus Pride,Away,10,IND
21,Mal Griffith,Mal Griffith,,,1,,Columbus Pride,Home,11,ATL
21,Mal Griffith,Mal Griffith,,,2,1,Columbus Pride,Home,3,NASH
22,Mary Turner,Mary Turner,0,3,1,2,Columbus Pride,Away,1,RAL
22,Mary Turner,Mary Turner,,2,1,,Columbus Pride,Home,7,MKE
22,Mary Turner,Mary Turner,1,,1,1,Columbus Pride,Away,8,MIN
22,Mary Turner,Mary Turner,,4,1,,Columbus Pride,Away,10,IND
22,Mary Turner,Mary Turner,2,,,2,Columbus Pride,Home,11,ATL
22,Mary Turner,Mary Turner,1,3,2,,Columbus Pride,Home,3,NASH
12,Morgan Johnson,Morgan Johnson,,1,,,Columbus Pride,Home,7,MKE
12,Morgan Johnson,Morgan Johnson,,,1,,Columbus Pride,Away,8,MIN
12,Morgan Johnson,Morgan Johnson,,,,,Columbus Pride,Away,10,IND
12,Morgan Johnson,Morgan Johnson,,,,,Columbus Pride,Home,11,ATL
12,Morgan Johnson,Morgan Johnson,,,,,Columbus Pride,Home,3,NASH
2,Natalie Barnhart,Natalie Barnhart,0,0,0,1,Columbus Pride,Away,1,RAL
2,Natalie Barnhart,Natalie Barnhart,,,,,Columbus Pride,Home,7,MKE
2,Natalie Barnhart,Natalie Barnhart,,,1,3,Columbus Pride,Away,8,MIN
2,Natalie Barnhart,Natalie Barnhart,,,,2,Columbus Pride,Away,10,IND
2,Natalie Barnhart,Natalie Barnhart,,,,,Columbus Pride,Home,11,ATL
2,Natalie Barnhart,Natalie Barnhart,,,,3,Columbus Pride,Home,3,NASH
66,Rachel Graber,Rachel Graber,0,0,0,1,Columbus Pride,Away,1,RAL
66,Rachel Graber,Rachel Graber,,,,,Columbus Pride,Home,7,MKE
66,Rachel Graber,Rachel Graber,,,,,Columbus Pride,Away,10,IND
66,Rachel Graber,Rachel Graber,,,1,,Columbus Pride,Home,11,ATL
66,Rachel Graber,Rachel Graber,,,,,Columbus Pride,Home,3,NASH
4,Rachel Mast,Rachel Mast,0,2,1,2,Columbus Pride,Away,1,RAL
4,Rachel Mast,Rachel Mast,4,4,2,2,Columbus Pride,Home,7,MKE
4,Rachel Mast,Rachel Mast,1,5,1,2,Columbus Pride,Away,8,MIN
4,Rachel Mast,Rachel Mast,3,3,1,3,Columbus Pride,Away,10,IND
4,Rachel Mast,Rachel Mast,,2,,,Columbus Pride,Home,11,ATL
4,Rachel Mast,Rachel Mast,4,2,2,3,Columbus Pride,Home,3,NASH
91,Samantha Phillips,Samantha Phillips,0,1,0,6,Columbus Pride,Away,1,RAL
91,Samantha Phillips,Samantha Phillips,1,1,,3,Columbus Pride,Home,7,MKE
91,Samantha Phillips,Samantha Phillips,1,,1,7,Columbus Pride,Away,8,MIN
91,Samantha Phillips,Samantha Phillips,3,,1,5,Columbus Pride,Away,10,IND
91,Samantha Phillips,Samantha Phillips,1,,,1,Columbus Pride,Home,11,ATL
91,Samantha Phillips,Samantha Phillips,3,1,1,2,Columbus Pride,Home,3,NASH
24,Adi Malavé,Adi Malavé,,,,,DC Shadow,Home,2,IND
24,Adi Malavé,Adi Malavé,,1,,,DC Shadow,Away,3,MKE
24,Adi Malavé,Adi Malavé,0,0,0,1,DC Shadow,Away,6,POR
24,Adi Malavé,Adi Malavé,,,,,DC Shadow,Home,7,PHL
24,Adi Malavé,Adi Malavé,,,,1,DC Shadow,Home,10,RAL
24,Adi Malavé,Adi Malavé,,,,,DC Shadow,Away,8,NY
19,Allie Wallace,Allie Wallace,1,1,1,1,DC Shadow,Home,2,IND
19,Allie Wallace,Allie Wallace,,,1,1,DC Shadow,Away,3,MKE
19,Allie Wallace ,Allie Wallace,0,1,0,3,DC Shadow,Away,6,POR
19,Allie Wallace,Allie Wallace,,1,2,1,DC Shadow,Home,7,PHL
19,Allie Wallace,Allie Wallace,,1,1,1,DC Shadow,Home,10,RAL
19,Allie Wallace,Allie Wallace,,1,,,DC Shadow,Away,8,NY
3,Allison Maddux,Allison Maddux,,,,2,DC Shadow,Home,2,IND
3,Allison Maddux,Allison Maddux,2,,,3,DC Shadow,Away,3,MKE
3,Allison Maddux,Allison Maddux,1,,1,3,DC Shadow,Home,7,PHL
3,Allison Maddux,Allison Maddux,,1,,1,DC Shadow,Home,10,RAL
3,Allison Maddux,Allison Maddux,1,,,1,DC Shadow,Away,8,NY
33,Amanda Murphy,Amanda Murphy,3,2,4,,DC Shadow,Home,2,IND
33,Amanda Murphy,Amanda Murphy,,3,3,2,DC Shadow,Away,3,MKE
33,Amanda Murphy ,Amanda Murphy,0,0,0,0,DC Shadow,Away,6,POR
33,Amanda Murphy,Amanda Murphy,,,1,,DC Shadow,Home,7,PHL
33,Amanda Murphy,Amanda Murphy,,,1,,DC Shadow,Home,10,RAL
33,Amanda Murphy,Amanda Murphy,,1,3,,DC Shadow,Away,8,NY
9,Annelise Peters,Annelise Peters,2,,,,DC Shadow,Home,2,IND
9,Annelise Peters,Annelise Peters,3,,3,1,DC Shadow,Away,3,MKE
9,Annelise Peters,Annelise Peters,1,,,,DC Shadow,Home,7,PHL
9,Annelise Peters,Annelise Peters,,,,3,DC Shadow,Home,10,RAL
9,Annelise Peters,Annelise Peters,1,,,,DC Shadow,Away,8,NY
1,Ashleigh Buch,Ashleigh Buch,,2,,1,DC Shadow,Home,2,IND
1,Ashleigh Buch,Ashleigh Buch,1,,2,3,DC Shadow,Away,3,MKE
1,Ashleigh Buch ,Ashleigh Buch,2,1,3,2,DC Shadow,Away,6,POR
1,Ashleigh Buch,Ashleigh Buch,,1,,2,DC Shadow,Home,7,PHL
1,Ashleigh Buch,Ashleigh Buch,4,1,1,1,DC Shadow,Home,10,RAL
1,Ashleigh Buch,Ashleigh Buch,,,1,,DC Shadow,Away,8,NY
29,Blaise Sevier,Blaise Sevier,,3,,,DC Shadow,Away,3,MKE
29,Blaise Sevier ,Blaise Sevier,2,0,0,1,DC Shadow,Away,6,POR
29,Blaise Sevier,Blaise Sevier,1,2,,1,DC Shadow,Home,7,PHL
29,Blaise Sevier,Blaise Sevier,2,2,,1,DC Shadow,Home,10,RAL
27,Blaise Sevier,Blaise Sevier,1,3,2,4,DC Shadow,Away,8,NY
36,Carolyn Normile,Carolyn Normile,,3,,2,DC Shadow,Home,2,IND
36,Carolyn Normile,Carolyn Normile,1,,,1,DC Shadow,Away,3,MKE
36,Carolyn Normile ,Carolyn Normile,1,0,0,5,DC Shadow,Away,6,POR
36,Carolyn Normile,Carolyn Normile,2,1,,1,DC Shadow,Home,7,PHL
36,Carolyn Normile,Carolyn Normile,,,,2,DC Shadow,Home,10,RAL
36,Carolyn Normile,Carolyn Normile,3,,1,4,DC Shadow,Away,8,NY
37,Claire Trop,Claire Trop,2,1,1,1,DC Shadow,Home,2,IND
37,Claire Trop,Claire Trop,2,3,4,4,DC Shadow,Away,3,MKE
37,Claire Trop ,Claire Trop,2,3,1,1,DC Shadow,Away,6,POR
37,Claire Trop,Claire Trop,,6,1,2,DC Shadow,Home,10,RAL
37,Claire Trop,Claire Trop,1,4,1,3,DC Shadow,Away,8,NY
12,Clare Frantz,Clare Frantz,1,1,,,DC Shadow,Home,2,IND
12,Clare Frantz,Clare Frantz,,1,,1,DC Shadow,Away,3,MKE
12,Clare Frantz,Clare Frantz,1,,,,DC Shadow,Home,7,PHL
12,Clare Frantz,Clare Frantz,,,,2,DC Shadow,Home,10,RAL
12,Clare Frantz,Clare Frantz,,1,,,DC Shadow,Away,8,NY
22,Erin McCann,Erin McCann,,2,3,1,DC Shadow,Home,2,IND
22,Erin McCann,Erin McCann,2,2,1,,DC Shadow,Away,3,MKE
22,Erin McCann ,Erin McCann,3,0,0,1,DC Shadow,Away,6,POR
22,Erin McCann,Erin McCann,,1,,,DC Shadow,Home,7,PHL
22,Erin McCann,Erin McCann,,,1,,DC Shadow,Home,10,RAL
22,Erin McCann,Erin McCann,,,,,DC Shadow,Away,8,NY
66,Jackie Wang,Jackie Wang,1,2,1,2,DC Shadow,Home,2,IND
66,Jackie Wang,Jackie Wang,3,1,,,DC Shadow,Away,3,MKE
66,Jackie Wang ,Jackie Wang,1,0,0,2,DC Shadow,Away,6,POR
66,Jackie Wang,Jackie Wang,,,1,1,DC Shadow,Home,7,PHL
66,Jackie Wang,Jackie Wang,,,,,DC Shadow,Away,8,NY
10,Jenny Fey,Jenny Fey,,1,,,DC Shadow,Home,2,IND
10,Jenny Fey,Jenny Fey,,,,,DC Shadow,Home,7,PHL
10,Jenny Fey,Jenny Fey,,,1,,DC Shadow,Home,10,RAL
10,Jenny Fey,Jenny Fey,4,,1,5,DC Shadow,Away,8,NY
21,Jess Oh,Jess Oh,,2,,,DC Shadow,Home,2,IND
21,Jess Oh,Jess Oh,2,2,1,,DC Shadow,Away,3,MKE
21,Jess Oh ,Jess Oh,1,1,1,1,DC Shadow,Away,6,POR
21,Jess Oh,Jess Oh,,1,,1,DC Shadow,Home,7,PHL
21,Jess Oh,Jess Oh,2,,1,,DC Shadow,Home,10,RAL
21,Jess Oh,Jess Oh,,,,,DC Shadow,Away,8,NY
25,Jess Sourbeer,Jess Sourbeer,6,2,,1,DC Shadow,Home,2,IND
25,Jess Sourbeer,Jess Sourbeer,2,1,1,4,DC Shadow,Away,3,MKE
25,Jess Sourbeer ,Jess Sourbeer,0,2,1,1,DC Shadow,Away,6,POR
25,Jess Sourbeer,Jess Sourbeer,2,,,2,DC Shadow,Home,7,PHL
25,Jess Sourbeer,Jess Sourbeer,,,,1,DC Shadow,Home,10,RAL
25,Jess Sourbeer,Jess Sourbeer,2,,,2,DC Shadow,Away,8,NY
8,Kat Ritzmann,Kat Ritzmann,3,,,1,DC Shadow,Home,2,IND
8,Kat Ritzmann,Kat Ritzmann,,,,,DC Shadow,Away,3,MKE
8,Kat Ritzmann ,Kat Ritzmann,1,2,0,3,DC Shadow,Away,6,POR
8,Kat Ritzmann,Kat Ritzmann,3,,,1,DC Shadow,Home,7,PHL
8,Kat Ritzmann,Kat Ritzmann,,,,2,DC Shadow,Home,10,RAL
8,Kat Ritzmann,Kat Ritzmann,2,1,1,3,DC Shadow,Away,8,NY
13,Kath Ratcliff,Kath Ratcliff,1,,,,DC Shadow,Home,2,IND
13,Kath Ratcliff,Kath Ratcliff,,,,,DC Shadow,Away,3,MKE
13,Kath Ratcliff ,Kath Ratcliff,0,1,0,1,DC Shadow,Away,6,POR
13,Kath Ratcliff,Kath Ratcliff,,,,,DC Shadow,Home,7,PHL
13,Kath Ratcliff,Kath Ratcliff,,,,1,DC Shadow,Home,10,RAL
13,Kath Ratcliff,Kath Ratcliff,,,,,DC Shadow,Away,8,NY
23,Lisa Dang,Lisa Dang,,2,2,2,DC Shadow,Away,3,MKE
23,Lisa Dang,Lisa Dang,,,1,1,DC Shadow,Home,7,PHL
23,Lisa Dang,Lisa Dang,1,1,,,DC Shadow,Home,10,RAL
23,Lisa Dang,Lisa Dang,,,1,2,DC Shadow,Away,8,NY
42,Lisi Lohre,Lisi Lohre,6,3,1,1,DC Shadow,Home,2,IND
42,Lisi Lohre,Lisi Lohre,,,,,DC Shadow,Away,3,MKE
42,Lisi Lohre ,Lisi Lohre,1,2,0,1,DC Shadow,Away,6,POR
42,Lisi Lohre,Lisi Lohre,1,3,,,DC Shadow,Home,7,PHL
42,Lisi Lohre,Lisi Lohre,2,,,1,DC Shadow,Home,10,RAL
42,Lisi Lohre,Lisi Lohre,2,2,3,1,DC Shadow,Away,8,NY
30,Liv Monroe,Liv Monroe,,,,,DC Shadow,Home,2,IND
30,Liv Monroe,Liv Monroe,,,,,DC Shadow,Away,3,MKE
30,Liv Monroe ,Liv Monroe,0,0,1,1,DC Shadow,Away,6,POR
30,Liv Monroe,Liv Monroe,,,,,DC Shadow,Home,7,PHL
30,Liv Monroe,Liv Monroe,,,,,DC Shadow,Home,10,RAL
30,Liv Monroe,Liv Monroe,,,,,DC Shadow,Away,8,NY
28,Maddy Boyle,Maddy Boyle,,1,,1,DC Shadow,Home,2,IND
28,Maddy Boyle,Maddy Boyle,,1,,,DC Shadow,Away,3,MKE
28,Maddy Boyle ,Maddy Boyle,0,0,0,0,DC Shadow,Away,6,POR
28,Maddy Boyle,Maddy Boyle,,,,,DC Shadow,Home,7,PHL
28,Maddy Boyle,Maddy Boyle,,,1,,DC Shadow,Home,10,RAL
16,Marge Walker,Marge Walker,2,3,,1,DC Shadow,Home,2,IND
16,Marge Walker,Marge Walker,4,1,,2,DC Shadow,Away,3,MKE
16,Marge Walker ,Marge Walker,0,1,0,2,DC Shadow,Away,6,POR
16,Marge Walker,Marge Walker,2,2,,2,DC Shadow,Home,7,PHL
16,Marge Walker,Marge Walker,4,1,,6,DC Shadow,Home,10,RAL
18,Meghan Bartlett,Meghan Bartlett,,3,,,DC Shadow,Home,2,IND
18,Meghan Bartlett,Meghan Bartlett,1,2,,,DC Shadow,Away,3,MKE
18,Meghan Bartlett ,Meghan Bartlett,0,0,0,1,DC Shadow,Away,6,POR
18,Meghan Bartlett,Meghan Bartlett,,1,,,DC Shadow,Home,7,PHL
18,Meghan Bartlett,Meghan Bartlett,,2,1,,DC Shadow,Home,10,RAL
18,Meghan Bartlett,Meghan Bartlett,,1,,2,DC Shadow,Away,8,NY
14,Nada Tramonte,Nada Tramonte,,1,,,DC Shadow,Away,3,MKE
14,Nada Tramonte ,Nada Tramonte,1,1,1,2,DC Shadow,Away,6,POR
14,Nada Tramonte,Nada Tramonte,1,1,1,2,DC Shadow,Home,7,PHL
14,Nada Tramonte,Nada Tramonte,,,,,DC Shadow,Home,10,RAL
14,Nada Tramonte,Nada Tramonte,,2,,,DC Shadow,Away,8,NY
17,Shirlee Wohl,Shirlee Wohl,,,,,DC Shadow,Home,2,IND
17,Shirlee Wohl,Shirlee Wohl,1,,,,DC Shadow,Away,3,MKE
17,Shirlee Wohl ,Shirlee Wohl,0,0,1,1,DC Shadow,Away,6,POR
17,Shirlee Wohl,Shirlee Wohl,,1,,1,DC Shadow,Home,7,PHL
17,Shirlee Wohl,Shirlee Wohl,,,,,DC Shadow,Home,10,RAL
17,Shirlee Wohl,Shirlee Wohl,,1,,1,DC Shadow,Away,8,NY
8,Alex Hu,Alex Hu,,1,,5,Indy Red,Away,2,DC
8,Alex Hu,Alex Hu,,,2,3,Indy Red,Away,5,MIN
8,Alex Hu,Alex Hu,,1,,5,Indy Red,Home,6,ATL
8,Alex Hu,Alex Hu,1,1,,,Indy Red,Home,7,MKE
8,Alex Hu,Alex Hu,1,,,1,Indy Red,Away,9,NASH
8,Alex Hu,Alex Hu,,,,4,Indy Red,Home,10,CBUS
44,Anastasia Foster,Anastasia Foster,,1,1,1,Indy Red,Away,2,DC
44,Anastasia Foster,Anastasia Foster,,1,,,Indy Red,Away,5,MIN
44,Anastasia Foster,Anastasia Foster,,2,1,1,Indy Red,Home,7,MKE
44,Anastasia Foster,Anastasia Foster,1,1,3,4,Indy Red,Away,9,NASH
44,Anastasia Foster,Anastasia Foster,,,2,1,Indy Red,Home,10,CBUS
15,Anna McClurkan,Anna McClurkan,1,,,,Indy Red,Away,2,DC
15,Anna McClurkan,Anna McClurkan,1,,,3,Indy Red,Away,5,MIN
15,Anna McClurkan,Anna McClurkan,,,1,4,Indy Red,Home,6,ATL
15,Anna McClurkan,Anna McClurkan,1,,,,Indy Red,Home,7,MKE
15,Anna McClurkan,Anna McClurkan,,3,1,2,Indy Red,Home,10,CBUS
7,Annie Meilink,Annie Meilink,,,,5,Indy Red,Away,2,DC
7,Annie Meilink,Annie Meilink,,,,,Indy Red,Away,5,MIN
7,Annie Meilink,Annie Meilink,1,,,1,Indy Red,Home,6,ATL
14,Briana Burriss,Briana Burriss,,,,1,Indy Red,Away,2,DC
14,Briana Burriss,Briana Burriss,,1,,,Indy Red,Away,5,MIN
14,Briana Burriss,Briana Burriss,,1,,,Indy Red,Home,6,ATL
14,Briana Burriss,Briana Burriss,1,1,,1,Indy Red,Away,9,NASH
14,Briana Burriss,Briana Burriss,,2,,,Indy Red,Home,10,CBUS
40,Claire Milton,Claire Milton,2,1,1,1,Indy Red,Away,2,DC
40,Claire Milton,Claire Milton,1,,2,1,Indy Red,Away,5,MIN
40,Claire Milton,Claire Milton,,1,,1,Indy Red,Home,6,ATL
40,Claire Milton,Claire Milton,3,,,1,Indy Red,Home,7,MKE
40,Claire Milton,Claire Milton,3,3,2,1,Indy Red,Away,9,NASH
40,Claire Milton,Claire Milton,3,,1,3,Indy Red,Home,10,CBUS
24,Eliza Hutchings,Eliza Hutchings,2,2,,,Indy Red,Away,2,DC
24,Eliza Hutchings,Eliza Hutchings,,,3,2,Indy Red,Away,5,MIN
24,Eliza Hutchings,Eliza Hutchings,2,3,,,Indy Red,Home,6,ATL
24,Eliza Hutchings,Eliza Hutchings,2,6,,2,Indy Red,Home,7,MKE
24,Eliza Hutchings,Eliza Hutchings,,3,1,1,Indy Red,Away,9,NASH
24,Eliza Hutchings,Eliza Hutchings,2,2,2,1,Indy Red,Home,10,CBUS
10,Emilie Garnier,Emilie Garnier,1,,,,Indy Red,Home,7,MKE
10,Emilie Garnier,Emilie Garnier,,,,1,Indy Red,Away,9,NASH
29,Emily Schloneger,Emily Schloneger,1,1,,1,Indy Red,Away,2,DC
29,Emily Schloneger,Emily Schloneger,1,1,,,Indy Red,Home,6,ATL
29,Emily Schloneger,Emily Schloneger,1,2,,,Indy Red,Home,7,MKE
29,Emily Schloneger,Emily Schloneger,,1,1,,Indy Red,Away,9,NASH
29,Emily Schloneger,Emily Schloneger,,2,,1,Indy Red,Home,10,CBUS
30,Emily Wehrwein,Emily Wehrwein,,,1,,Indy Red,Away,5,MIN
30,Emily Wehrwein,Emily Wehrwein,1,,,3,Indy Red,Home,6,ATL
30,Emily Wehrwein,Emily Wehrwein,,1,1,,Indy Red,Away,9,NASH
30,Emily Wehrwein,Emily Wehrwein,,1,4,1,Indy Red,Home,10,CBUS
22,Emily Wyckoff,Emily Wyckoff,1,,,,Indy Red,Away,2,DC
22,Emily Wyckoff,Emily Wyckoff,1,,,2,Indy Red,Away,5,MIN
22,Emily Wyckoff,Emily Wyckoff,,,1,2,Indy Red,Home,6,ATL
22,Emily Wyckoff,Emily Wyckoff,1,2,,2,Indy Red,Home,7,MKE
22,Emily Wyckoff,Emily Wyckoff,,,1,,Indy Red,Away,9,NASH
22,Emily Wyckoff,Emily Wyckoff,,,,1,Indy Red,Home,10,CBUS
4,Hayley Banas,Hayley Banas,1,,,1,Indy Red,Away,2,DC
4,Hayley Banas,Hayley Banas,,,1,8,Indy Red,Away,5,MIN
4,Hayley Banas,Hayley Banas,3,,2,1,Indy Red,Home,6,ATL
4,Hayley Banas,Hayley Banas,4,,1,1,Indy Red,Home,7,MKE
4,Hayley Banas,Hayley Banas,1,,,4,Indy Red,Away,9,NASH
4,Hayley Banas,Hayley Banas,,1,2,2,Indy Red,Home,10,CBUS
33,Jalyn Baumgartner,Jalyn Baumgartner,,2,,,Indy Red,Away,2,DC
33,Jalyn Baumgartner,Jalyn Baumgartner,,,,2,Indy Red,Away,5,MIN
33,Jalyn Baumgartner,Jalyn Baumgartner,,2,,1,Indy Red,Home,6,ATL
33,Jalyn Baumgartner,Jalyn Baumgartner,,,1,1,Indy Red,Home,7,MKE
33,Jalyn Baumgartner,Jalyn Baumgartner,,,,,Indy Red,Away,9,NASH
0,Katie Cox,Katie Cox,1,2,,1,Indy Red,Home,6,ATL
0,Katie Cox,Katie Cox,2,2,1,2,Indy Red,Home,7,MKE
0,Katie Cox,Katie Cox,2,2,1,1,Indy Red,Away,9,NASH
0,Katie Cox,Katie Cox,1,1,2,,Indy Red,Home,10,CBUS
42,Kelly Kerker,Kelly Kerker,,1,,1,Indy Red,Away,5,MIN
42,Kelly Kerker,Kelly Kerker,,2,3,,Indy Red,Home,6,ATL
42,Kelly Kerker,Kelly Kerker,,3,1,,Indy Red,Home,7,MKE
37,Kristin Bolte Baxter,Kristin Bolte Baxter,,,,2,Indy Red,Home,6,ATL
37,Kristin Bolte Baxter,Kristin Bolte Baxter,1,,2,2,Indy Red,Home,7,MKE
37,Kristin Bolte Baxter,Kristin Bolte Baxter,,,1,,Indy Red,Away,9,NASH
17,Kristin Dudley,Kristin Dudley,1,1,,6,Indy Red,Away,2,DC
17,Kristin Dudley,Kristin Dudley,,,1,2,Indy Red,Away,9,NASH
17,Kristin Dudley,Kristin Dudley,1,1,,1,Indy Red,Home,10,CBUS
34,Lauren Kitten,Lauren Kitten,3,,,3,Indy Red,Home,6,ATL
34,Lauren Kitten,Lauren Kitten,2,,,1,Indy Red,Home,7,MKE
34,Lauren Kitten,Lauren Kitten,,,,2,Indy Red,Away,9,NASH
34,Lauren Kitten,Lauren Kitten,,,,2,Indy Red,Home,10,CBUS
20,Linnea Fraser,Linnea Fraser,,,,1,Indy Red,Away,2,DC
20,Linnea Fraser,Linnea Fraser,1,1,,1,Indy Red,Home,6,ATL
20,Linnea Fraser,Linnea Fraser,,,,,Indy Red,Home,7,MKE
20,Linnea Fraser,Linnea Fraser,1,1,,2,Indy Red,Away,9,NASH
20,Linnea Fraser,Linnea Fraser,2,,,2,Indy Red,Home,10,CBUS
2,Maketa Mattimore,Maketa Mattimore,1,1,1,4,Indy Red,Away,2,DC
2,Maketa Mattimore,Maketa Mattimore,,,,,Indy Red,Away,5,MIN
2,Maketa Mattimore,Maketa Mattimore,2,,1,1,Indy Red,Home,7,MKE
2,Maketa Mattimore,Maketa Mattimore,1,1,,2,Indy Red,Away,9,NASH
2,Maketa Mattimore,Maketa Mattimore,3,,1,,Indy Red,Home,10,CBUS
3,Mary Timmons,Mary Timmons,,1,,1,Indy Red,Away,2,DC
3,Mary Timmons,Mary Timmons,,,1,4,Indy Red,Away,5,MIN
3,Mary Timmons,Mary Timmons,,,,1,Indy Red,Home,6,ATL
3,Mary Timmons,Mary Timmons,1,4,2,2,Indy Red,Home,7,MKE
3,Mary Timmons,Mary Timmons,,,,,Indy Red,Away,9,NASH
3,Mary Timmons,Mary Timmons,,,,,Indy Red,Home,10,CBUS
23,Melissa Gibbs,Melissa Gibbs,,,1,,Indy Red,Away,2,DC
23,Melissa Gibbs,Melissa Gibbs,,,2,4,Indy Red,Away,5,MIN
23,Melissa Gibbs,Melissa Gibbs,4,1,2,,Indy Red,Home,6,ATL
23,Melissa Gibbs,Melissa Gibbs,1,1,,,Indy Red,Home,7,MKE
23,Melissa Gibbs,Melissa Gibbs,2,,,1,Indy Red,Away,9,NASH
23,Melissa Gibbs,Melissa Gibbs,2,2,1,3,Indy Red,Home,10,CBUS
66,Mya Hernandez,Mya Hernandez,1,,,2,Indy Red,Away,2,DC
66,Mya Hernandez,Mya Hernandez,1,3,,,Indy Red,Home,6,ATL
66,Mya Hernandez,Mya Hernandez,,3,,,Indy Red,Home,7,MKE
66,Mya Hernandez,Mya Hernandez,1,,1,2,Indy Red,Home,10,CBUS
6,Risa Umeno,Risa Umeno,,,3,4,Indy Red,Away,5,MIN
6,Risa Umeno,Risa Umeno,,,1,4,Indy Red,Home,6,ATL
6,Risa Umeno,Risa Umeno,3,1,1,1,Indy Red,Home,7,MKE
6,Risa Umeno,Risa Umeno,1,,2,3,Indy Red,Away,9,NASH
6,Risa Umeno,Risa Umeno,2,1,3,,Indy Red,Home,10,CBUS
12,Sydney Olund,Sydney Olund,,,,1,Indy Red,Away,2,DC
12,Sydney Olund,Sydney Olund,,,1,4,Indy Red,Away,5,MIN
12,Sydney Olund,Sydney Olund,,,,,Indy Red,Home,6,ATL
12,Sydney Olund,Sydney Olund,1,,2,1,Indy Red,Home,7,MKE
12,Sydney Olund,Sydney Olund,1,,,2,Indy Red,Away,9,NASH
12,Sydney Olund,Sydney Olund,1,,1,1,Indy Red,Home,10,CBUS
35,Tess McGrew,Tess McGrew,,,,1,Indy Red,Away,2,DC
35,Tess McGrew,Tess McGrew,,,1,,Indy Red,Away,9,NASH
11,Tracey Lo,Tracey Lo,1,1,,5,Indy Red,Away,5,MIN
11,Tracey Lo,Tracey Lo,1,2,,,Indy Red,Away,9,NASH
11,Tracey Lo,Tracey Lo,,,,3,Indy Red,Home,10,CBUS
22,Alex Ballinger,Alex Ballinger,0,0,0,3,Milwaukee Monarchs,Home,3,DC
22,Alex Ballinger,Alex Ballinger,0,0,0,1,Milwaukee Monarchs,Home,6,NY
22,Alex Ballinger,Alex Ballinger,,1,,,Milwaukee Monarchs,Away,7,CBUS
22,Alex Ballinger,Alex Ballinger,,,,2,Milwaukee Monarchs,Away,7,IND
22,Alex Ballinger,Alex Ballinger,0,0,1,1,Milwaukee Monarchs,Away,9,POR
22,Alex Ballinger,Alex Ballinger,1,,,,Milwaukee Monarchs,Home,10,MIN
23,Allie Mueting,Allie Mueting,,,,,Milwaukee Monarchs,Home,10,MIN
50,Anna Thorn,Anna Thorn,0,1,0,2,Milwaukee Monarchs,Home,3,DC
52,Annie Shriver,Annie Shriver,0,0,0,2,Milwaukee Monarchs,Home,3,DC
52,Annie Shriver,Annie Shriver,0,0,1,2,Milwaukee Monarchs,Home,6,NY
52,Annie Shriver,Annie Shriver,1,,1,2,Milwaukee Monarchs,Away,7,CBUS
52,Annie Shriver,Annie Shriver,2,1,,,Milwaukee Monarchs,Away,7,IND
52,Annie Shriver,Annie Shriver,0,1,2,4,Milwaukee Monarchs,Away,9,POR
52,Annie Shriver,Annie Shriver,1,3,1,3,Milwaukee Monarchs,Home,10,MIN
42,Ashley Welsh,Ashley Welsh,0,0,0,0,Milwaukee Monarchs,Home,3,DC
42,Ashley Welsh,Ashley Welsh,0,0,1,0,Milwaukee Monarchs,Home,6,NY
42,Ashley Welsh,Ashley Welsh,,1,,,Milwaukee Monarchs,Away,7,CBUS
42,Ashley Welsh,Ashley Welsh,,,,1,Milwaukee Monarchs,Away,7,IND
42,Ashley Welsh,Ashley Welsh,,1,,2,Milwaukee Monarchs,Home,10,MIN
87,Austin Prucha,Austin Prucha,1,1,0,5,Milwaukee Monarchs,Home,3,DC
87,Austin Prucha,Austin Prucha,5,4,2,3,Milwaukee Monarchs,Away,7,CBUS
87,Austin Prucha,Austin Prucha,2,2,3,4,Milwaukee Monarchs,Away,7,IND
87,Austin Prucha,Austin Prucha,3,1,1,2,Milwaukee Monarchs,Away,9,POR
87,Austin Prucha,Austin Prucha,3,,2,6,Milwaukee Monarchs,Home,10,MIN
17,Caitlin Duffner,Caitlin Duffner,1,0,0,2,Milwaukee Monarchs,Home,6,NY
17,Caitlin Duffner,Caitlin Duffner,1,,,3,Milwaukee Monarchs,Away,7,CBUS
17,Caitlin Duffner,Caitlin Duffner,,1,1,1,Milwaukee Monarchs,Away,7,IND
17,Caitlin Duffner,Caitlin Duffner,0,1,0,0,Milwaukee Monarchs,Away,9,POR
9,Cassie Brown,Cassie Brown,2,0,0,4,Milwaukee Monarchs,Home,3,DC
9,Cassie Brown,Cassie Brown,1,0,0,2,Milwaukee Monarchs,Home,6,NY
9,Cassie Brown,Cassie Brown,4,3,1,5,Milwaukee Monarchs,Away,7,CBUS
9,Cassie Brown,Cassie Brown,1,,1,5,Milwaukee Monarchs,Away,7,IND
9,Cassie Brown,Cassie Brown,0,3,1,7,Milwaukee Monarchs,Away,9,POR
9,Cassie Brown,Cassie Brown,5,1,,9,Milwaukee Monarchs,Home,10,MIN
13,Cassie Doody,Cassie Doody,0,0,0,0,Milwaukee Monarchs,Home,3,DC
13,Cassie Doody,Cassie Doody,0,1,1,2,Milwaukee Monarchs,Home,6,NY
13,Cassie Doody,Cassie Doody,,,,,Milwaukee Monarchs,Away,7,IND
13,Cassie Doody,Cassie Doody,0,0,0,1,Milwaukee Monarchs,Away,9,POR
13,Cassie Doody,Cassie Doody,1,2,1,1,Milwaukee Monarchs,Home,10,MIN
10,Charlette Peyer,Charlette Peyer,0,1,0,0,Milwaukee Monarchs,Home,3,DC
10,Charlette Peyer,Charlette Peyer,0,0,0,1,Milwaukee Monarchs,Home,6,NY
10,Charlette Peyer,Charlette Peyer,,,,,Milwaukee Monarchs,Away,7,CBUS
10,Charlette Peyer,Charlette Peyer,,,,2,Milwaukee Monarchs,Away,7,IND
42,Chelsea Twohig,Chelsea Twohig,0,1,0,0,Milwaukee Monarchs,Home,3,DC
88,Claire Kelley,Claire Kelley,0,1,0,0,Milwaukee Monarchs,Home,3,DC
88,Claire Kelley,Claire Kelley,0,0,0,1,Milwaukee Monarchs,Home,6,NY
88,Claire Kelley,Claire Kelley,,,,,Milwaukee Monarchs,Away,7,CBUS
88,Claire Kelley,Claire Kelley,,,1,,Milwaukee Monarchs,Away,7,IND
88,Claire Kelley,Claire Kelley,0,0,0,0,Milwaukee Monarchs,Away,9,POR
88,Claire Kelley,Claire Kelley,,,,1,Milwaukee Monarchs,Home,10,MIN
99,Dana Demmert,Dana Demmert,0,1,0,0,Milwaukee Monarchs,Home,3,DC
99,Dana Demmert,Dana Demmert,1,0,0,0,Milwaukee Monarchs,Home,6,NY
99,Dana Demmert,Dana Demmert,,,1,1,Milwaukee Monarchs,Away,7,CBUS
99,Dana Demmert,Dana Demmert,1,,,,Milwaukee Monarchs,Away,7,IND
99,Dana Demmert,Dana Demmert,1,0,0,2,Milwaukee Monarchs,Away,9,POR
99,Dana Demmert,Dana Demmert,,,1,,Milwaukee Monarchs,Home,10,MIN
2,Donna Johnston,Donna Johnston,0,0,0,0,Milwaukee Monarchs,Home,3,DC
2,Donna Johnston,Donna Johnston,0,0,0,0,Milwaukee Monarchs,Home,6,NY
2,Donna Johnston,Donna Johnston,1,,,,Milwaukee Monarchs,Away,7,CBUS
2,Donna Johnston,Donna Johnston,,,1,1,Milwaukee Monarchs,Away,7,IND
2,Donna Johnston,Donna Johnston,0,0,0,0,Milwaukee Monarchs,Away,9,POR
2,Donna Johnston,Donna Johnston,,,,,Milwaukee Monarchs,Home,10,MIN
0,Eileen Duffner,Eileen Duffner,1,0,0,4,Milwaukee Monarchs,Home,6,NY
0,Eileen Duffner,Eileen Duffner,1,,1,4,Milwaukee Monarchs,Away,7,CBUS
0,Eileen Duffner,Eileen Duffner,1,,1,5,Milwaukee Monarchs,Away,7,IND
0,Eileen Duffner,Eileen Duffner,0,1,0,5,Milwaukee Monarchs,Away,9,POR
19,Emily Cohen,Emily Cohen,0,0,2,6,Milwaukee Monarchs,Home,3,DC
19,Emily Cohen,Emily Cohen,2,2,1,2,Milwaukee Monarchs,Home,6,NY
19,Emily Cohen,Emily Cohen,1,3,1,,Milwaukee Monarchs,Away,7,CBUS
19,Emily Cohen,Emily Cohen,1,3,,2,Milwaukee Monarchs,Away,7,IND
19,Emily Cohen,Emily Cohen,3,0,0,2,Milwaukee Monarchs,Away,9,POR
19,Emily Cohen,Emily Cohen,,3,,2,Milwaukee Monarchs,Home,10,MIN
18,Grace Zucchero,Grace Zucchero,0,0,0,0,Milwaukee Monarchs,Home,3,DC
18,Grace Zucchero,Grace Zucchero,0,1,0,1,Milwaukee Monarchs,Home,6,NY
18,Grace Zucchero,Grace Zucchero,,,,,Milwaukee Monarchs,Away,7,CBUS
18,Grace Zucchero,Grace Zucchero,,,,,Milwaukee Monarchs,Away,7,IND
18,Grace Zucchero,Grace Zucchero,,,,1,Milwaukee Monarchs,Home,10,MIN
44,Hannah Frank,Hannah Frank,0,0,0,1,Milwaukee Monarchs,Home,3,DC
44,Hannah Frank,Hannah Frank,0,0,0,0,Milwaukee Monarchs,Home,6,NY
44,Hannah Frank,Hannah Frank,1,,2,,Milwaukee Monarchs,Away,7,CBUS
44,Hannah Frank,Hannah Frank,,,,1,Milwaukee Monarchs,Away,7,IND
44,Hannah Frank,Hannah Frank,0,1,2,4,Milwaukee Monarchs,Away,9,POR
72,Jacqueline Jarik,Jacqueline Jarik,0,0,2,0,Milwaukee Monarchs,Home,3,DC
72,Jacqueline Jarik,Jacqueline Jarik,0,0,1,2,Milwaukee Monarchs,Home,6,NY
72,Jacqueline Jarik,Jacqueline Jarik,1,1,,5,Milwaukee Monarchs,Away,7,CBUS
72,Jacqueline Jarik,Jacqueline Jarik,,1,1,4,Milwaukee Monarchs,Away,7,IND
72,Jacqueline Jarik,Jacqueline Jarik,1,1,,,Milwaukee Monarchs,Home,10,MIN
6,Jane Zheng,Jane Zheng,0,0,1,11,Milwaukee Monarchs,Home,3,DC
6,Jane Zheng,Jane Zheng,0,0,0,0,Milwaukee Monarchs,Home,6,NY
6,Jane Zheng,Jane Zheng,,,,,Milwaukee Monarchs,Away,7,CBUS
6,Jane Zheng,Jane Zheng,,,,4,Milwaukee Monarchs,Away,7,IND
6,Jane Zheng,Jane Zheng,,,,,Milwaukee Monarchs,Home,10,MIN
34,Kenzie Carpenter,Kenzie Carpenter,1,0,2,3,Milwaukee Monarchs,Home,3,DC
34,Kenzie Carpenter,Kenzie Carpenter,0,0,1,5,Milwaukee Monarchs,Home,6,NY
34,Kenzie Carpenter,Kenzie Carpenter,0,0,0,0,Milwaukee Monarchs,Away,9,POR
34,Kenzie Carpenter,Kenzie Carpenter,1,,,1,Milwaukee Monarchs,Home,10,MIN
14,Lina Montenegro,Lina Montenegro,0,0,0,0,Milwaukee Monarchs,Home,3,DC
14,Lina Montenegro,Lina Montenegro,0,0,0,4,Milwaukee Monarchs,Home,6,NY
14,Lina Montenegro,Lina Montenegro,,1,,2,Milwaukee Monarchs,Away,7,CBUS
14,Lina Montenegro,Lina Montenegro,,1,,1,Milwaukee Monarchs,Away,7,IND
32,Mickela Heilicher,Mickela Heilicher,1,0,0,3,Milwaukee Monarchs,Home,3,DC
32,Mickela Heilicher,Mickela Heilicher,0,1,0,5,Milwaukee Monarchs,Home,6,NY
32,Mickela Heilicher,Mickela Heilicher,,,,1,Milwaukee Monarchs,Away,7,CBUS
32,Mickela Heilicher,Mickela Heilicher,1,,,1,Milwaukee Monarchs,Away,7,IND
32,Mickela Heilicher,Mickela Heilicher,0,0,1,6,Milwaukee Monarchs,Away,9,POR
32,Mickela Heilicher,Mickela Heilicher,,,,,Milwaukee Monarchs,Home,10,MIN
64,Rachel Hildebrand,Rachel Hildebrand,1,0,0,5,Milwaukee Monarchs,Home,3,DC
64,Rachel Hildebrand,Rachel Hildebrand,0,0,0,2,Milwaukee Monarchs,Home,6,NY
64,Rachel Hildebrand,Rachel Hildebrand,,,,,Milwaukee Monarchs,Away,7,CBUS
64,Rachel Hildebrand,Rachel Hildebrand,,,,1,Milwaukee Monarchs,Away,7,IND
64,Rachel Hildebrand,Rachel Hildebrand,,,,2,Milwaukee Monarchs,Home,10,MIN
11,Rachel Lensing,Rachel Lensing,0,0,0,2,Milwaukee Monarchs,Home,3,DC
11,Rachel Lensing,Rachel Lensing,1,0,0,0,Milwaukee Monarchs,Home,6,NY
11,Rachel Lensing,Rachel Lensing,,,,,Milwaukee Monarchs,Away,7,CBUS
11,Rachel Lensing,Rachel Lensing,,1,,1,Milwaukee Monarchs,Away,7,IND
11,Rachel Lensing,Rachel Lensing,,1,,,Milwaukee Monarchs,Home,10,MIN
5,Rose Glinka,Rose Glinka,0,0,0,2,Milwaukee Monarchs,Home,3,DC
5,Rose Glinka,Rose Glinka,0,1,1,4,Milwaukee Monarchs,Home,6,NY
5,Rose Glinka,Rose Glinka,,1,1,1,Milwaukee Monarchs,Away,7,CBUS
5,Rose Glinka,Rose Glinka,,,,,Milwaukee Monarchs,Away,7,IND
5,Rose Glinka,Rose Glinka,1,0,0,1,Milwaukee Monarchs,Away,9,POR
5,Rose Glinka,Rose Glinka,,1,,1,Milwaukee Monarchs,Home,10,MIN
27,Stef Bugasch Scopoline,Stef Bugasch Scopoline,0,0,0,0,Milwaukee Monarchs,Home,3,DC
27,Stef Bugasch Scopoline,Stef Bugasch Scopoline,0,1,0,1,Milwaukee Monarchs,Home,6,NY
27,Stef Bugasch Scopoline,Stef Bugasch Scopoline,,,,,Milwaukee Monarchs,Away,7,CBUS
27,Stef Bugasch Scopoline,Stef Bugasch Scopoline,,,,2,Milwaukee Monarchs,Away,7,IND
27,Stef Bugasch Scopoline,Stef Bugasch Scopoline,1,,,,Milwaukee Monarchs,Home,10,MIN
12,Sydney French,Sydney French,,1,,1,Milwaukee Monarchs,Away,7,CBUS
12,Sydney French,Sydney French,1,,,,Milwaukee Monarchs,Away,7,IND
12,Sydney French,Sydney French,0,0,0,2,Milwaukee Monarchs,Away,9,POR
12,Sydney French,Sydney French,,1,,,Milwaukee Monarchs,Home,10,MIN
17,Adrienne Baker,Adrienne Baker,,1,,2,Minnesota Strike,Away,4,NASH
17,Adrienne Baker,Adrienne Baker,,1,1,2,Minnesota Strike,Away,4,ATL
17,Adrienne Baker,Adrienne Baker,2,0,2,0,Minnesota Strike,Home,5,IND
17,Adrienne Baker,Adrienne Baker,1,0,0,0,Minnesota Strike,Home,6,NY
17,Adrienne Baker,Adrienne Baker,,,4,2,Minnesota Strike,Away,10,MKE
0,Alicia Carr,Alicia Carr,3,1,,,Minnesota Strike,Away,4,NASH
0,Alicia Carr,Alicia Carr,1,,,,Minnesota Strike,Away,4,ATL
0,Alicia Carr,Alicia Carr,2,0,0,3,Minnesota Strike,Home,5,IND
0,Alicia Carr,Alicia Carr,0,1,0,0,Minnesota Strike,Home,6,NY
0,Alicia Carr,Alicia Carr,0,0,0,0,Minnesota Strike,Home,8,CBUS
0,Alicia Carr,Alicia Carr,1,2,2,1,Minnesota Strike,Away,10,MKE
6,Carly Eckstrom,Carly Eckstrom,2,,,,Minnesota Strike,Away,4,NASH
6,Carly Eckstrom,Carly Eckstrom,2,,,3,Minnesota Strike,Away,4,ATL
6,Carly Eckstrom,Carly Eckstrom,0,0,0,6,Minnesota Strike,Home,5,IND
6,Carly Eckstrom,Carly Eckstrom,0,0,0,3,Minnesota Strike,Home,6,NY
6,Carly Eckstrom,Carly Eckstrom,2,0,0,2,Minnesota Strike,Home,8,CBUS
6,Carly Eckstrom,Carly Eckstrom,,,,3,Minnesota Strike,Away,10,MKE
55,Courtney Walbe,Courtney Walbe,,2,,,Minnesota Strike,Away,4,NASH
55,Courtney Walbe,Courtney Walbe,,,1,4,Minnesota Strike,Away,4,ATL
55,Courtney Walbe,Courtney Walbe,0,0,0,2,Minnesota Strike,Home,5,IND
55,Courtney Walbe,Courtney Walbe,0,0,0,3,Minnesota Strike,Home,8,CBUS
55,Courtney Walbe,Courtney Walbe,,,,2,Minnesota Strike,Away,10,MKE
7,Danielle Byers,Danielle Byers,2,3,,,Minnesota Strike,Away,4,NASH
7,Danielle Byers,Danielle Byers,2,3,,2,Minnesota Strike,Away,4,ATL
7,Danielle Byers,Danielle Byers,0,3,0,0,Minnesota Strike,Home,5,IND
7,Danielle Byers,Danielle Byers,1,2,1,1,Minnesota Strike,Home,6,NY
7,Danielle Byers,Danielle Byers,1,3,0,1,Minnesota Strike,Home,8,CBUS
7,Danielle Byers,Danielle Byers,,6,,1,Minnesota Strike,Away,10,MKE
28,Emma Peaslee,Emma Peaslee,,4,2,2,Minnesota Strike,Away,4,NASH
28,Emma Peaslee,Emma Peaslee,,4,1,2,Minnesota Strike,Away,4,ATL
28,Emma Peaslee,Emma Peaslee,1,0,1,1,Minnesota Strike,Home,6,NY
28,Emma Peaslee,Emma Peaslee,1,2,1,1,Minnesota Strike,Home,8,CBUS
28,Emma Peaslee,Emma Peaslee,1,1,,1,Minnesota Strike,Away,10,MKE
53,Emma Piorier,Emma Piorier,0,2,1,0,Minnesota Strike,Home,5,IND
25,Gerene Taylor,Gerene Taylor,,,1,2,Minnesota Strike,Away,4,NASH
25,Gerene Taylor,Gerene Taylor,,,1,3,Minnesota Strike,Away,4,ATL
25,Gerene Taylor,Gerene Taylor,1,0,0,0,Minnesota Strike,Home,5,IND
25,Gerene Taylor,Gerene Taylor,0,3,0,2,Minnesota Strike,Home,6,NY
25,Gerene Taylor,Gerene Taylor,1,1,0,2,Minnesota Strike,Home,8,CBUS
25,Gerene Taylor,Gerene Taylor,1,1,,,Minnesota Strike,Away,10,MKE
10,Jane Koch,Jane Koch,2,,2,2,Minnesota Strike,Away,4,NASH
10,Jane Koch,Jane Koch,2,,3,1,Minnesota Strike,Away,4,ATL
10,Jane Koch,Jane Koch,0,0,3,1,Minnesota Strike,Home,5,IND
10,Jane Koch,Jane Koch,1,1,1,0,Minnesota Strike,Home,6,NY
10,Jane Koch,Jane Koch,1,0,0,1,Minnesota Strike,Home,8,CBUS
10,Jane Koch,Jane Koch,1,1,2,,Minnesota Strike,Away,10,MKE
14,Jess Hendrickson,Jess Hendrickson,,,1,1,Minnesota Strike,Away,10,MKE
16,Kalli Poletto,Kalli Poletto,1,1,1,1,Minnesota Strike,Away,4,NASH
16,Kalli Poletto,Kalli Poletto,,1,,1,Minnesota Strike,Away,4,ATL
16,Kalli Poletto,Kalli Poletto,0,0,0,3,Minnesota Strike,Home,5,IND
16,Kalli Poletto,Kalli Poletto,1,0,0,1,Minnesota Strike,Home,6,NY
16,Kalli Poletto,Kalli Poletto,0,0,0,1,Minnesota Strike,Home,8,CBUS
16,Kalli Poletto,Kalli Poletto,1,1,,,Minnesota Strike,Away,10,MKE
15,Katie Godfrey,Katie Godfrey,0,1,0,1,Minnesota Strike,Home,6,NY
33,Kayla Blanek,Kayla Blanek,,,,,Minnesota Strike,Away,4,NASH
33,Kayla Blanek,Kayla Blanek,1,0,1,0,Minnesota Strike,Home,5,IND
33,Kayla Blanek,Kayla Blanek,0,1,0,0,Minnesota Strike,Home,6,NY
33,Kayla Blanek,Kayla Blanek,2,2,0,0,Minnesota Strike,Home,8,CBUS
33,Kayla Blanek,Kayla Blanek,1,,1,1,Minnesota Strike,Away,10,MKE
30,Louise Beck,Louise Beck,1,1,1,0,Minnesota Strike,Home,8,CBUS
13,Maggie Peck,Maggie Peck,0,0,0,0,Minnesota Strike,Home,6,NY
3,Makella Daley,Makella Daley,1,1,,,Minnesota Strike,Away,4,NASH
3,Makella Daley,Makella Daley,,,,,Minnesota Strike,Away,4,ATL
3,Makella Daley,Makella Daley,0,0,0,1,Minnesota Strike,Home,6,NY
3,Makella Daley,Makella Daley,0,1,1,2,Minnesota Strike,Home,8,CBUS
3,Makella Daley,Makella Daley,1,1,1,2,Minnesota Strike,Away,10,MKE
61,Megan Randall,Megan Randall,0,1,0,2,Minnesota Strike,Home,5,IND
61,Megan Randall,Megan Randall,0,0,1,0,Minnesota Strike,Home,6,NY
61,Megan Randall,Megan Randall,1,1,0,1,Minnesota Strike,Home,8,CBUS
61,Megan Randall,Megan Randall,,1,,,Minnesota Strike,Away,10,MKE
37,Nariah-Belle Sims,Nariah-Belle Sims,1,,1,,Minnesota Strike,Away,4,NASH
37,Nariah-Belle Sims,Nariah-Belle Sims,,1,1,1,Minnesota Strike,Away,4,ATL
37,Nariah-Belle Sims,Nariah-Belle Sims,0,0,1,1,Minnesota Strike,Home,5,IND
37,Nariah-Belle Sims,Nariah-Belle Sims,0,0,2,1,Minnesota Strike,Home,6,NY
37,Nariah-Belle Sims,Nariah-Belle Sims,0,1,1,0,Minnesota Strike,Home,8,CBUS
37,Nariah-Belle Sims,Nariah-Belle Sims,,,,,Minnesota Strike,Away,10,MKE
11,Rachel Johnson,Rachel Johnson,,2,1,4,Minnesota Strike,Away,4,NASH
11,Rachel Johnson,Rachel Johnson,,,1,5,Minnesota Strike,Away,4,ATL
11,Rachel Johnson,Rachel Johnson,0,0,0,4,Minnesota Strike,Home,5,IND
11,Rachel Johnson,Rachel Johnson,0,0,0,2,Minnesota Strike,Home,6,NY
11,Rachel Johnson,Rachel Johnson,0,0,0,4,Minnesota Strike,Home,8,CBUS
11,Rachel Johnson,Rachel Johnson,,,,1,Minnesota Strike,Away,10,MKE
49,Robyn Fennig,Robyn Fennig,3,1,2,4,Minnesota Strike,Home,5,IND
49,Robyn Fennig,Robyn Fennig,9,0,3,7,Minnesota Strike,Home,6,NY
49,Robyn Fennig,Robyn Fennig,3,0,1,3,Minnesota Strike,Home,8,CBUS
49,Robyn Fennig,Robyn Fennig,8,,,,Minnesota Strike,Away,10,MKE
19,Sadie Reding,Sadie Reding,1,2,1,,Minnesota Strike,Away,4,NASH
19,Sadie Reding,Sadie Reding,,,,4,Minnesota Strike,Away,4,ATL
19,Sadie Reding,Sadie Reding,0,0,1,0,Minnesota Strike,Home,5,IND
19,Sadie Reding,Sadie Reding,0,2,1,0,Minnesota Strike,Home,6,NY
19,Sadie Reding,Sadie Reding,0,0,2,1,Minnesota Strike,Home,8,CBUS
19,Sadie Reding,Sadie Reding,1,1,1,3,Minnesota Strike,Away,10,MKE
9,Sara Helm,Sara Helm,0,0,1,1,Minnesota Strike,Home,5,IND
9,Sara Helm,Sara Helm,0,2,1,0,Minnesota Strike,Home,6,NY
9,Sara Helm,Sara Helm,0,0,1,0,Minnesota Strike,Home,8,CBUS
9,Sara Helm,Sara Helm,,2,1,,Minnesota Strike,Away,10,MKE
44,Sarah Meckstroth,Sarah Meckstroth,3,3,1,1,Minnesota Strike,Away,4,NASH
44,Sarah Meckstroth,Sarah Meckstroth,4,1,5,4,Minnesota Strike,Away,4,ATL
44,Sarah Meckstroth,Sarah Meckstroth,0,1,1,4,Minnesota Strike,Home,5,IND
44,Sarah Meckstroth,Sarah Meckstroth,3,2,0,3,Minnesota Strike,Home,6,NY
44,Sarah Meckstroth,Sarah Meckstroth,2,2,0,2,Minnesota Strike,Home,8,CBUS
21,Sarah Mondschein,Sarah Mondschein,1,,3,,Minnesota Strike,Away,4,NASH
21,Sarah Mondschein,Sarah Mondschein,,,1,1,Minnesota Strike,Away,4,ATL
21,Sarah Mondschein,Sarah Mondschein,0,0,3,0,Minnesota Strike,Home,5,IND
21,Sarah Mondschein,Sarah Mondschein,0,0,2,0,Minnesota Strike,Home,6,NY
21,Sarah Mondschein,Sarah Mondschein,0,0,1,1,Minnesota Strike,Home,8,CBUS
21,Sarah Mondschein,Sarah Mondschein,1,,1,1,Minnesota Strike,Away,10,MKE
8,Sowmya Ragothaman,Sowmya Ragothaman,0,1,1,0,Minnesota Strike,Home,5,IND
5,Steph Rupp,Steph Rupp,1,1,2,1,Minnesota Strike,Away,4,NASH
5,Steph Rupp,Steph Rupp,,1,,2,Minnesota Strike,Away,4,ATL
5,Steph Rupp,Steph Rupp,1,0,0,1,Minnesota Strike,Home,5,IND
5,Steph Rupp,Steph Rupp,0,0,0,0,Minnesota Strike,Home,8,CBUS
5,Steph Rupp,Steph Rupp,,1,,1,Minnesota Strike,Away,10,MKE
2,Stephanie Wood,Stephanie Wood,3,,,,Minnesota Strike,Away,4,NASH
2,Stephanie Wood,Stephanie Wood,2,1,,1,Minnesota Strike,Away,4,ATL
2,Stephanie Wood,Stephanie Wood,0,1,1,0,Minnesota Strike,Home,5,IND
2,Stephanie Wood,Stephanie Wood,1,3,0,1,Minnesota Strike,Home,6,NY
2,Stephanie Wood,Stephanie Wood,1,2,0,1,Minnesota Strike,Home,8,CBUS
2,Stephanie Wood,Stephanie Wood,3,2,1,1,Minnesota Strike,Away,10,MKE
87,Amanda Borders,Amanda Borders,0,0,1,1,Nashville Nightshade,Home,4,MIN
87,Amanda Borders,Amanda Borders,0,0,0,2,Nashville Nightshade,Away,5,ATX
87,Amanda Borders,Amanda Borders,,,,1,Nashville Nightshade,Home,8,RAL
87,Amanda Borders,Amanda Borders,1,,,4,Nashville Nightshade,Home,9,IND
87,Amanda Borders,Amanda Borders,1,1,0,4,Nashville Nightshade,Away,10,ATL
9,Amanda Giles,Amanda Giles,0,2,0,4,Nashville Nightshade,Home,4,MIN
9,Amanda Giles,Amanda Giles,0,0,2,3,Nashville Nightshade,Away,5,ATX
9,Amanda Giles,Amanda Giles,1,,1,2,Nashville Nightshade,Home,9,IND
9,Amanda Giles,Amanda Giles,3,1,0,0,Nashville Nightshade,Away,10,ATL
9,Amanda Giles,Amanda Giles,2,,2,1,Nashville Nightshade,Away,3,CBUS
4,Ashley West,Ashley West,0,0,0,0,Nashville Nightshade,Home,4,MIN
4,Ashley West,Ashley West,0,0,0,0,Nashville Nightshade,Away,5,ATX
4,Ashley West,Ashley West,,,,,Nashville Nightshade,Home,8,RAL
4,Ashley West,Ashley West,,,,,Nashville Nightshade,Home,9,IND
4,Ashley West,Ashley West,0,0,0,0,Nashville Nightshade,Away,10,ATL
4,Ashley West,Ashley West,,,,1,Nashville Nightshade,Away,3,CBUS
17,Boost Barr,Boost Barr,,1,1,1,Nashville Nightshade,Away,3,CBUS
21,Elena Rubino,Elena Rubino,2,0,3,0,Nashville Nightshade,Home,4,MIN
21,Elena Rubino,Elena Rubino,0,1,5,0,Nashville Nightshade,Away,5,ATX
21,Elena Rubino,Elena Rubino,,1,,1,Nashville Nightshade,Home,9,IND
21,Elena Rubino,Elena Rubino,0,1,0,2,Nashville Nightshade,Away,10,ATL
21,Elena Rubino,Elena Rubino,,1,2,,Nashville Nightshade,Away,3,CBUS
16,Emily Branson,Emily Branson,2,0,1,0,Nashville Nightshade,Home,4,MIN
16,Emily Branson,Emily Branson,,1,1,,Nashville Nightshade,Home,8,RAL
16,Emily Branson,Emily Branson,0,0,1,2,Nashville Nightshade,Away,10,ATL
16,Emily Branson,Emily Branson,,1,,2,Nashville Nightshade,Away,3,CBUS
23,Grace Fielder,Grace Fielder,0,0,0,0,Nashville Nightshade,Away,5,ATX
23,Grace Fielder,Grace Fielder,,,,,Nashville Nightshade,Home,8,RAL
23,Grace Fielder,Grace Fielder,,1,,1,Nashville Nightshade,Home,9,IND
23,Grace Fielder,Grace Fielder,0,0,0,1,Nashville Nightshade,Away,10,ATL
23,Grace Fielder,Grace Fielder,,1,,,Nashville Nightshade,Away,3,CBUS
30,Jenn Stewart,Jenn Stewart,0,1,0,2,Nashville Nightshade,Home,4,MIN
30,Jenn Stewart,Jenn Stewart,1,0,0,1,Nashville Nightshade,Away,5,ATX
30,Jenn Stewart,Jenn Stewart,,1,,1,Nashville Nightshade,Home,8,RAL
30,Jenn Stewart,Jenn Stewart,,,1,5,Nashville Nightshade,Home,9,IND
30,Jenn Stewart,Jenn Stewart,0,0,2,2,Nashville Nightshade,Away,10,ATL
30,Jenn Stewart,Jenn Stewart,1,,,1,Nashville Nightshade,Away,3,CBUS
2,Jesse Shofner,Jesse Shofner,5,1,0,6,Nashville Nightshade,Away,5,ATX
2,Jesse Shofner,Jesse Shofner,9,1,3,4,Nashville Nightshade,Home,8,RAL
2,Jesse Shofner,Jesse Shofner,,,,,Nashville Nightshade,Home,9,IND
2,Jesse Shofner,Jesse Shofner,0,0,0,0,Nashville Nightshade,Away,10,ATL
2,Jesse Shofner,Jesse Shofner,7,3,,9,Nashville Nightshade,Away,3,CBUS
27,Katharine Gilbert,Katharine Gilbert,0,0,0,5,Nashville Nightshade,Home,4,MIN
27,Katharine Gilbert,Katharine Gilbert,1,0,0,4,Nashville Nightshade,Away,5,ATX
27,Katharine Gilbert,Katharine Gilbert,,,,2,Nashville Nightshade,Home,8,RAL
27,Katharine Gilbert,Katharine Gilbert,3,0,0,4,Nashville Nightshade,Away,10,ATL
27,Katharine Gilbert,Katharine Gilbert,,,,4,Nashville Nightshade,Away,3,CBUS
14,Kayla Ferguson,Kayla Ferguson,0,2,2,3,Nashville Nightshade,Home,4,MIN
14,Kayla Ferguson,Kayla Ferguson,1,2,1,2,Nashville Nightshade,Away,5,ATX
14,Kayla Ferguson,Kayla Ferguson,1,2,,,Nashville Nightshade,Home,8,RAL
14,Kayla Ferguson,Kayla Ferguson,0,0,1,6,Nashville Nightshade,Away,10,ATL
14,Kayla Ferguson,Kayla Ferguson,2,,1,1,Nashville Nightshade,Away,3,CBUS
26,Leah Shorb,Leah Shorb,0,0,0,0,Nashville Nightshade,Home,4,MIN
26,Leah Shorb,Leah Shorb,0,0,0,0,Nashville Nightshade,Away,5,ATX
26,Leah Shorb,Leah Shorb,,,,,Nashville Nightshade,Home,8,RAL
26,Leah Shorb,Leah Shorb,,,,,Nashville Nightshade,Home,9,IND
26,Leah Shorb,Leah Shorb,0,0,1,0,Nashville Nightshade,Away,10,ATL
26,Leah Shorb,Leah Shorb,,,,,Nashville Nightshade,Away,3,CBUS
8,Margie Quinn,Margie Quinn,1,2,2,6,Nashville Nightshade,Home,4,MIN
8,Margie Quinn,Margie Quinn,,,,1,Nashville Nightshade,Home,8,RAL
8,Margie Quinn,Margie Quinn,,1,1,5,Nashville Nightshade,Home,9,IND
8,Margie Quinn,Margie Quinn,2,0,0,2,Nashville Nightshade,Away,10,ATL
77,Melissa Gronske,Melissa Gronske,0,2,0,0,Nashville Nightshade,Away,5,ATX
77,Melissa Gronske,Melissa Gronske,,2,,1,Nashville Nightshade,Home,8,RAL
77,Melissa Gronske,Melissa Gronske,,,1,1,Nashville Nightshade,Home,9,IND
77,Melissa Gronske,Melissa Gronske,0,0,0,0,Nashville Nightshade,Away,10,ATL
77,Melissa Gronske,Melissa Gronske,,,,,Nashville Nightshade,Away,3,CBUS
3,Metta Devine-Qin,Metta Devine-Qin,0,0,0,0,Nashville Nightshade,Home,4,MIN
3,Metta Devine-Qin,Metta Devine-Qin,,,,2,Nashville Nightshade,Home,8,RAL
3,Metta Devine-Qin,Metta Devine-Qin,,,,,Nashville Nightshade,Home,9,IND
3,Metta Devine-Qin,Metta Devine-Qin,0,0,0,0,Nashville Nightshade,Away,10,ATL
3,Metta Devine-Qin,Metta Devine-Qin,,,1,1,Nashville Nightshade,Away,3,CBUS
24,Mia Letterie,Mia Letterie,1,0,1,5,Nashville Nightshade,Home,4,MIN
24,Mia Letterie,Mia Letterie,1,0,0,4,Nashville Nightshade,Away,5,ATX
24,Mia Letterie,Mia Letterie,,1,1,1,Nashville Nightshade,Home,8,RAL
24,Mia Letterie,Mia Letterie,,,,2,Nashville Nightshade,Home,9,IND
24,Mia Letterie,Mia Letterie,0,1,0,0,Nashville Nightshade,Away,10,ATL
24,Mia Letterie,Mia Letterie,,,,,Nashville Nightshade,Away,3,CBUS
18,Morgan Butts,Morgan Butts,0,0,1,0,Nashville Nightshade,Away,5,ATX
18,Morgan Butts,Morgan Butts,,,,,Nashville Nightshade,Home,8,RAL
18,Morgan Butts,Morgan Butts,,,,1,Nashville Nightshade,Home,9,IND
18,Morgan Butts,Morgan Butts,0,1,0,0,Nashville Nightshade,Away,10,ATL
18,Morgan Butts,Morgan Butts,,1,,,Nashville Nightshade,Away,3,CBUS
25,Nadine Rowen,Nadine Rowen,1,1,0,0,Nashville Nightshade,Home,4,MIN
25,Nadine Rowen,Nadine Rowen,0,0,3,1,Nashville Nightshade,Away,5,ATX
25,Nadine Rowen,Nadine Rowen,1,,3,2,Nashville Nightshade,Home,9,IND
25,Nadine Rowen,Nadine Rowen,1,3,4,,Nashville Nightshade,Away,3,CBUS
20,Noel Holmes,Noel Holmes,0,0,1,4,Nashville Nightshade,Home,4,MIN
20,Noel Holmes,Noel Holmes,0,0,0,1,Nashville Nightshade,Away,5,ATX
20,Noel Holmes,Noel Holmes,,,,2,Nashville Nightshade,Home,8,RAL
20,Noel Holmes,Noel Holmes,1,,,1,Nashville Nightshade,Home,9,IND
20,Noel Holmes,Noel Holmes,0,1,0,1,Nashville Nightshade,Away,10,ATL
20,Noel Holmes,Noel Holmes,,,,2,Nashville Nightshade,Away,3,CBUS
17,Rachel Barr,Rachel Barr,1,0,0,0,Nashville Nightshade,Home,4,MIN
17,Rachel Barr,Rachel Barr,0,0,1,0,Nashville Nightshade,Away,5,ATX
17,Rachel Barr,Rachel Barr,,,,,Nashville Nightshade,Home,8,RAL
17,Rachel Barr,Rachel Barr,,1,,,Nashville Nightshade,Home,9,IND
17,Rachel Barr,Rachel Barr,0,1,0,0,Nashville Nightshade,Away,10,ATL
42,Rachel Kramer,Rachel Kramer,4,2,0,4,Nashville Nightshade,Home,4,MIN
42,Rachel Kramer,Rachel Kramer,2,6,3,5,Nashville Nightshade,Away,5,ATX
42,Rachel Kramer,Rachel Kramer,5,2,,1,Nashville Nightshade,Home,8,RAL
42,Rachel Kramer,Rachel Kramer,3,3,2,9,Nashville Nightshade,Home,9,IND
42,Rachel Kramer,Rachel Kramer,1,4,0,5,Nashville Nightshade,Away,10,ATL
42,Rachel Kramer,Rachel Kramer,4,6,2,3,Nashville Nightshade,Away,3,CBUS
22,Rebecca Henley,Rebecca Henley,0,0,1,1,Nashville Nightshade,Home,4,MIN
22,Rebecca Henley,Rebecca Henley,1,3,1,1,Nashville Nightshade,Away,5,ATX
22,Rebecca Henley,Rebecca Henley,1,6,,2,Nashville Nightshade,Home,8,RAL
22,Rebecca Henley,Rebecca Henley,1,1,3,2,Nashville Nightshade,Home,9,IND
22,Rebecca Henley,Rebecca Henley,2,2,0,0,Nashville Nightshade,Away,10,ATL
22,Rebecca Henley,Rebecca Henley,2,3,,,Nashville Nightshade,Away,3,CBUS
10,Tori Taylor,Tori Taylor,1,3,2,3,Nashville Nightshade,Home,4,MIN
10,Tori Taylor,Tori Taylor,5,2,2,3,Nashville Nightshade,Away,5,ATX
10,Tori Taylor,Tori Taylor,2,2,,,Nashville Nightshade,Home,8,RAL
10,Tori Taylor,Tori Taylor,1,1,2,4,Nashville Nightshade,Home,9,IND
10,Tori Taylor,Tori Taylor,4,3,4,3,Nashville Nightshade,Away,10,ATL
10,Tori Taylor,Tori Taylor,1,,,3,Nashville Nightshade,Away,3,CBUS
3,Abby Cheng,Abby Cheng,,2,,1,New York Gridlock,Away,2,PHL
3,Abby Cheng,Abby Cheng,0,0,2,3,New York Gridlock,Home,8,DC
3,Abby Cheng,Abby Cheng,0,0,1,3,New York Gridlock,Home,10,ATX
27,Akina Younge,Akina Younge,0,0,0,0,New York Gridlock,Away,6,MIN
27,Akina Younge,Akina Younge,1,1,0,1,New York Gridlock,Away,6,MKE
27,Akina Younge,Akina Younge,0,0,0,0,New York Gridlock,Home,8,DC
27,Akina Younge,Akina Younge,1,1,1,0,New York Gridlock,Home,10,ATX
12,Amy Zhou,Amy Zhou,,,,2,New York Gridlock,Away,2,PHL
12,Amy Zhou,Amy Zhou,2,1,1,0,New York Gridlock,Home,5,POR
12,Amy Zhou,Amy Zhou,1,2,0,0,New York Gridlock,Away,6,MIN
12,Amy Zhou,Amy Zhou,1,2,3,3,New York Gridlock,Away,6,MKE
12,Amy Zhou,Amy Zhou,2,4,0,0,New York Gridlock,Home,8,DC
12,Amy Zhou,Amy Zhou,1,0,1,2,New York Gridlock,Home,10,ATX
28,Angela Zhu,Angela Zhu,2,,2,2,New York Gridlock,Away,2,PHL
28,Angela Zhu,Angela Zhu,0,1,0,0,New York Gridlock,Home,5,POR
1,Anna Wysen,Anna Wysen,,,,,New York Gridlock,Away,2,PHL
1,Anna Wysen,Anna Wysen,0,0,0,0,New York Gridlock,Home,5,POR
1,Anna Wysen,Anna Wysen,0,0,0,0,New York Gridlock,Away,6,MIN
1,Anna Wysen,Anna Wysen,0,0,1,2,New York Gridlock,Away,6,MKE
1,Anna Wysen,Anna Wysen,0,0,0,1,New York Gridlock,Home,8,DC
1,Anna Wysen,Anna Wysen,0,0,0,5,New York Gridlock,Home,10,ATX
9,Becky Malinowski,Becky Malinowski,1,2,,,New York Gridlock,Away,2,PHL
9,Becky Malinowski,Becky Malinowski,0,1,0,2,New York Gridlock,Home,5,POR
9,Becky Malinowski,Becky Malinowski,0,0,0,2,New York Gridlock,Away,6,MIN
9,Becky Malinowski,Becky Malinowski,0,0,4,1,New York Gridlock,Away,6,MKE
9,Becky Malinowski,Becky Malinowski,0,0,0,3,New York Gridlock,Home,8,DC
9,Becky Malinowski,Becky Malinowski,0,1,0,1,New York Gridlock,Home,10,ATX
2,Brittany Kaplan,Brittany Kaplan,,,,,New York Gridlock,Away,2,PHL
2,Brittany Kaplan,Brittany Kaplan,0,1,0,0,New York Gridlock,Away,6,MIN
2,Brittany Kaplan,Brittany Kaplan,0,0,0,0,New York Gridlock,Away,6,MKE
2,Brittany Kaplan,Brittany Kaplan,1,0,0,1,New York Gridlock,Home,8,DC
2,Brittany Kaplan,Brittany Kaplan,0,0,1,3,New York Gridlock,Home,10,ATX
26,Cara Sieber,Cara Sieber,2,1,,,New York Gridlock,Away,2,PHL
26,Cara Sieber,Cara Sieber,3,1,1,2,New York Gridlock,Home,5,POR
26,Cara Sieber,Cara Sieber,0,0,0,3,New York Gridlock,Away,6,MIN
26,Cara Sieber,Cara Sieber,0,1,1,2,New York Gridlock,Away,6,MKE
26,Cara Sieber,Cara Sieber,0,1,0,0,New York Gridlock,Home,8,DC
26,Cara Sieber,Cara Sieber,1,2,0,1,New York Gridlock,Home,10,ATX
15,Elizabeth Mosquera,Elizabeth Mosquera,3,0,1,1,New York Gridlock,Home,5,POR
15,Elizabeth Mosquera,Elizabeth Mosquera,0,2,1,1,New York Gridlock,Away,6,MIN
33,Emily Barrett,Emily Barrett,1,,2,1,New York Gridlock,Away,2,PHL
33,Emily Barrett,Emily Barrett,0,3,0,0,New York Gridlock,Home,5,POR
33,Emily Barrett,Emily Barrett,0,1,0,2,New York Gridlock,Away,6,MIN
33,Emily Barrett,Emily Barrett,1,3,2,1,New York Gridlock,Away,6,MKE
33,Emily Barrett,Emily Barrett,1,5,0,1,New York Gridlock,Home,8,DC
33,Emily Barrett,Emily Barrett,1,3,0,1,New York Gridlock,Home,10,ATX
0,Genny De Jesus,Genny De Jesus,2,1,,1,New York Gridlock,Away,2,PHL
0,Genny De Jesus,Genny De Jesus,3,4,0,0,New York Gridlock,Home,5,POR
0,Genny De Jesus,Genny De Jesus,0,4,2,4,New York Gridlock,Away,6,MIN
0,Genny De Jesus,Genny De Jesus,1,2,0,1,New York Gridlock,Away,6,MKE
0,Genny De Jesus,Genny De Jesus,2,3,0,3,New York Gridlock,Home,8,DC
0,Genny De Jesus,Genny De Jesus,0,3,1,4,New York Gridlock,Home,10,ATX
66,Janine Hlavaty,Janine Hlavaty,,1,,,New York Gridlock,Away,2,PHL
66,Janine Hlavaty,Janine Hlavaty,1,1,1,0,New York Gridlock,Home,5,POR
66,Janine Hlavaty,Janine Hlavaty,0,1,0,3,New York Gridlock,Away,6,MIN
66,Janine Hlavaty,Janine Hlavaty,3,1,0,2,New York Gridlock,Away,6,MKE
66,Janine Hlavaty,Janine Hlavaty,1,0,1,1,New York Gridlock,Home,8,DC
66,Janine Hlavaty,Janine Hlavaty,1,3,0,0,New York Gridlock,Home,10,ATX
8,Kelly Hyland,Kelly Hyland,2,2,,,New York Gridlock,Away,2,PHL
8,Kelly Hyland,Kelly Hyland,0,2,0,0,New York Gridlock,Home,5,POR
48,Lisa Kowalski,Lisa Kowalski,,,2,,New York Gridlock,Away,2,PHL
48,Lisa Kowalski,Lisa Kowalski,1,0,0,3,New York Gridlock,Home,5,POR
48,Lisa Kowalski,Lisa Kowalski,2,0,2,1,New York Gridlock,Away,6,MIN
48,Lisa Kowalski,Lisa Kowalski,0,1,1,1,New York Gridlock,Away,6,MKE
48,Lisa Kowalski,Lisa Kowalski,0,0,2,4,New York Gridlock,Home,8,DC
48,Lisa Kowalski,Lisa Kowalski,2,0,3,1,New York Gridlock,Home,10,ATX
7,Luisa Neves,Luisa Neves,,,,4,New York Gridlock,Away,2,PHL
7,Luisa Neves,Luisa Neves,0,2,0,1,New York Gridlock,Home,5,POR
7,Luisa Neves,Luisa Neves,1,2,0,0,New York Gridlock,Away,6,MIN
7,Luisa Neves,Luisa Neves,2,0,1,0,New York Gridlock,Away,6,MKE
7,Luisa Neves,Luisa Neves,0,0,1,1,New York Gridlock,Home,8,DC
7,Luisa Neves,Luisa Neves,0,0,1,0,New York Gridlock,Home,10,ATX
88,Nikki Hair,Nikki Hair,,,,,New York Gridlock,Away,2,PHL
88,Nikki Hair,Nikki Hair,0,0,1,0,New York Gridlock,Home,5,POR
88,Nikki Hair,Nikki Hair,0,0,0,0,New York Gridlock,Away,6,MIN
88,Nikki Hair,Nikki Hair,1,0,1,1,New York Gridlock,Away,6,MKE
88,Nikki Hair,Nikki Hair,0,0,0,1,New York Gridlock,Home,8,DC
88,Nikki Hair,Nikki Hair,0,0,1,1,New York Gridlock,Home,10,ATX
96,Nina Finley,Nina Finley,2,1,3,1,New York Gridlock,Away,2,PHL
96,Nina Finley,Nina Finley,1,0,0,1,New York Gridlock,Home,5,POR
96,Nina Finley,Nina Finley,0,0,0,3,New York Gridlock,Away,6,MIN
96,Nina Finley,Nina Finley,0,0,0,1,New York Gridlock,Away,6,MKE
96,Nina Finley,Nina Finley,1,1,0,0,New York Gridlock,Home,8,DC
96,Nina Finley,Nina Finley,1,1,2,0,New York Gridlock,Home,10,ATX
11,Nola Kim-Mayer,Nola Kim-Mayer,,,,,New York Gridlock,Away,2,PHL
11,Nola Kim-Mayer,Nola Kim-Mayer,0,1,0,0,New York Gridlock,Home,5,POR
11,Nola Kim-Mayer,Nola Kim-Mayer,1,1,0,0,New York Gridlock,Away,6,MIN
11,Nola Kim-Mayer,Nola Kim-Mayer,1,0,2,5,New York Gridlock,Away,6,MKE
11,Nola Kim-Mayer,Nola Kim-Mayer,0,0,0,0,New York Gridlock,Home,8,DC
11,Nola Kim-Mayer,Nola Kim-Mayer,0,2,3,2,New York Gridlock,Home,10,ATX
6,Renata Pepi,Renata Pepi,,,,,New York Gridlock,Away,2,PHL
6,Renata Pepi,Renata Pepi,0,0,1,0,New York Gridlock,Home,5,POR
6,Renata Pepi,Renata Pepi,0,0,0,1,New York Gridlock,Away,6,MIN
6,Renata Pepi,Renata Pepi,1,0,1,0,New York Gridlock,Away,6,MKE
6,Renata Pepi,Renata Pepi,0,0,1,1,New York Gridlock,Home,8,DC
6,Renata Pepi,Renata Pepi,1,0,0,1,New York Gridlock,Home,10,ATX
74,Sam Harris,Sam Harris,0,0,3,1,New York Gridlock,Home,8,DC
74,Sam Harris,Sam Harris,0,1,4,1,New York Gridlock,Home,10,ATX
4,Stazi Tangherlini,Stazi Tangherlini,0,1,1,1,New York Gridlock,Home,5,POR
4,Stazi Tangherlini,Stazi Tangherlini,0,0,1,1,New York Gridlock,Away,6,MIN
4,Stazi Tangherlini,Stazi Tangherlini,2,0,1,1,New York Gridlock,Away,6,MKE
4,Stazi Tangherlini,Stazi Tangherlini,1,1,1,3,New York Gridlock,Home,8,DC
4,Stazi Tangherlini,Stazi Tangherlini,2,0,2,4,New York Gridlock,Home,10,ATX
52,Sydney Harris,Sydney Harris,0,0,0,0,New York Gridlock,Home,5,POR
52,Sydney Harris,Sydney Harris,0,0,0,0,New York Gridlock,Away,6,MIN
52,Sydney Harris,Sydney Harris,0,0,2,0,New York Gridlock,Away,6,MKE
52,Sydney Harris,Sydney Harris,0,1,1,0,New York Gridlock,Home,8,DC
52,Sydney Harris,Sydney Harris,1,0,3,2,New York Gridlock,Home,10,ATX
64,Tracey Lum,Tracey Lum,1,1,,,New York Gridlock,Away,2,PHL
64,Tracey Lum,Tracey Lum,0,0,0,1,New York Gridlock,Home,5,POR
64,Tracey Lum,Tracey Lum,0,0,0,2,New York Gridlock,Away,6,MIN
64,Tracey Lum,Tracey Lum,0,1,0,1,New York Gridlock,Away,6,MKE
64,Tracey Lum,Tracey Lum,0,0,0,2,New York Gridlock,Home,8,DC
64,Tracey Lum,Tracey Lum,1,1,1,2,New York Gridlock,Home,10,ATX
14,Tulsa Douglas,Tulsa Douglas,,,,,New York Gridlock,Away,2,PHL
14,Tulsa Douglas,Tulsa Douglas,0,0,1,1,New York Gridlock,Home,5,POR
14,Tulsa Douglas,Tulsa Douglas,3,3,1,4,New York Gridlock,Away,6,MIN
14,Tulsa Douglas,Tulsa Douglas,2,0,1,2,New York Gridlock,Away,6,MKE
14,Tulsa Douglas,Tulsa Douglas,4,0,1,2,New York Gridlock,Home,8,DC
14,Tulsa Douglas,Tulsa Douglas,4,1,1,4,New York Gridlock,Home,10,ATX
20,Yina Cartagena,Yina Cartagena,8,3,0,2,New York Gridlock,Home,5,POR
20,Yina Cartagena,Yina Cartagena,9,0,1,5,New York Gridlock,Away,6,MIN
20,Yina Cartagena,Yina Cartagena,1,2,0,0,New York Gridlock,Away,6,MKE
20,Yina Cartagena,Yina Cartagena,6,3,0,4,New York Gridlock,Home,8,DC
20,Yina Cartagena,Yina Cartagena,2,1,1,6,New York Gridlock,Home,10,ATX
83,Zoe Hecht,Zoe Hecht,,1,,1,New York Gridlock,Away,2,PHL
83,Zoe Hecht,Zoe Hecht,0,1,0,0,New York Gridlock,Home,5,POR
83,Zoe Hecht,Zoe Hecht,0,0,0,2,New York Gridlock,Away,6,MIN
83,Zoe Hecht,Zoe Hecht,1,2,0,0,New York Gridlock,Away,6,MKE
83,Zoe Hecht,Zoe Hecht,0,0,0,0,New York Gridlock,Home,8,DC
83,Zoe Hecht,Zoe Hecht,0,1,0,0,New York Gridlock,Home,10,ATX
17,Allie Milligan,Allie Milligan,,,,2,Philadelphia Surge,Home,2,NY
17,Allie Milligan,Allie Milligan,,,,,Philadelphia Surge,Away,4,POR
17,Allie Milligan,Allie Milligan,0,0,0,0,Philadelphia Surge,Away,5,RAL
17,Allie Milligan,Allie Milligan,1,,,,Philadelphia Surge,Away,7,DC
17,Allie Milligan,Allie Milligan,,,2,,Philadelphia Surge,Home,8,POR
17,Allie Milligan,Allie Milligan,2,,,1,Philadelphia Surge,Home,10,ATX
10,Andrea DeSabato,Andrea DeSabato,5,,,1,Philadelphia Surge,Home,2,NY
10,Andrea DeSabato,Andrea DeSabato,1,,1,,Philadelphia Surge,Away,4,POR
10,Andrea DeSabato,Andrea DeSabato,1,1,0,1,Philadelphia Surge,Away,5,RAL
10,Andrea DeSabato,Andrea DeSabato,,,1,3,Philadelphia Surge,Away,7,DC
10,Andrea DeSabato,Andrea DeSabato,,1,,1,Philadelphia Surge,Home,8,POR
10,Andrea DeSabato,Andrea DeSabato,1,,1,1,Philadelphia Surge,Home,10,ATX
11,Beata Artz,Beata Artz,,,1,,Philadelphia Surge,Home,2,NY
11,Beata Artz,Beata Artz,,,,1,Philadelphia Surge,Away,4,POR
11,Beata Artz,Beata Artz,0,1,2,0,Philadelphia Surge,Away,5,RAL
11,Beata Artz,Beata Artz,,,,,Philadelphia Surge,Away,7,DC
11,Beata Artz,Beata Artz,,,,,Philadelphia Surge,Home,8,POR
11,Beata Artz,Beata Artz,,,2,,Philadelphia Surge,Home,10,ATX
70,Benish Benjamin,Benish Benjamin,,,,1,Philadelphia Surge,Home,2,NY
70,Benish Benjamin,Benish Benjamin,0,0,0,1,Philadelphia Surge,Away,5,RAL
70,Benish Benjamin,Benish Benjamin,,,,,Philadelphia Surge,Away,7,DC
70,Benish Benjamin,Benish Benjamin,,,,,Philadelphia Surge,Home,8,POR
70,Benish Benjamin,Benish Benjamin,,,,,Philadelphia Surge,Home,10,ATX
24,Casey Gorman,Casey Gorman,,,,,Philadelphia Surge,Home,2,NY
24,Casey Gorman,Casey Gorman,,,2,1,Philadelphia Surge,Away,4,POR
24,Casey Gorman,Casey Gorman,,,,,Philadelphia Surge,Away,7,DC
24,Casey Gorman,Casey Gorman,1,1,2,2,Philadelphia Surge,Home,8,POR
24,Casey Gorman,Casey Gorman,,1,,,Philadelphia Surge,Home,10,ATX
20,Danielle Walsh,Danielle Walsh,1,,,1,Philadelphia Surge,Home,2,NY
20,Danielle Walsh,Danielle Walsh,4,1,,3,Philadelphia Surge,Away,4,POR
20,Danielle Walsh,Danielle Walsh,2,0,2,1,Philadelphia Surge,Away,5,RAL
20,Danielle Walsh,Danielle Walsh,2,1,1,3,Philadelphia Surge,Away,7,DC
20,Danielle Walsh,Danielle Walsh,,,,2,Philadelphia Surge,Home,8,POR
20,Danielle Walsh,Danielle Walsh,3,1,,,Philadelphia Surge,Home,10,ATX
8,Emma Soiles,Emma Soiles,1,,1,1,Philadelphia Surge,Home,2,NY
8,Emma Soiles,Emma Soiles,1,2,2,7,Philadelphia Surge,Away,4,POR
8,Emma Soiles,Emma Soiles,0,1,1,0,Philadelphia Surge,Away,5,RAL
8,Emma Soiles,Emma Soiles,1,,1,1,Philadelphia Surge,Away,7,DC
8,Emma Soiles,Emma Soiles,1,1,2,1,Philadelphia Surge,Home,8,POR
8,Emma Soiles,Emma Soiles,1,2,2,1,Philadelphia Surge,Home,10,ATX
88,Grace Hodges,Grace Hodges,,,,,Philadelphia Surge,Home,2,NY
88,Grace Hodges,Grace Hodges,,,,,Philadelphia Surge,Home,8,POR
88,Grace Hodges ,Grace Hodges,,,,,Philadelphia Surge,Home,10,ATX
6,Gwen Rauch,Gwen Rauch,,,,,Philadelphia Surge,Home,2,NY
6,Gwen Rauch,Gwen Rauch,,1,,,Philadelphia Surge,Away,4,POR
6,Gwen Rauch,Gwen Rauch,0,0,1,1,Philadelphia Surge,Away,5,RAL
6,Gwen Rauch,Gwen Rauch,,,,,Philadelphia Surge,Away,7,DC
6,Gwen Rauch,Gwen Rauch,,,,,Philadelphia Surge,Home,8,POR
6,Gwen Rauch,Gwen Rauch,,,,,Philadelphia Surge,Home,10,ATX
33,Jana Graham,Jana Graham,,,,,Philadelphia Surge,Home,2,NY
33,Jana Graham,Jana Graham,,1,1,,Philadelphia Surge,Away,4,POR
33,Jana Graham,Jana Graham,1,0,0,0,Philadelphia Surge,Away,5,RAL
33,Jana Graham ,Jana Graham,,,1,,Philadelphia Surge,Away,7,DC
33,Jana Graham ,Jana Graham,,,1,,Philadelphia Surge,Home,8,POR
33,Jana Graham,Jana Graham,,,1,,Philadelphia Surge,Home,10,ATX
13,Kristin Thomas,Kristin Thomas,,,,,Philadelphia Surge,Home,2,NY
13,Kristin Thomas,Kristin Thomas,,,,,Philadelphia Surge,Home,8,POR
13,Kristin Thomas,Kristin Thomas,,,,,Philadelphia Surge,Home,10,ATX
15,Layne Dodge,Layne Dodge,2,1,1,,Philadelphia Surge,Home,2,NY
15,Layne Dodge,Layne Dodge,,2,,1,Philadelphia Surge,Away,4,POR
15,Layne Dodge,Layne Dodge,1,1,0,1,Philadelphia Surge,Away,5,RAL
15,Layne Dodge,Layne Dodge,,,1,2,Philadelphia Surge,Away,7,DC
15,Layne Dodge,Layne Dodge,1,,,2,Philadelphia Surge,Home,8,POR
15,Layne Dodge,Layne Dodge,1,1,2,2,Philadelphia Surge,Home,10,ATX
21,Linda Morse,Linda Morse,1,2,2,1,Philadelphia Surge,Home,2,NY
21,Linda Morse,Linda Morse,1,3,2,2,Philadelphia Surge,Away,4,POR
21,Linda Morse,Linda Morse,1,0,1,0,Philadelphia Surge,Away,5,RAL
21,Linda Morse,Linda Morse,2,,,3,Philadelphia Surge,Away,7,DC
21,Linda Morse,Linda Morse,1,2,1,2,Philadelphia Surge,Home,8,POR
21,Linda Morse,Linda Morse,1,1,,,Philadelphia Surge,Home,10,ATX
5,Lindsay McKenna,Lindsay McKenna,2,2,1,3,Philadelphia Surge,Home,2,NY
5,Lindsay McKenna,Lindsay McKenna,1,1,1,3,Philadelphia Surge,Away,5,RAL
5,Lindsay McKenna,Lindsay McKenna,2,2,1,3,Philadelphia Surge,Away,7,DC
5,Lindsay McKenna,Lindsay McKenna,3,3,,3,Philadelphia Surge,Home,8,POR
5,Lindsay McKenna,Lindsay McKenna,4,1,1,3,Philadelphia Surge,Home,10,ATX
77,Liz Gardner,Liz Gardner,,,,,Philadelphia Surge,Home,2,NY
77,Liz Gardner,Liz Gardner,,,2,,Philadelphia Surge,Away,4,POR
77,Liz Gardner,Liz Gardner,0,1,0,0,Philadelphia Surge,Away,5,RAL
77,Liz Gardner,Liz Gardner,,,,,Philadelphia Surge,Away,7,DC
77,Liz Gardner,Liz Gardner,,,,,Philadelphia Surge,Home,8,POR
77,Liz Gardner,Liz Gardner,,,,,Philadelphia Surge,Home,10,ATX
22,Liz Hart,Liz Hart,,4,3,,Philadelphia Surge,Home,2,NY
22,Liz Hart,Liz Hart,1,,1,,Philadelphia Surge,Away,4,POR
22,Liz Hart,Liz Hart,0,0,1,2,Philadelphia Surge,Away,5,RAL
22,Liz Hart,Liz Hart,,2,,,Philadelphia Surge,Away,7,DC
22,Liz Hart,Liz Hart,1,1,,2,Philadelphia Surge,Home,8,POR
22,Liz Hart ,Liz Hart,,2,1,2,Philadelphia Surge,Home,10,ATX
0,Madison Cannon,Madison Cannon,,1,,1,Philadelphia Surge,Away,4,POR
0,Madison Cannon,Madison Cannon,0,1,0,0,Philadelphia Surge,Away,5,RAL
0,Madison Cannon,Madison Cannon,,,,,Philadelphia Surge,Away,7,DC
0,Madison Cannon,Madison Cannon,,,,,Philadelphia Surge,Home,8,POR
16,Meg Wadlinger,Meg Wadlinger,,,,,Philadelphia Surge,Home,2,NY
16,Meg Wadlinger,Meg Wadlinger,,,,,Philadelphia Surge,Away,4,POR
16,Meg Wadlinger,Meg Wadlinger,,,,,Philadelphia Surge,Away,7,DC
16,Meg Wadlinger,Meg Wadlinger,,,,,Philadelphia Surge,Home,8,POR
16,Meg Wadlinger,Meg Wadlinger,,,,,Philadelphia Surge,Home,10,ATX
23,Natalie Bova,Natalie Bova,1,2,,,Philadelphia Surge,Home,2,NY
23,Natalie Bova,Natalie Bova,0,1,0,3,Philadelphia Surge,Away,5,RAL
23,Natalie Bova,Natalie Bova,,1,,3,Philadelphia Surge,Away,7,DC
23,Natalie Bova,Natalie Bova,2,1,1,,Philadelphia Surge,Home,8,POR
23,Natalie Bova,Natalie Bova,,2,,1,Philadelphia Surge,Home,10,ATX
7,Nikki Tucker,Nikki Tucker,1,,1,,Philadelphia Surge,Home,2,NY
7,Nikki Tucker,Nikki Tucker,3,,,1,Philadelphia Surge,Away,4,POR
7,Nikki Tucker,Nikki Tucker,0,0,0,0,Philadelphia Surge,Away,5,RAL
7,Nikki Tucker,Nikki Tucker,,,,,Philadelphia Surge,Away,7,DC
7,Nikki Tucker,Nikki Tucker,,,,,Philadelphia Surge,Home,8,POR
7,Nikki Tucker,Nikki Tucker,,,1,1,Philadelphia Surge,Home,10,ATX
3,Rachel Alfano,Rachel Alfano,1,3,,,Philadelphia Surge,Home,2,NY
3,Rachel Alfano,Rachel Alfano,3,3,,,Philadelphia Surge,Away,4,POR
3,Rachel Alfano,Rachel Alfano,1,1,0,1,Philadelphia Surge,Away,5,RAL
3,Rachel Alfano,Rachel Alfano,1,1,,2,Philadelphia Surge,Away,7,DC
3,Rachel Alfano,Rachel Alfano,1,1,1,2,Philadelphia Surge,Home,8,POR
3,Rachel Alfano,Rachel Alfano,2,1,1,2,Philadelphia Surge,Home,10,ATX
12,Rachel Bova,Rachel Bova,,,,,Philadelphia Surge,Home,2,NY
12,Rachel Bova,Rachel Bova,0,0,0,0,Philadelphia Surge,Away,5,RAL
12,Rachel Bova,Rachel Bova,,,,,Philadelphia Surge,Home,8,POR
12,Rachel Bova,Rachel Bova,,,,,Philadelphia Surge,Home,10,ATX
4,Raha Mozaffari,Raha Mozaffari,2,,1,1,Philadelphia Surge,Home,2,NY
4,Raha Mozaffari,Raha Mozaffari,3,2,1,1,Philadelphia Surge,Away,4,POR
4,Raha Mozaffari,Raha Mozaffari,1,0,0,1,Philadelphia Surge,Away,5,RAL
4,Raha Mozaffari,Raha Mozaffari,,,,,Philadelphia Surge,Away,7,DC
4,Raha Mozaffari,Raha Mozaffari,1,3,1,3,Philadelphia Surge,Home,8,POR
4,Raha Mozaffari,Raha Mozaffari,,,,,Philadelphia Surge,Home,10,ATX
25,Sabrina Bonaci,Sabrina Bonaci,,,,,Philadelphia Surge,Home,2,NY
25,Sabrina Bonaci,Sabrina Bonaci,,,,,Philadelphia Surge,Away,4,POR
25,Sabrina Bonaci,Sabrina Bonaci,,1,,,Philadelphia Surge,Away,7,DC
25,Sabrina Bonaci,Sabrina Bonaci,,,,,Philadelphia Surge,Home,8,POR
25,Sabrina Bonaci,Sabrina Bonaci,,2,,,Philadelphia Surge,Home,10,ATX
9,Sarah Hirannet,Sarah Hirannet,,3,1,,Philadelphia Surge,Home,2,NY
9,Sarah Hirannet,Sarah Hirannet,,1,3,,Philadelphia Surge,Away,4,POR
9,Sarah Hirannet,Sarah Hirannet,0,0,0,0,Philadelphia Surge,Away,5,RAL
9,Sarah Hirannet,Sarah Hirannet,,1,,1,Philadelphia Surge,Away,7,DC
9,Sarah Hirannet,Sarah Hirannet,2,,1,1,Philadelphia Surge,Home,8,POR
9,Sarah Hirannet,Sarah Hirannet,2,4,1,,Philadelphia Surge,Home,10,ATX
18,Sumi Onoe,Sumi Onoe,,,,2,Philadelphia Surge,Home,2,NY
18,Sumi Onoe,Sumi Onoe,1,1,3,1,Philadelphia Surge,Away,7,DC
18,Sumi Onoe,Sumi Onoe,,,,1,Philadelphia Surge,Home,8,POR
18,Sumi Onoe,Sumi Onoe,1,,1,1,Philadelphia Surge,Home,10,ATX
2,Zoë Lewis,Zoë Lewis,,,,,Philadelphia Surge,Home,2,NY
2,Zoë Lewis,Zoë Lewis,,,,,Philadelphia Surge,Away,4,POR
2,Zoë Lewis,Zoë Lewis,,,,,Philadelphia Surge,Home,8,POR
2,Zoë Lewis,Zoë Lewis,,,1,,Philadelphia Surge,Home,10,ATX
15,Caitlin Fitzgerald,Caitlin Fitzgerald,,,1,4,Portland Rising,Away,1,ATX
15,Caitlin Fitzgerald,Caitlin Fitzgerald,1,1,1,1,Portland Rising,Home,4,PHL
15,Caitlin Fitzgerald,Caitlin Fitzgerald,,,,,Portland Rising,Away,5,NY
15,Caitlin Fitzgerald,Caitlin Fitzgerald,0,0,0,0,Portland Rising,Home,6,DC
15,Caitlin Fitzgerald,Caitlin Fitzgerald,,,,,Portland Rising,Away,8,PHL
52,Caitlin O'Connell,Caitlin O'Connell,,1,,,Portland Rising,Away,1,ATX
52,Caitlin O'Connell,Caitlin O'Connell,0,0,0,1,Portland Rising,Home,4,PHL
52,Caitlin O'Connell,Caitlin O'Connell,,,1,,Portland Rising,Away,5,NY
52,Caitlin O'Connell,Caitlin O'Connell,0,0,0,0,Portland Rising,Home,6,DC
52,Caitlin O'Connell,Caitlin O'Connell,1,,1,,Portland Rising,Away,8,PHL
52,Caitlin O'Connell,Caitlin O'Connell,,,,,Portland Rising,Home,9,MKE
6,Chloë Rowse,Chloë Rowse,1,1,,,Portland Rising,Away,1,ATX
6,Chloë Rowse,Chloë Rowse,0,1,2,0,Portland Rising,Home,4,PHL
6,Chloë Rowse,Chloë Rowse,,,,,Portland Rising,Away,5,NY
6,Chloë Rowse ,Chloë Rowse,1,2,2,1,Portland Rising,Home,6,DC
6,Chloë Rowse,Chloë Rowse,,,,,Portland Rising,Away,8,PHL
6,Chloë Rowse ,Chloë Rowse,1,,2,,Portland Rising,Home,9,MKE
23,Colette Pellegrini,Colette Pellegrini,1,,,,Portland Rising,Away,1,ATX
23,Colette Pellegrini,Colette Pellegrini,1,0,1,2,Portland Rising,Home,4,PHL
23,Colette Pellegrini,Colette Pellegrini,1,3,,1.5,Portland Rising,Away,5,NY
23,Colette Pellegrini ,Colette Pellegrini,1,0,0,1,Portland Rising,Home,6,DC
23,Colette Pellegrini,Colette Pellegrini,2,,,,Portland Rising,Away,8,PHL
23,Colette Pellegrini ,Colette Pellegrini,3,,,2,Portland Rising,Home,9,MKE
29,Elana Schwam,Elana Schwam,0,1,0,2,Portland Rising,Home,4,PHL
29,Elana Schwam,Elana Schwam,2,2,,1,Portland Rising,Away,5,NY
29,Elana Schwam ,Elana Schwam,0,0,0,1,Portland Rising,Home,6,DC
29,Elana Schwam ,Elana Schwam,1,1,,,Portland Rising,Home,9,MKE
22,Emma Lowenstein,Emma Lowenstein,0,0,0,0,Portland Rising,Home,4,PHL
22,Emma Lowenstein ,Emma Lowenstein,0,0,0,0,Portland Rising,Home,6,DC
22,Emma Lowenstein,Emma Lowenstein,,,1,1,Portland Rising,Away,8,PHL
22,Emma Lowenstein ,Emma Lowenstein,,,,,Portland Rising,Home,9,MKE
76,Emma Palacio,Emma Palacio,,,1,1,Portland Rising,Away,1,ATX
76,Emma Palacio,Emma Palacio,1,0,0,2,Portland Rising,Home,4,PHL
76,Emma Palacio,Emma Palacio,,,,,Portland Rising,Away,5,NY
76,Emma Palacio ,Emma Palacio,0,0,0,0,Portland Rising,Home,6,DC
76,Emma Palacio,Emma Palacio,,,,,Portland Rising,Away,8,PHL
76,Emma Palacio ,Emma Palacio,,,2,2,Portland Rising,Home,9,MKE
16,Erin Rea,Erin Rea,3,2,,1,Portland Rising,Away,1,ATX
16,Erin Rea,Erin Rea,0,2,1,1,Portland Rising,Home,4,PHL
16,Erin Rea,Erin Rea,1,1,1,,Portland Rising,Away,5,NY
16,Erin Rea ,Erin Rea,1,1,1,0,Portland Rising,Home,6,DC
16,Erin Rea,Erin Rea,2,2,,3,Portland Rising,Away,8,PHL
16,Erin Rea ,Erin Rea,2,,1,1,Portland Rising,Home,9,MKE
12,Evie Clement,Evie Clement,0,0,1,0,Portland Rising,Home,4,PHL
12,Evie Clement,Evie Clement,,,,,Portland Rising,Away,5,NY
12,Evie Clement ,Evie Clement,0,0,0,0,Portland Rising,Home,6,DC
12,Evie Clement,Evie Clement,1,,,,Portland Rising,Away,8,PHL
12,Evie Clement ,Evie Clement,,,,,Portland Rising,Home,9,MKE
37,Hannah Henkin,Hannah Henkin,1,,1,2,Portland Rising,Away,1,ATX
37,Hannah Henkin,Hannah Henkin,3,,1,1,Portland Rising,Away,5,NY
37,Hannah Henkin ,Hannah Henkin,1,0,1,4,Portland Rising,Home,6,DC
37,Hannah Henkin,Hannah Henkin,,1,,3,Portland Rising,Away,8,PHL
37,Hannah Henkin ,Hannah Henkin,1,3,,2,Portland Rising,Home,9,MKE
90,Hayley Soohoo,Hayley Soohoo,,,,,Portland Rising,Away,8,PHL
90,Hayley Soohoo,Hayley Soohoo,,,1,1,Portland Rising,Home,9,MKE
36,Jaelee Cruz,Jaelee Cruz,0,0,0,0,Portland Rising,Home,4,PHL
36,Jaelee Cruz,Jaelee Cruz,,1,,,Portland Rising,Away,5,NY
36,Jaelee Cruz ,Jaelee Cruz,0,0,0,1,Portland Rising,Home,6,DC
36,Jaelee Cruz,Jaelee Cruz,,,,,Portland Rising,Away,8,PHL
36,Jaelee Cruz ,Jaelee Cruz,,,,2,Portland Rising,Home,9,MKE
30,Jean Huang,Jean Huang,,1,,1,Portland Rising,Away,1,ATX
30,Jean Huang,Jean Huang,1,1,1,1,Portland Rising,Home,4,PHL
30,Jean Huang ,Jean Huang,1,2,0,0,Portland Rising,Home,6,DC
30,Jean Huang ,Jean Huang,4,1,1,3,Portland Rising,Home,9,MKE
1,Jenny Wang,Jenny Wang,0,0,0,1,Portland Rising,Home,4,PHL
1,Jenny Wang,Jenny Wang,,,,3,Portland Rising,Away,5,NY
1,Jenny Wang ,Jenny Wang,0,0,0,2,Portland Rising,Home,6,DC
1,Jenny Wang,Jenny Wang,,,,,Portland Rising,Away,8,PHL
17,Kelsey Devlin,Kelsey Devlin,,2,1,1,Portland Rising,Away,1,ATX
17,Kelsey Devlin,Kelsey Devlin,0,0,1,5,Portland Rising,Home,4,PHL
17,Kelsey Devlin ,Kelsey Devlin,0,0,0,0,Portland Rising,Home,6,DC
17,Kelsey Devlin,Kelsey Devlin,,,1,2,Portland Rising,Away,8,PHL
17,Kelsey Devlin ,Kelsey Devlin,,,,2,Portland Rising,Home,9,MKE
10,Lauren Baecher,Lauren Baecher,0,0,1,3,Portland Rising,Home,4,PHL
10,Lauren Baecher,Lauren Baecher,,,,,Portland Rising,Away,5,NY
10,Lauren Baecher,Lauren Baecher,,,,,Portland Rising,Away,8,PHL
10,Lauren Baecher,Lauren Baecher,1,,1,3,Portland Rising,Home,9,MKE
3,Liv Player,Liv Player,0,0,0,1,Portland Rising,Home,4,PHL
3,Liv Player,Liv Player,,,,,Portland Rising,Away,5,NY
3,Liv Player,Liv Player,,,,1,Portland Rising,Away,8,PHL
3,Liv Player,Liv Player,1,,3,2,Portland Rising,Home,9,MKE
4,Makk,Makk,,,,3,Portland Rising,Away,1,ATX
4,Makk,Makk,1,,1,1,Portland Rising,Away,5,NY
4,Makk ,Makk,1,0,4,1,Portland Rising,Home,6,DC
4,Makk ,Makk,,3,2,2,Portland Rising,Home,9,MKE
32,Megan Wilson,Megan Wilson,1,,,1,Portland Rising,Away,1,ATX
32,Megan Wilson,Megan Wilson,0,0,0,1,Portland Rising,Home,4,PHL
32,Megan Wilson,Megan Wilson,,,,3.5,Portland Rising,Away,5,NY
32,Megan Wilson ,Megan Wilson,1,0,1,4,Portland Rising,Home,6,DC
32,Megan Wilson,Megan Wilson,,,,2,Portland Rising,Away,8,PHL
32,Megan Wilson ,Megan Wilson,,,,,Portland Rising,Home,9,MKE
8,Nicki Chan,Nicki Chan,0,1,1,0,Portland Rising,Home,4,PHL
8,Nicki Chan,Nicki Chan,,,,0.5,Portland Rising,Away,5,NY
8,Nicki Chan ,Nicki Chan,1,2,0,1,Portland Rising,Home,6,DC
8,Nicki Chan,Nicki Chan,,,1,,Portland Rising,Away,8,PHL
8,Nicki Chan ,Nicki Chan,,,,,Portland Rising,Home,9,MKE
19,Olivia Hampton,Olivia Hampton,2,2,2,4,Portland Rising,Away,1,ATX
19,Olivia Hampton,Olivia Hampton,1,0,1,2,Portland Rising,Home,4,PHL
19,Olivia Hampton,Olivia Hampton,,,1,1,Portland Rising,Away,5,NY
19,Olivia Hampton ,Olivia Hampton,1,1,0,2,Portland Rising,Home,6,DC
19,Olivia Hampton,Olivia Hampton,,2,,,Portland Rising,Away,8,PHL
19,Olivia Hampton ,Olivia Hampton,,1,5,3,Portland Rising,Home,9,MKE
26,Rachael Westgate,Rachael Westgate,1,0,0,0,Portland Rising,Home,4,PHL
26,Rachael Westgate,Rachael Westgate,,1,,0.5,Portland Rising,Away,5,NY
26,Rachael Westgate ,Rachael Westgate,1,0,0,1,Portland Rising,Home,6,DC
26,Rachael Westgate,Rachael Westgate,,1,,1,Portland Rising,Away,8,PHL
26,Rachael Westgate ,Rachael Westgate,,,,,Portland Rising,Home,9,MKE
13,Samantha Munson,Samantha Munson,,,,,Portland Rising,Away,8,PHL
13,Samantha Munson,Samantha Munson,1,,1,1,Portland Rising,Home,9,MKE
55,Sophie Knowles,Sophie Knowles,4,1,1,3,Portland Rising,Away,1,ATX
55,Sophie Knowles,Sophie Knowles,1,0,0,2,Portland Rising,Home,4,PHL
55,Sophie Knowles,Sophie Knowles,2,1,1,4.5,Portland Rising,Away,5,NY
55,Sophie Knowles ,Sophie Knowles,0,0,0,3,Portland Rising,Home,6,DC
55,Sophie Knowles,Sophie Knowles,2,,,1,Portland Rising,Away,8,PHL
55,Sophie Knowles ,Sophie Knowles,1,2,1,3,Portland Rising,Home,9,MKE
69,Tahlia Quartin,Tahlia Quartin,,,2,2,Portland Rising,Home,9,MKE
51,Tess Johnson,Tess Johnson,,1,1,4,Portland Rising,Away,1,ATX
51,Tess Johnson,Tess Johnson,0,0,1,0,Portland Rising,Home,4,PHL
51,Tess Johnson,Tess Johnson,1,1,,2.5,Portland Rising,Away,5,NY
51,Tess Johnson ,Tess Johnson,0,0,0,2,Portland Rising,Home,6,DC
51,Tess Johnson,Tess Johnson,,,,,Portland Rising,Away,8,PHL
2,Wilhelmina Graff,Wilhelmina Graff,0,0,0,0,Portland Rising,Home,4,PHL
2,Wilhelmina Graff ,Wilhelmina Graff,0,0,0,1,Portland Rising,Home,6,DC
2,Wilhelmina Graff,Wilhelmina Graff,1,1,,,Portland Rising,Away,8,PHL
2,Wilhelmina Graff ,Wilhelmina Graff,,3,1,,Portland Rising,Home,9,MKE
33,Yuge Xiao,Yuge Xiao,1,3,3,2,Portland Rising,Away,1,ATX
33,Yuge Xiao,Yuge Xiao,0,0,1,1,Portland Rising,Home,4,PHL
33,Yuge Xiao,Yuge Xiao,2,3,,1,Portland Rising,Away,5,NY
33,Yuge Xiao ,Yuge Xiao,1,2,0,6,Portland Rising,Home,6,DC
33,Yuge Xiao,Yuge Xiao,1,3,,2,Portland Rising,Away,8,PHL
33,Yuge Xiao ,Yuge Xiao,1,3,,1,Portland Rising,Home,9,MKE
34,Alex Barnett,Alex Barnett,,3,1,2,Raleigh Radiance,Home,3,ATX
34,Alex Barnett,Alex Barnett,1,,,1,Raleigh Radiance,Home,5,PHL
34,Alex Barnett,Alex Barnett,3,1,0,2,Raleigh Radiance,Away,7,ATL
34,Alex Barnett,Alex Barnett,4,1,,7,Raleigh Radiance,Away,10,DC
10,Alice Wang,Alice Wang,2,1,2,1,Raleigh Radiance,Home,1,CBUS
10,Alice Wang,Alice Wang,,,,,Raleigh Radiance,Home,3,ATX
10,Alice Wang,Alice Wang,0,0,1,1,Raleigh Radiance,Away,7,ATL
10,Alice Wang,Alice Wang,,1,,,Raleigh Radiance,Away,8,NASH
10,Alice Wang,Alice Wang,,,,1,Raleigh Radiance,Away,10,DC
7,Allison Reilly,Allison Reilly,,,,4,Raleigh Radiance,Home,3,ATX
7,Allison Reilly,Allison Reilly,,,,,Raleigh Radiance,Home,5,PHL
7,Allison Reilly,Allison Reilly,2,0,0,1,Raleigh Radiance,Away,7,ATL
4,Ashley Powell,Ashley Powell,1,0,0,2,Raleigh Radiance,Home,1,CBUS
4,Ashley Powell,Ashley Powell,,1,,1,Raleigh Radiance,Home,3,ATX
4,Ashley Powell,Ashley Powell,1,,1,,Raleigh Radiance,Home,5,PHL
4,Ashley Powell ,Ashley Powell,0,1,1,1,Raleigh Radiance,Away,7,ATL
4,Ashley powell,Ashley powell,4,1,,3,Raleigh Radiance,Away,8,NASH
4,Ashley Powell,Ashley Powell,,,,2,Raleigh Radiance,Away,10,DC
23,Bella Russell,Bella Russell,0,0,0,0,Raleigh Radiance,Home,1,CBUS
23,Bella Russell,Bella Russell,,,,,Raleigh Radiance,Home,3,ATX
23,Bella Russell,Bella Russell,0,0,0,0,Raleigh Radiance,Away,7,ATL
23,Bella Russell,Bella Russell,,,,,Raleigh Radiance,Away,10,DC
20,Bridget Mizener,Bridget Mizener,2,1,,1,Raleigh Radiance,Home,3,ATX
20,Bridget Mizener,Bridget Mizener,1,,,6,Raleigh Radiance,Home,5,PHL
20,Bridget Mizener,Bridget Mizener,0,0,0,0,Raleigh Radiance,Away,7,ATL
20,Bridget Mizener,Bridget Mizener,,,,,Raleigh Radiance,Away,10,DC
45,Caitlin Gross,Caitlin Gross,2,0,0,2,Raleigh Radiance,Home,1,CBUS
45,Caitlin Gross,Caitlin Gross,,,1,1,Raleigh Radiance,Home,3,ATX
45,Caitlin Gross,Caitlin Gross,,1,,1,Raleigh Radiance,Home,5,PHL
45,Caitlin Gross,Caitlin Gross,2,5,1,3,Raleigh Radiance,Away,7,ATL
45,Caitlin Gross,Caitlin Gross,4,2,,1,Raleigh Radiance,Away,8,NASH
45,Caitlin Gross,Caitlin Gross,3,2,,2,Raleigh Radiance,Away,10,DC
88,Christine Bookhout,Christine Bookhout,,,,,Raleigh Radiance,Home,3,ATX
88,Christine Bookhout,Christine Bookhout,,,,,Raleigh Radiance,Home,5,PHL
88,Christine Bookhout,Christine Bookhout,,3,,,Raleigh Radiance,Away,8,NASH
88,Christine Bookhout,Christine Bookhout,,,,,Raleigh Radiance,Away,10,DC
2,Claire Bidigare-Curtis,Claire Bidigare-Curtis,0,2,1,8,Raleigh Radiance,Home,1,CBUS
2,Claire Bidigare-Curtis,Claire Bidigare-Curtis,,4,,1,Raleigh Radiance,Home,3,ATX
2,Claire Bidigare-Curtis,Claire Bidigare-Curtis,,,,,Raleigh Radiance,Home,5,PHL
2,Claire Bidigare-Curtis,Claire Bidigare-Curtis,2,2,,2,Raleigh Radiance,Away,8,NASH
2,Claire Bidigare-Curtis,Claire Bidigare-Curtis,1,3,2,,Raleigh Radiance,Away,10,DC
28,Claire Revere,Claire Revere,1,0,1,2,Raleigh Radiance,Home,1,CBUS
28,Claire Revere,Claire Revere,,1,,,Raleigh Radiance,Home,3,ATX
28,Claire Revere,Claire Revere,3,2,,1,Raleigh Radiance,Away,8,NASH
28,Claire Revere,Claire Revere,,,,2,Raleigh Radiance,Away,10,DC
86,Connie Cui,Connie Cui,1,0,1,4,Raleigh Radiance,Home,1,CBUS
86,Connie Cui,Connie Cui,1,,1,1,Raleigh Radiance,Home,3,ATX
86,Connie Cui,Connie Cui,,,,,Raleigh Radiance,Home,5,PHL
11,Dawn Culton,Dawn Culton,1,1,1,1,Raleigh Radiance,Home,3,ATX
11,Dawn Culton,Dawn Culton,,,,1,Raleigh Radiance,Home,5,PHL
11,Dawn Culton,Dawn Culton,2,1,2,0,Raleigh Radiance,Away,7,ATL
11,Dawn Culton,Dawn Culton,2,2,1,3,Raleigh Radiance,Away,10,DC
17,Emily Przykucki,Emily Przykucki,1,,,,Raleigh Radiance,Home,3,ATX
17,Emily Przykucki,Emily Przykucki,,,,1,Raleigh Radiance,Home,5,PHL
17,Emily Przykucki,Emily Przykucki,0,1,0,1,Raleigh Radiance,Away,7,ATL
33,Erica Birdsong,Erica Birdsong,1,2,2,,Raleigh Radiance,Home,3,ATX
33,Erica Birdsong,Erica Birdsong,,,,,Raleigh Radiance,Home,5,PHL
33,Erica Birdsong,Erica Birdsong,4,2,0,0,Raleigh Radiance,Away,7,ATL
8,Georgia Tse,Georgia Tse,0,2,1,3,Raleigh Radiance,Home,1,CBUS
8,Georgia Tse,Georgia Tse,,,1,4,Raleigh Radiance,Home,3,ATX
8,Georgia Tse,Georgia Tse,,,,,Raleigh Radiance,Home,5,PHL
8,Georgia Tse,Georgia Tse,0,2,1,1,Raleigh Radiance,Away,7,ATL
8,Georgia Tse,Georgia Tse,2,2,,1,Raleigh Radiance,Away,8,NASH
8,Georgia Tse,Georgia Tse,,2,1,4,Raleigh Radiance,Away,10,DC
3,Grace Conerly,Grace Conerly,1,1,1,3,Raleigh Radiance,Home,3,ATX
3,Grace Conerly,Grace Conerly,,1,,2,Raleigh Radiance,Home,5,PHL
3,Grace Conerly,Grace Conerly,1,0,0,2,Raleigh Radiance,Away,7,ATL
24,Hannah Boettcher,Hannah Boettcher,1,1,2,1,Raleigh Radiance,Home,1,CBUS
24,Hannah Boettcher,Hannah Boettcher,3,,2,1,Raleigh Radiance,Home,3,ATX
24,Hannah Boettcher,Hannah Boettcher,,,1,1,Raleigh Radiance,Home,5,PHL
24,Hannah Boettcher,Hannah Boettcher,1,3,1,0,Raleigh Radiance,Away,7,ATL
24,Hannah Boettcher,Hannah Boettcher,,2,2,,Raleigh Radiance,Away,8,NASH
24,Hannah Boettcher,Hannah Boettcher,,1,1,1,Raleigh Radiance,Away,10,DC
22,Heather Zimmerman,Heather Zimmerman,1,,1,,Raleigh Radiance,Home,3,ATX
22,Heather Zimmerman,Heather Zimmerman,,,,,Raleigh Radiance,Home,5,PHL
22,Heather Zimmerman,Heather Zimmerman,1,1,0,1,Raleigh Radiance,Away,7,ATL
22,Heather Zimmerman,Heather Zimmerman,,1,,4,Raleigh Radiance,Away,8,NASH
19,Jenna Dahl,Jenna Dahl,1,0,0,1,Raleigh Radiance,Home,1,CBUS
19,Jenna Dahl,Jenna Dahl,,,1,,Raleigh Radiance,Home,3,ATX
19,Jenna Dahl,Jenna Dahl,,,,,Raleigh Radiance,Home,5,PHL
19,Jenna Dahl,Jenna Dahl,0,0,1,0,Raleigh Radiance,Away,7,ATL
19,Jenna Dahl,Jenna Dahl,1,,,3,Raleigh Radiance,Away,8,NASH
19,Jenna Dahl,Jenna Dahl,1,,,1,Raleigh Radiance,Away,10,DC
9,Jinny Riedel,Jinny Riedel,2,0,0,1,Raleigh Radiance,Home,1,CBUS
9,Jinny Riedel,Jinny Riedel,,1,2,6,Raleigh Radiance,Home,3,ATX
9,Jinny Riedel,Jinny Riedel,,,,1,Raleigh Radiance,Home,5,PHL
9,Jinny Riedel,Jinny Riedel,0,0,1,1,Raleigh Radiance,Away,7,ATL
9,Jinny Riedel,Jinny Riedel,3,,2,2,Raleigh Radiance,Away,8,NASH
9,Jinny Riedel,Jinny Riedel,,,1,5,Raleigh Radiance,Away,10,DC
0,Julia Zwierzynski,Julia Zwierzynski,0,0,2,0,Raleigh Radiance,Home,1,CBUS
0,Julia Zwierzynski,Julia Zwierzynski,,1,,1,Raleigh Radiance,Home,3,ATX
0,Julia Zwierzynski,Julia Zwierzynski,,,1,,Raleigh Radiance,Home,5,PHL
0,Julia Zwierzynski,Julia Zwierzynski,1,0,1,0,Raleigh Radiance,Away,7,ATL
0,Julia Zwierzynski,Julia Zwierzynski,1,,,,Raleigh Radiance,Away,8,NASH
0,Julia Zwierzynski,Julia Zwierzynski,1,,,,Raleigh Radiance,Away,10,DC
15,Justine Neville,Justine Neville,0,2,3,1,Raleigh Radiance,Home,1,CBUS
15,Justine Neville,Justine Neville,,1,,1,Raleigh Radiance,Home,3,ATX
15,Justine Neville,Justine Neville,,,2,,Raleigh Radiance,Home,5,PHL
15,Justine Neville,Justine Neville,0,0,0,1,Raleigh Radiance,Away,7,ATL
15,Justine Neville,Justine Neville,,2,1,,Raleigh Radiance,Away,8,NASH
15,Justine Neville,Justine Neville,,,1,,Raleigh Radiance,Away,10,DC
36,Kelsea Fitzpatrick,Kelsea Fitzpatrick,0,1,0,1,Raleigh Radiance,Home,1,CBUS
36,Kelsea Fitzpatrick,Kelsea Fitzpatrick,,,,,Raleigh Radiance,Home,5,PHL
36,Kelsea Fitzpatrick,Kelsea Fitzpatrick,,,,1,Raleigh Radiance,Away,8,NASH
27,Mary Rippe,Mary Rippe,1,2,0,1,Raleigh Radiance,Home,1,CBUS
27,Mary Rippe,Mary Rippe,3,,,,Raleigh Radiance,Home,3,ATX
27,Mary Rippe,Mary Rippe,,1,1,,Raleigh Radiance,Home,5,PHL
27,Mary Rippe,Mary Rippe,2,2,1,0,Raleigh Radiance,Away,7,ATL
90,Qxhna Titcomb,Qxhna Titcomb,2,0,3,3,Raleigh Radiance,Home,1,CBUS
90,Qxhna Titcomb,Qxhna Titcomb,2,,1,1,Raleigh Radiance,Home,3,ATX
90,Qxhna Titcomb,Qxhna Titcomb,1,1,2,2,Raleigh Radiance,Home,5,PHL
90,Qxhna Titcomb,Qxhna Titcomb,6,3,0,2,Raleigh Radiance,Away,7,ATL
18,Sarah McKee,Sarah McKee,0,0,0,2,Raleigh Radiance,Home,1,CBUS
18,Sarah McKee,Sarah McKee,,,,,Raleigh Radiance,Home,5,PHL
18,Sarah Mckee,Sarah Mckee,0,4,0,1,Raleigh Radiance,Away,7,ATL
18,Sarah Mckee,Sarah Mckee,,1,1,3,Raleigh Radiance,Away,8,NASH
18,Sarah McKee,Sarah McKee,,,,,Raleigh Radiance,Away,10,DC
12,Sarah Russek,Sarah Russek,0,2,0,1,Raleigh Radiance,Home,1,CBUS
12,Sarah Russek,Sarah Russek,,,,1,Raleigh Radiance,Home,3,ATX
12,Sarah Russek,Sarah Russek,,,1,,Raleigh Radiance,Home,5,PHL
12,Sarah Russek,Sarah Russek,,1,1,1,Raleigh Radiance,Away,10,DC
14,Sarah Spall,Sarah Spall,0,1,0,2,Raleigh Radiance,Home,1,CBUS
14,Sarah Spall,Sarah Spall,,,1,,Raleigh Radiance,Home,3,ATX
14,Sarah Spall,Sarah Spall,1,2,,,Raleigh Radiance,Away,8,NASH
14,Sarah Spall,Sarah Spall,,,1,,Raleigh Radiance,Away,10,DC
12,Sarak Russek,Sarak Russek,2,0,0,0,Raleigh Radiance,Away,7,ATL
12,Sarak Russek,Sarak Russek,,,,,Raleigh Radiance,Away,8,NASH
44,Tatum Cubrilovic,Tatum Cubrilovic,,,,,Raleigh Radiance,Home,5,PHL
44,Tatum Cubrilovic,Tatum Cubrilovic,,,,,Raleigh Radiance,Away,8,NASH
21,Theresa Yu,Theresa Yu,1,,1,2,Raleigh Radiance,Home,3,ATX
21,Theresa Yu,Theresa Yu,,,1,,Raleigh Radiance,Home,5,PHL