Created,Point,Possession,Thrower,Receiver,Turnover?,Thrower error?,Receiver error?,Throw to endzone?,Assist?,Secondary assist?,Huck?,Swing?,Dump?,From sideline?,To sideline?,Distance (m),Forward distance (m),Left-to-right distance (m),Start X (0 -> 1 = left sideline -> right sideline),Start Y (0 -> 1 = back of opponent endzone -> back of own endzone),End X (0 -> 1 = left sideline -> right sideline),End Y (0 -> 1 = back of opponent endzone -> back of own endzone)
2024-06-26 20:26:12,2,1,33 Valeria Cardenas,02 Jolene Zheng,0,0,0,0,0,0,0,0,0,1,1,34.263203,34.262897,0.14449409,0.97629625,0.6350461,0.97333336,0.32279313
2024-06-26 20:26:22,2,1,02 Jolene Zheng,33 Valeria Cardenas,0,0,0,0,0,0,0,0,0,1,1,7.3730254,7.3730254,0.0,0.97333336,0.32279313,0.97333336,0.25559947
2024-06-26 20:26:27,2,1,33 Valeria Cardenas,24 Jolie Krebs,1,1,0,1,0,0,0,0,0,1,1,19.771877,19.733692,1.2282332,0.97333336,0.25559947,0.94814813,0.07575756
2024-06-26 20:27:07,2,2,20 Yina Cartagena,66 Janine Hlavaty,0,0,0,0,0,1,0,0,0,1,1,12.868131,12.505234,-3.0344543,0.8622222,0.3201581,0.92444444,0.20619234
2024-06-26 20:27:10,2,2,66 Janine Hlavaty,33 Valeria Cardenas,0,0,0,1,1,0,0,0,0,1,1,15.83296,15.830322,0.2889969,0.92444444,0.20619234,0.9185185,0.061923575
2024-06-26 20:28:39,3,1,33 Valeria Cardenas,08 Manuela Cardenas,0,0,0,0,0,0,0,0,0,1,1,18.367249,18.360285,0.5057442,0.13037041,0.86890644,0.12,0.701581
2024-06-26 20:28:46,3,1,08 Manuela Cardenas,33 Valeria Cardenas,0,0,0,0,0,0,0,0,0,1,1,8.241427,7.951302,2.1674666,0.12,0.701581,0.075555556,0.62911725
2024-06-26 20:28:57,3,1,33 Valeria Cardenas,08 Manuela Cardenas,1,1,0,0,0,0,0,0,0,1,0,39.022476,28.696978,-26.443092,0.075555556,0.62911725,0.61777776,0.36758894
2024-06-26 20:30:02,4,1,20 Yina Cartagena,33 Valeria Cardenas,0,0,0,0,0,0,0,0,0,0,0,8.789253,6.216475,-6.2134056,0.49037033,0.58761525,0.61777776,0.53096175
2024-06-26 20:30:06,4,1,33 Valeria Cardenas,20 Yina Cartagena,0,0,0,0,0,0,0,0,0,0,0,5.838769,5.638195,1.5172272,0.61777776,0.53096175,0.58666664,0.47957838
2024-06-26 20:30:19,4,1,20 Yina Cartagena,24 Jolie Krebs,0,0,0,0,0,0,0,1,0,0,1,17.127932,2.746811,-16.906242,0.58666664,0.47957838,0.93333334,0.45454547
2024-06-26 20:30:20,4,1,24 Jolie Krebs,02 Jolene Zheng,0,0,0,0,0,0,0,0,0,1,1,15.280943,15.25205,0.9392392,0.93333334,0.45454547,0.914074,0.31554675
2024-06-26 20:30:38,4,1,02 Jolene Zheng,00 Genny De Jesus,0,0,0,0,0,0,0,0,1,1,1,14.615674,-14.312347,2.9622002,0.914074,0.31554675,0.85333335,0.44598153
2024-06-26 20:30:47,4,1,00 Genny De Jesus,20 Yina Cartagena,0,0,0,0,0,0,0,0,1,1,0,14.393402,-1.5902637,14.305282,0.85333335,0.44598153,0.56,0.4604743
2024-06-26 20:30:49,4,1,20 Yina Cartagena,66 Janine Hlavaty,0,0,0,0,0,1,0,0,0,0,0,25.710266,16.91459,19.362705,0.56,0.4604743,0.16296291,0.30632412
2024-06-26 20:30:54,4,1,66 Janine Hlavaty,02 Jolene Zheng,0,0,0,1,1,0,0,0,0,0,1,24.576477,24.287622,3.7569408,0.16296291,0.30632412,0.08592591,0.084980235
2024-06-26 20:33:20,5,1,09 Cassandra Brown,08 Manuela Cardenas,0,0,0,0,0,0,0,0,0,0,0,16.72058,8.8910055,14.160783,0.72,0.6363636,0.42962965,0.55533594
2024-06-26 20:33:23,5,1,08 Manuela Cardenas,62 Casey Banta-Ryan,0,0,0,0,0,0,0,0,0,0,1,22.489079,13.300361,18.134472,0.42962965,0.55533594,0.057777777,0.43412384
2024-06-26 20:33:27,5,1,62 Casey Banta-Ryan,19 Eastelle Ding,0,0,0,0,0,0,0,0,0,1,0,16.567526,10.264409,-13.0048,0.057777777,0.43412384,0.32444444,0.34057972
2024-06-26 20:33:34,5,1,19 Eastelle Ding,09 Cassandra Brown,0,0,0,0,0,0,0,0,0,0,0,8.966153,-0.36142343,-8.958865,0.32444444,0.34057972,0.5081482,0.34387353
2024-06-26 20:33:44,5,1,09 Cassandra Brown,08 Manuela Cardenas,0,0,0,0,0,0,0,0,0,0,0,15.473631,8.385013,-13.0048,0.5081482,0.34387353,0.77481484,0.2674572
2024-06-26 20:33:45,5,1,08 Manuela Cardenas,09 Cassandra Brown,0,0,0,0,0,0,0,0,1,0,0,19.784082,-14.384634,13.582792,0.77481484,0.2674572,0.49629632,0.39855075
2024-06-26 20:33:50,5,1,09 Cassandra Brown,08 Manuela Cardenas,0,0,0,0,0,0,0,0,0,0,0,19.919947,12.2883835,-15.678007,0.49629632,0.39855075,0.81777775,0.28656125
2024-06-26 20:34:05,5,1,08 Manuela Cardenas,09 Cassandra Brown,0,0,0,0,0,1,0,0,0,0,0,7.6292486,7.517592,1.3004788,0.81777775,0.28656125,0.7911111,0.21805009
2024-06-26 20:34:08,5,1,09 Cassandra Brown,08 Manuela Cardenas,0,0,0,1,1,0,0,0,0,0,1,15.142992,14.167781,-5.346418,0.7911111,0.21805009,0.90074074,0.088932805
2024-06-26 20:35:07,6,1,20 Yina Cartagena,33 Valeria Cardenas,0,0,0,0,0,0,0,0,0,1,1,15.595497,15.541181,-1.3004817,0.91555554,0.5131752,0.94222224,0.3715415
2024-06-26 20:35:11,6,1,33 Valeria Cardenas,08 Manuela Cardenas,0,0,0,0,0,0,0,0,0,1,1,12.871727,12.866657,0.3612454,0.94222224,0.3715415,0.9348148,0.25428194
2024-06-26 20:35:18,6,1,08 Manuela Cardenas,33 Valeria Cardenas,0,0,0,0,0,0,0,0,1,1,0,9.765895,-5.1322045,8.308621,0.9348148,0.25428194,0.7644445,0.301054
2024-06-26 20:35:20,6,1,33 Valeria Cardenas,08 Manuela Cardenas,0,0,0,0,0,0,0,0,1,0,1,7.698006,-4.9153547,-5.924406,0.7644445,0.301054,0.8859259,0.3458498
2024-06-26 20:35:22,6,1,08 Manuela Cardenas,20 Yina Cartagena,0,0,0,0,0,1,0,1,0,1,0,16.000835,-4.120221,15.46126,0.8859259,0.3458498,0.5688889,0.38339922
2024-06-26 20:35:28,6,1,20 Yina Cartagena,88 Nikki Hair,0,0,0,1,1,0,0,0,0,0,0,39.1958,34.479748,18.640215,0.5688889,0.38339922,0.18666667,0.06916996
2024-06-26 20:37:00,7,1,09 Cassandra Brown,05 Emily Wang,0,0,0,0,0,0,0,0,0,1,1,16.766523,16.697735,-1.5172267,0.01629632,0.657444,0.04740743,0.5052701
2024-06-26 20:37:05,7,1,05 Emily Wang,09 Cassandra Brown,0,0,0,0,0,0,0,0,1,1,0,16.64031,-15.758038,-5.346419,0.04740743,0.5052701,0.15703708,0.6488801
2024-06-26 20:37:42,7,1,09 Cassandra Brown,19 Eastelle Ding,0,0,0,0,0,0,0,0,0,0,0,18.944618,18.793991,-2.3842134,0.15703708,0.6488801,0.20592597,0.47760212
2024-06-26 20:37:49,7,1,19 Eastelle Ding,18 Kylie Sterling,0,0,0,0,0,0,0,0,1,0,0,12.704986,-4.192501,-11.993315,0.20592597,0.47760212,0.45185187,0.51581025
2024-06-26 20:37:53,7,1,18 Kylie Sterling,19 Eastelle Ding,0,0,0,0,0,0,0,0,1,0,1,17.773434,-8.095876,15.822507,0.45185187,0.51581025,0.12740743,0.58959156
2024-06-26 20:37:57,7,1,19 Eastelle Ding,00 Genny De Jesus,1,1,0,0,0,0,0,0,0,1,0,15.107567,4.409358,-14.4497795,0.12740743,0.58959156,0.42370376,0.5494071
2024-06-26 20:39:21,7,2,20 Yina Cartagena,33 Valeria Cardenas,0,0,0,0,0,0,0,0,1,1,0,12.297681,-3.5419378,-11.776571,0.10666667,0.85441375,0.3481482,0.886693
2024-06-26 20:39:30,7,2,33 Valeria Cardenas,31 Eli Presberg,0,0,0,0,0,0,0,0,0,0,0,25.039406,17.782005,-17.628729,0.3481482,0.886693,0.70962965,0.7246377
2024-06-26 20:39:41,7,2,31 Eli Presberg,24 Jolie Krebs,0,0,0,0,0,0,0,0,0,0,1,17.070349,15.107481,-7.9473786,0.70962965,0.7246377,0.8725926,0.5869565
2024-06-26 20:40:09,7,2,24 Jolie Krebs,31 Eli Presberg,0,0,0,0,0,0,0,0,0,1,0,12.668204,10.914969,6.4301515,0.8725926,0.5869565,0.7407408,0.48748353
2024-06-26 20:40:11,7,2,31 Eli Presberg,20 Yina Cartagena,0,0,0,0,0,0,0,0,0,0,0,12.173503,10.336697,6.4301543,0.7407408,0.48748353,0.60888886,0.39328063
2024-06-26 20:40:21,7,2,20 Yina Cartagena,66 Janine Hlavaty,0,0,0,0,0,0,0,0,0,0,0,10.989658,7.951302,7.5861316,0.60888886,0.39328063,0.45333335,0.32081687
2024-06-26 20:40:23,7,2,66 Janine Hlavaty,20 Yina Cartagena,0,0,0,0,0,1,0,0,0,0,0,12.668057,4.4816446,-11.84882,0.45333335,0.32081687,0.69629633,0.27997366
2024-06-26 20:40:24,7,2,20 Yina Cartagena,31 Eli Presberg,0,0,0,1,1,0,0,0,0,0,0,18.135403,16.336315,7.87513,0.69629633,0.27997366,0.53481483,0.13109356
2024-06-26 20:41:36,8,1,33 Valeria Cardenas,08 Manuela Cardenas,0,0,0,0,0,1,0,1,0,1,0,22.57187,-5.2044916,-21.963665,0.060740694,0.3181818,0.51111114,0.36561266
2024-06-26 20:41:42,8,1,08 Manuela Cardenas,00 Genny De Jesus,0,0,0,1,1,0,0,0,0,0,1,35.37514,30.793236,-17.411982,0.51111114,0.36561266,0.86814815,0.084980235
2024-06-26 20:43:10,10,1,33 Valeria Cardenas,20 Yina Cartagena,0,0,0,0,0,0,0,0,1,1,0,13.881233,-8.6741495,10.837333,0.98074067,0.5408432,0.75851846,0.61989456
2024-06-26 20:43:14,10,1,20 Yina Cartagena,31 Eli Presberg,0,0,0,0,0,0,0,0,0,0,1,20.439959,18.577135,-8.5253725,0.75851846,0.61989456,0.93333334,0.45059288
2024-06-26 20:43:17,10,1,31 Eli Presberg,33 Valeria Cardenas,0,0,0,0,0,0,0,0,0,1,0,14.449779,0.0,14.449779,0.93333334,0.45059288,0.63703704,0.45059288
2024-06-26 20:43:19,10,1,33 Valeria Cardenas,20 Yina Cartagena,0,0,0,0,0,0,0,0,1,0,0,12.422395,-6.0719085,10.837335,0.63703704,0.45059288,0.4148148,0.5059289
2024-06-26 20:43:40,10,1,20 Yina Cartagena,33 Valeria Cardenas,0,0,0,0,0,0,0,0,1,0,0,7.269939,-6.9393153,2.1674666,0.4148148,0.5059289,0.37037036,0.56916994
2024-06-26 20:43:43,10,1,33 Valeria Cardenas,31 Eli Presberg,0,0,0,0,0,0,0,0,0,0,0,17.621996,14.81834,-9.536853,0.37037036,0.56916994,0.5659259,0.4341238
2024-06-26 20:43:52,10,1,31 Eli Presberg,20 Yina Cartagena,0,0,0,0,0,0,0,0,1,0,0,11.061182,-8.312732,-7.297139,0.5659259,0.4341238,0.71555555,0.50988144
2024-06-26 20:44:00,10,1,20 Yina Cartagena,02 Jolene Zheng,0,0,0,0,0,0,0,0,0,0,0,26.129232,12.57752,22.902899,0.71555555,0.50988144,0.2459259,0.3952569
2024-06-26 20:44:03,10,1,02 Jolene Zheng,66 Janine Hlavaty,0,0,0,0,0,1,0,0,0,0,1,17.046904,15.758038,6.5024,0.2459259,0.3952569,0.11259257,0.2516469
2024-06-26 20:45:04,10,1,66 Janine Hlavaty,24 Jolie Krebs,0,0,0,1,1,0,0,0,0,1,1,19.099674,19.083132,-0.79473895,0.11259257,0.2516469,0.12888889,0.07773385
2024-06-26 20:45:56,11,1,33 Valeria Cardenas,20 Yina Cartagena,0,0,0,0,0,0,0,0,0,0,0,14.206297,10.119836,9.970346,0.5422222,0.7509881,0.33777776,0.65876156
2024-06-26 20:45:57,11,1,20 Yina Cartagena,33 Valeria Cardenas,0,0,0,0,0,0,0,0,0,0,0,12.119274,8.240442,-8.886614,0.33777776,0.65876156,0.52,0.58366275
2024-06-26 20:45:58,11,1,33 Valeria Cardenas,24 Jolie Krebs,0,0,0,0,0,0,0,0,0,0,0,10.2596,0.072289914,-10.259345,0.52,0.58366275,0.7303704,0.58300394
2024-06-26 20:46:01,11,1,24 Jolie Krebs,33 Valeria Cardenas,0,0,0,0,0,0,0,0,0,0,0,10.646837,7.951302,7.080391,0.7303704,0.58300394,0.5851852,0.5105402
2024-06-26 20:46:07,11,1,33 Valeria Cardenas,20 Yina Cartagena,0,0,0,0,0,0,0,0,1,0,0,12.173498,-10.336693,-6.4301515,0.5851852,0.5105402,0.7170371,0.60474306
2024-06-26 20:46:13,11,1,20 Yina Cartagena,31 Eli Presberg,0,0,0,0,0,0,0,0,0,0,0,12.285117,12.21609,1.3004788,0.7170371,0.60474306,0.69037044,0.4934124
2024-06-26 20:46:22,11,1,31 Eli Presberg,33 Valeria Cardenas,0,0,0,0,0,0,0,0,0,0,0,7.487608,7.445312,-0.79473346,0.69037044,0.4934124,0.70666665,0.42555997
2024-06-26 20:46:31,11,1,33 Valeria Cardenas,66 Janine Hlavaty,0,0,0,0,0,0,0,0,0,0,0,26.463797,22.625076,13.727287,0.70666665,0.42555997,0.4251852,0.2193676
2024-06-26 20:46:37,11,1,66 Janine Hlavaty,00 Genny De Jesus,0,0,0,0,0,0,0,0,1,0,0,9.40615,-4.4093614,-8.308621,0.4251852,0.2193676,0.59555554,0.25955206
2024-06-26 20:46:43,11,1,00 Genny De Jesus,20 Yina Cartagena,0,0,0,0,0,0,0,0,1,0,0,11.285973,-9.324713,6.3579016,0.59555554,0.25955206,0.4651852,0.3445323
2024-06-26 20:47:20,11,1,20 Yina Cartagena,33 Valeria Cardenas,0,0,0,0,0,1,0,0,0,0,0,16.50945,11.926958,11.415325,0.4651852,0.3445323,0.23111111,0.23583664
2024-06-26 20:47:23,11,1,33 Valeria Cardenas,24 Jolie Krebs,0,0,0,1,1,0,0,0,0,0,1,13.317314,11.926955,5.924408,0.23111111,0.23583664,0.10962965,0.127141
2024-06-26 20:49:03,12,1,31 Eli Presberg,00 Genny De Jesus,0,0,0,0,0,0,0,0,1,0,0,9.898435,-9.830703,-1.1559818,0.52148145,0.37417653,0.54518515,0.4637681
2024-06-26 20:49:07,12,1,00 Genny De Jesus,31 Eli Presberg,0,0,0,0,0,0,0,0,1,0,0,13.441679,-9.324709,9.68135,0.54518515,0.4637681,0.34666666,0.5487483
2024-06-26 20:49:13,12,1,31 Eli Presberg,08 Manuela Cardenas,1,1,0,0,0,0,0,0,0,0,0,18.661417,14.818337,-11.343074,0.34666666,0.5487483,0.5792592,0.41370222
2024-06-26 20:49:50,12,2,31 Eli Presberg,21 Montana Roberts,1,1,1,0,0,0,0,0,0,1,0,26.194777,23.781626,-10.98183,0.08888889,0.6007905,0.31407404,0.38405797
2024-06-26 20:52:14,12,3,08 Manuela Cardenas,20 Yina Cartagena,0,0,0,0,0,0,0,0,0,1,0,6.9777513,3.6865144,5.924409,0.91555554,0.49209487,0.79407406,0.45849803
2024-06-26 20:52:18,12,3,20 Yina Cartagena,08 Manuela Cardenas,0,0,0,0,0,0,0,0,0,0,0,8.104041,3.0359542,7.5138845,0.79407406,0.45849803,0.64,0.43083003
2024-06-26 20:52:21,12,3,08 Manuela Cardenas,33 Valeria Cardenas,0,0,0,0,0,0,0,0,0,0,0,8.346752,2.9636674,7.8028803,0.64,0.43083003,0.48,0.4038208
2024-06-26 20:52:25,12,3,33 Valeria Cardenas,08 Manuela Cardenas,0,0,0,0,0,0,0,0,0,0,0,6.345222,0.86741686,6.2856526,0.48,0.4038208,0.3511111,0.39591566
2024-06-26 20:52:29,12,3,08 Manuela Cardenas,33 Valeria Cardenas,0,0,0,0,0,0,0,0,0,0,0,6.286821,5.9996214,1.8784726,0.3511111,0.39591566,0.31259257,0.34123844
2024-06-26 20:52:37,12,3,33 Valeria Cardenas,62 Casey Banta-Ryan,0,0,0,0,0,0,0,1,0,0,0,17.837933,1.5179738,-17.773228,0.31259257,0.34123844,0.677037,0.32740447
2024-06-26 20:52:42,12,3,62 Casey Banta-Ryan,20 Yina Cartagena,0,0,0,0,0,0,0,0,0,0,0,7.9558043,1.8793973,7.7306333,0.677037,0.32740447,0.51851845,0.3102767
2024-06-26 20:52:51,12,3,20 Yina Cartagena,33 Valeria Cardenas,1,1,0,1,0,0,0,0,0,0,0,23.071478,18.649424,13.5827875,0.51851845,0.3102767,0.24,0.1403162
2024-06-26 20:54:08,13,1,33 Valeria Cardenas,20 Yina Cartagena,0,0,0,0,0,0,0,1,0,0,0,16.064203,4.8430715,15.316765,0.72,0.70882744,0.40592596,0.6646904
2024-06-26 20:54:11,13,1,20 Yina Cartagena,02 Jolene Zheng,0,0,0,0,0,0,0,0,0,0,1,19.160234,10.481266,16.039253,0.40592596,0.6646904,0.07703708,0.56916994
2024-06-26 20:54:15,13,1,02 Jolene Zheng,24 Jolie Krebs,1,1,0,0,0,0,0,0,0,1,0,14.753204,12.288374,-8.164123,0.07703708,0.56916994,0.24444444,0.45718053
2024-06-26 20:55:05,13,2,33 Valeria Cardenas,20 Yina Cartagena,0,0,0,0,0,0,0,0,0,1,1,22.204931,22.11908,1.9507201,0.093333334,0.8517786,0.053333335,0.6501976
2024-06-26 20:55:11,13,2,20 Yina Cartagena,66 Janine Hlavaty,0,0,0,0,0,0,0,0,0,1,1,22.913229,22.841927,1.8062212,0.053333335,0.6501976,0.01629632,0.442029
2024-06-26 20:55:16,13,2,66 Janine Hlavaty,00 Genny De Jesus,1,0,1,0,0,0,0,0,1,1,1,10.119024,-8.963289,-4.696179,0.01629632,0.442029,0.11259264,0.52371544
2024-06-26 20:55:43,13,3,20 Yina Cartagena,33 Valeria Cardenas,0,0,0,0,0,0,0,0,0,1,1,17.564207,17.203732,3.5401947,0.12,0.85704875,0.04740743,0.7002635
2024-06-26 20:55:44,13,3,33 Valeria Cardenas,20 Yina Cartagena,0,0,0,0,0,0,0,0,1,1,0,6.5537653,-1.5902604,-6.3579016,0.04740743,0.7002635,0.17777778,0.71475625
2024-06-26 20:55:57,13,3,20 Yina Cartagena,02 Jolene Zheng,0,0,0,0,0,0,0,0,0,0,1,15.9588585,13.44493,8.597616,0.17777778,0.71475625,0.0014815266,0.5922266
2024-06-26 20:56:02,13,3,02 Jolene Zheng,20 Yina Cartagena,0,0,0,0,0,0,0,0,1,1,0,9.938887,-6.505615,-7.5138826,0.0014815266,0.5922266,0.15555556,0.6515152
2024-06-26 20:56:08,13,3,20 Yina Cartagena,33 Valeria Cardenas,0,0,0,0,0,0,0,0,0,0,0,24.568125,8.8910055,-22.902899,0.15555556,0.6515152,0.6251852,0.5704875
2024-06-26 20:56:11,13,3,33 Valeria Cardenas,24 Jolie Krebs,1,1,0,0,0,0,0,0,0,0,0,24.878115,20.095116,14.666525,0.6251852,0.5704875,0.32444444,0.38735178
2024-06-26 20:58:49,14,1,33 Valeria Cardenas,20 Yina Cartagena,0,0,0,0,0,1,0,0,0,0,1,14.52194,14.456914,-1.3727273,0.8459259,0.39459813,0.87407404,0.26284584
2024-06-26 20:58:54,14,1,20 Yina Cartagena,24 Jolie Krebs,0,0,0,1,1,0,0,0,0,1,1,20.633512,20.601105,-1.1559848,0.87407404,0.26284584,0.8977778,0.07509881
2024-06-26 21:01:12,15,1,09 Cassandra Brown,05 Emily Wang,0,0,0,0,0,0,0,0,0,0,0,13.977832,10.481266,-9.247857,0.5555556,0.62450594,0.7451852,0.5289855
2024-06-26 21:01:20,15,1,05 Emily Wang,19 Eastelle Ding,0,0,0,0,0,0,0,0,0,0,1,17.212685,16.264029,-5.635415,0.7451852,0.5289855,0.8607408,0.3807642
2024-06-26 21:01:25,15,1,19 Eastelle Ding,08 Manuela Cardenas,0,0,0,0,0,0,0,0,1,1,0,12.925143,-12.866653,1.2282332,0.8607408,0.3807642,0.83555555,0.49802372
2024-06-26 21:01:28,15,1,08 Manuela Cardenas,09 Cassandra Brown,0,0,0,0,0,0,0,0,0,0,1,13.987544,13.950924,-1.0114849,0.83555555,0.49802372,0.8562963,0.37088275
2024-06-26 21:01:35,15,1,09 Cassandra Brown,08 Manuela Cardenas,0,0,0,0,0,0,0,0,0,1,1,10.973932,10.481263,-3.2512,0.8562963,0.37088275,0.92296296,0.27536234
2024-06-26 21:01:41,15,1,08 Manuela Cardenas,09 Cassandra Brown,0,0,0,0,0,0,0,0,1,1,0,15.78422,-9.252422,12.788052,0.92296296,0.27536234,0.6607408,0.35968378
2024-06-26 21:01:52,15,1,09 Cassandra Brown,20 Yina Cartagena,0,0,0,0,0,0,0,0,1,0,0,8.796845,-2.1685374,8.52537,0.6607408,0.35968378,0.48592597,0.37944663
2024-06-26 21:02:56,15,1,20 Yina Cartagena,08 Manuela Cardenas,0,0,0,0,0,0,0,0,0,0,1,26.746267,15.468898,21.819166,0.48592597,0.37944663,0.03851854,0.23847169
2024-06-26 21:03:26,15,1,08 Manuela Cardenas,33 Valeria Cardenas,0,0,0,0,0,1,0,0,1,1,0,10.27772,-4.7707815,-9.10336,0.03851854,0.23847169,0.2251852,0.28194994
2024-06-26 21:03:36,15,1,33 Valeria Cardenas,20 Yina Cartagena,0,0,0,1,1,0,0,0,0,0,0,22.696516,15.613469,-16.472748,0.2251852,0.28194994,0.562963,0.13965745
2024-06-26 21:05:58,16,1,08 Manuela Cardenas,09 Cassandra Brown,0,0,0,0,0,0,0,0,0,1,1,14.16218,14.095494,-1.3727303,0.88740736,0.6515151,0.91555554,0.5230566
2024-06-26 21:06:03,16,1,09 Cassandra Brown,05 Emily Wang,0,0,0,0,0,0,0,0,1,1,0,14.353683,-6.794755,12.643558,0.91555554,0.5230566,0.65629625,0.58498025
2024-06-26 21:06:23,16,1,05 Emily Wang,09 Cassandra Brown,0,0,0,0,0,0,0,0,1,0,1,12.633911,-7.3730288,-10.259345,0.65629625,0.58498025,0.8666667,0.65217394
2024-06-26 21:07:07,16,1,09 Cassandra Brown,24 Jolie Krebs,0,0,0,0,0,1,0,0,0,1,1,20.337141,20.311972,-1.0114819,0.8666667,0.65217394,0.88740736,0.4670619
2024-06-26 21:07:13,16,1,24 Jolie Krebs,08 Manuela Cardenas,0,0,0,1,1,0,1,0,0,1,0,43.540108,41.99734,11.487573,0.88740736,0.4670619,0.65185183,0.084321454
2024-06-26 21:11:09,17,1,09 Cassandra Brown,08 Manuela Cardenas,0,0,0,0,0,0,0,0,1,0,1,11.572572,-10.408981,-5.057421,0.77037036,0.17984189,0.87407404,0.27470356
2024-06-26 21:11:15,17,1,08 Manuela Cardenas,19 Eastelle Ding,0,0,0,0,0,0,0,0,1,1,1,8.856886,-7.951302,-3.9014394,0.87407404,0.27470356,0.954074,0.3471673
2024-06-26 21:11:17,17,1,19 Eastelle Ding,08 Manuela Cardenas,0,0,0,0,0,0,0,0,0,1,1,10.634671,10.625833,0.4334939,0.954074,0.3471673,0.9451851,0.25032938
2024-06-26 21:11:21,17,1,08 Manuela Cardenas,09 Cassandra Brown,0,0,0,0,0,0,0,1,0,1,0,14.929785,-1.8793973,14.811021,0.9451851,0.25032938,0.64148146,0.26745716
2024-06-26 21:11:29,17,1,09 Cassandra Brown,11 Emma Berrigan,1,1,0,1,0,0,0,0,0,0,1,19.911879,16.264029,-11.487573,0.64148146,0.26745716,0.877037,0.11923583
2024-06-26 21:13:11,17,2,08 Manuela Cardenas,62 Casey Banta-Ryan,0,0,0,0,0,0,1,0,0,0,1,47.924755,44.81644,-16.978487,0.5466667,0.8623188,0.8948148,0.4538867
2024-06-26 21:13:15,17,2,62 Casey Banta-Ryan,19 Eastelle Ding,0,0,0,0,0,0,0,0,0,1,1,14.767458,14.7460575,-0.7947393,0.8948148,0.4538867,0.9111111,0.3194993
2024-06-26 21:13:20,17,2,19 Eastelle Ding,62 Casey Banta-Ryan,1,1,0,0,0,0,0,0,0,1,1,8.6634,8.457295,-1.8784697,0.9111111,0.3194993,0.9496296,0.24242422
2024-06-26 21:14:07,17,3,08 Manuela Cardenas,09 Cassandra Brown,0,0,0,0,0,0,0,0,0,0,0,22.886133,22.046797,-6.141157,0.71259254,0.701581,0.8385185,0.50065875
2024-06-26 21:14:16,17,3,09 Cassandra Brown,62 Casey Banta-Ryan,0,0,0,0,0,0,0,0,0,0,1,17.786816,16.986876,-5.2741694,0.8385185,0.50065875,0.94666666,0.3458498
2024-06-26 21:14:19,17,3,62 Casey Banta-Ryan,44 Kayla Seeger,0,0,0,0,0,1,0,0,0,1,1,11.093473,11.059543,0.8669849,0.94666666,0.3458498,0.9288889,0.24505928
2024-06-26 21:14:24,17,3,44 Kayla Seeger,19 Eastelle Ding,0,0,0,1,1,0,0,0,0,1,1,16.435461,16.408602,-0.9392334,0.9288889,0.24505928,0.94814813,0.095520414
2024-06-26 21:16:43,18,1,20 Yina Cartagena,24 Jolie Krebs,0,0,0,0,0,0,0,0,0,0,0,16.704506,13.011227,-10.476092,0.4977778,0.40382084,0.71259266,0.28524375
2024-06-26 21:16:50,18,1,24 Jolie Krebs,33 Valeria Cardenas,0,0,0,0,0,0,0,0,0,0,1,7.91985,4.1925063,-6.7191453,0.71259266,0.28524375,0.8503704,0.24703558
2024-06-26 21:16:57,18,1,33 Valeria Cardenas,24 Jolie Krebs,0,0,0,0,0,0,0,0,0,1,0,12.918881,1.228837,12.860306,0.8503704,0.24703558,0.58666664,0.23583664
2024-06-26 21:17:03,18,1,24 Jolie Krebs,33 Valeria Cardenas,1,1,0,1,0,0,0,0,0,0,0,14.626223,13.372648,-5.924412,0.58666664,0.23583664,0.7081482,0.11396576
2024-06-26 21:17:41,18,2,33 Valeria Cardenas,20 Yina Cartagena,0,0,0,0,0,0,0,1,0,1,0,20.008442,7.0838885,18.712463,0.91703707,0.6067194,0.53333336,0.54216075
2024-06-26 21:17:44,18,2,20 Yina Cartagena,24 Jolie Krebs,0,0,0,0,0,0,0,1,0,0,0,16.462967,2.6022408,16.256002,0.53333336,0.54216075,0.2,0.5184454
2024-06-26 21:17:47,18,2,24 Jolie Krebs,66 Janine Hlavaty,0,0,0,0,0,0,0,0,0,0,1,15.680081,13.878644,7.2971363,0.2,0.5184454,0.050370414,0.39196312
2024-06-26 21:17:52,18,2,66 Janine Hlavaty,24 Jolie Krebs,0,0,0,0,0,0,0,0,1,1,1,10.4181795,-10.336693,-1.3004801,0.050370414,0.39196312,0.07703708,0.486166
2024-06-26 21:17:56,18,2,24 Jolie Krebs,88 Nikki Hair,0,0,0,0,0,0,0,0,0,1,1,21.916924,21.829939,1.9507201,0.07703708,0.486166,0.037037082,0.28722006
2024-06-26 21:17:59,18,2,88 Nikki Hair,20 Yina Cartagena,0,0,0,0,0,0,0,0,0,1,0,13.731981,4.409363,-13.004801,0.037037082,0.28722006,0.30370376,0.24703558
2024-06-26 21:18:03,18,2,20 Yina Cartagena,33 Valeria Cardenas,1,1,0,1,0,0,0,0,0,0,0,19.561024,15.396618,-12.065562,0.30370376,0.24703558,0.5511111,0.10671937
2024-06-26 21:18:25,18,3,20 Yina Cartagena,33 Valeria Cardenas,1,1,0,1,0,0,0,1,0,0,0,16.42151,6.93932,-14.883274,0.49629632,0.2042161,0.80148154,0.14097498
2024-06-26 21:20:16,18,4,09 Cassandra Brown,08 Manuela Cardenas,0,0,0,0,0,0,0,0,0,0,1,18.85756,17.854296,6.068907,0.1792593,0.85573125,0.05481486,0.6930171
2024-06-26 21:20:22,18,4,08 Manuela Cardenas,88 Nikki Hair,1,1,0,0,0,0,0,0,0,1,0,38.03217,15.613471,-34.679466,0.05481486,0.6930171,0.76592594,0.5507246
2024-06-26 21:22:33,19,1,33 Valeria Cardenas,20 Yina Cartagena,0,0,0,0,0,0,0,1,0,0,0,14.743204,0.36142343,14.738773,0.7748148,0.3682477,0.47259256,0.36495388
2024-06-26 21:22:40,19,1,20 Yina Cartagena,02 Jolene Zheng,0,0,0,0,0,0,0,1,0,0,0,15.153973,1.9516839,15.027768,0.47259256,0.36495388,0.16444445,0.3471673
2024-06-26 21:22:50,19,1,02 Jolene Zheng,24 Jolie Krebs,0,0,0,0,0,1,0,0,0,0,0,10.9204,10.842688,-1.3004802,0.16444445,0.3471673,0.19111112,0.24835308
2024-06-26 21:23:06,19,1,24 Jolie Krebs,33 Valeria Cardenas,0,0,0,1,1,0,0,0,0,0,0,10.4181795,10.336693,-1.3004795,0.19111112,0.24835308,0.21777777,0.1541502
2024-06-26 21:24:30,20,1,09 Cassandra Brown,05 Emily Wang,0,0,0,0,0,0,0,0,0,0,0,14.418682,13.011227,-6.2134027,0.70370376,0.4367589,0.83111113,0.3181818
2024-06-26 21:24:33,20,1,05 Emily Wang,65 Anna Lieberman,0,0,0,0,0,0,0,0,0,0,0,7.257643,7.2284555,0.6502423,0.83111113,0.3181818,0.81777775,0.2523057
2024-06-26 21:24:36,20,1,65 Anna Lieberman,05 Emily Wang,0,0,0,0,0,0,0,0,1,0,0,19.081533,-10.336697,16.039253,0.81777775,0.2523057,0.4888889,0.3465086
2024-06-26 21:24:39,20,1,05 Emily Wang,33 Valeria Cardenas,0,0,0,0,0,0,0,0,1,0,0,10.018539,-9.902987,1.5172272,0.4888889,0.3465086,0.45777777,0.4367589
2024-06-26 21:24:46,20,1,33 Valeria Cardenas,09 Cassandra Brown,0,0,0,0,0,1,0,0,0,0,1,19.879189,9.975273,17.195234,0.45777777,0.4367589,0.10518521,0.3458498
2024-06-26 21:24:47,20,1,09 Cassandra Brown,08 Manuela Cardenas,0,0,0,1,1,0,0,0,0,1,1,22.758036,22.625074,2.4564614,0.10518521,0.3458498,0.05481486,0.13965745
2024-06-26 21:26:44,21,1,33 Valeria Cardenas,05 Emily Wang,0,0,0,0,0,0,0,0,0,0,1,18.068909,17.998861,1.5894779,0.16,0.83069825,0.12740736,0.6666666
2024-06-26 21:26:49,21,1,05 Emily Wang,97 Hannah Glick,1,1,0,0,0,0,0,0,0,1,1,19.302147,19.299982,-0.28899837,0.12740736,0.6666666,0.13333334,0.4907773
2024-06-26 21:27:14,21,2,33 Valeria Cardenas,08 Manuela Cardenas,0,0,0,0,0,0,0,0,0,0,0,17.038334,14.167784,-9.464605,0.5614815,0.8339921,0.75555557,0.7048748
2024-06-26 21:27:19,21,2,08 Manuela Cardenas,65 Anna Lieberman,0,0,0,0,0,0,0,0,0,0,0,12.2348795,9.541563,7.6583843,0.75555557,0.7048748,0.5985185,0.6179183
2024-06-26 21:27:22,21,2,65 Anna Lieberman,08 Manuela Cardenas,0,0,0,0,0,0,0,0,1,0,0,10.578252,-10.55355,-0.7224908,0.5985185,0.6179183,0.61333334,0.7140975
2024-06-26 21:27:27,21,2,08 Manuela Cardenas,33 Valeria Cardenas,0,0,0,0,0,0,0,0,0,0,0,5.9312963,5.927335,0.2167484,0.61333334,0.7140975,0.60888886,0.66007906
2024-06-26 21:27:37,21,2,33 Valeria Cardenas,08 Manuela Cardenas,1,1,0,0,0,0,0,0,1,0,0,15.451004,-5.2767715,14.522025,0.60888886,0.66007906,0.31111112,0.7081686
2024-06-26 21:29:23,21,3,33 Valeria Cardenas,08 Manuela Cardenas,0,0,0,0,0,0,0,0,0,0,0,12.626664,8.6741495,9.175608,0.50370365,0.84189725,0.31555554,0.7628459
2024-06-26 21:29:26,21,3,08 Manuela Cardenas,33 Valeria Cardenas,0,0,0,0,0,0,0,0,1,0,0,11.905127,-1.1565471,-11.848816,0.31555554,0.7628459,0.55851847,0.773386
2024-06-26 21:29:32,21,3,33 Valeria Cardenas,09 Cassandra Brown,1,1,0,0,0,0,1,0,0,0,1,41.316036,38.166256,-15.822509,0.55851847,0.773386,0.88296294,0.42555994
2024-06-26 21:30:45,22,1,31 Eli Presberg,24 Jolie Krebs,0,0,0,0,0,1,0,0,0,1,1,7.3105373,7.083892,-1.8062212,0.8933333,0.47496706,0.93037033,0.4104084
2024-06-26 21:30:47,22,1,24 Jolie Krebs,66 Janine Hlavaty,0,0,0,1,1,0,0,0,0,1,0,38.373493,35.6363,14.233033,0.93037033,0.4104084,0.63851845,0.085638985
2024-06-26 21:31:53,23,1,09 Cassandra Brown,62 Casey Banta-Ryan,0,0,0,0,0,0,0,0,0,0,0,13.16972,11.493246,-6.4301486,0.48592597,0.55401844,0.61777776,0.44927537
2024-06-26 21:32:00,23,1,62 Casey Banta-Ryan,44 Kayla Seeger,0,0,0,0,0,0,0,0,0,0,0,13.253541,11.78239,-6.0689087,0.61777776,0.44927537,0.74222225,0.34189722
2024-06-26 21:33:19,23,1,44 Kayla Seeger,19 Eastelle Ding,1,1,0,0,0,0,0,0,0,0,0,11.081586,10.698116,-2.8899574,0.74222225,0.34189722,0.80148154,0.24440053
2024-06-26 21:33:51,23,2,09 Cassandra Brown,08 Manuela Cardenas,0,0,0,0,0,0,0,0,1,1,1,9.541563,-9.541563,0.0,0.08888889,0.41963112,0.08888889,0.5065876
2024-06-26 21:33:53,23,2,08 Manuela Cardenas,09 Cassandra Brown,0,0,0,0,0,0,0,0,0,1,0,12.043722,4.047938,-11.343079,0.08888889,0.5065876,0.32148153,0.46969697
2024-06-26 21:33:57,23,2,09 Cassandra Brown,44 Kayla Seeger,0,0,0,0,0,0,0,0,0,0,0,21.42415,11.85467,-17.845476,0.32148153,0.46969697,0.68740743,0.3616601
2024-06-26 21:34:02,23,2,44 Kayla Seeger,62 Casey Banta-Ryan,0,0,0,0,0,0,0,0,1,0,0,16.445314,-8.601866,14.016286,0.68740743,0.3616601,0.4,0.44005272
2024-06-26 21:34:05,23,2,62 Casey Banta-Ryan,09 Cassandra Brown,0,0,0,0,0,1,0,0,0,0,0,11.79431,6.939322,-9.536853,0.4,0.44005272,0.59555554,0.3768116
2024-06-26 21:34:12,23,2,09 Cassandra Brown,08 Manuela Cardenas,0,0,0,1,1,0,0,0,0,0,1,38.28441,27.684994,26.443092,0.59555554,0.3768116,0.053333335,0.12450593
2024-06-26 21:36:23,25,1,33 Valeria Cardenas,31 Eli Presberg,0,0,0,0,0,0,0,1,0,1,0,21.956919,-5.2767715,21.313421,0.92296296,0.61594206,0.48592597,0.6640316
2024-06-26 21:36:28,25,1,31 Eli Presberg,20 Yina Cartagena,0,0,0,0,0,0,0,1,0,0,1,18.215092,5.349055,17.411983,0.48592597,0.6640316,0.12888889,0.6152833
2024-06-26 21:36:31,25,1,20 Yina Cartagena,24 Jolie Krebs,0,0,0,0,0,0,0,0,0,1,1,10.426824,8.818723,5.5631623,0.12888889,0.6152833,0.01481486,0.5349144
2024-06-26 21:36:40,25,1,24 Jolie Krebs,20 Yina Cartagena,0,0,0,0,0,0,0,0,1,1,0,9.047884,-4.0479345,-8.091875,0.01481486,0.5349144,0.18074076,0.571805
2024-06-26 21:36:42,25,1,20 Yina Cartagena,31 Eli Presberg,0,0,0,0,0,0,0,0,1,0,0,14.843796,-3.3973775,-14.449779,0.18074076,0.571805,0.47703707,0.6027668
2024-06-26 21:36:47,25,1,31 Eli Presberg,33 Valeria Cardenas,0,0,0,0,0,0,0,0,0,0,0,7.8862715,5.927335,-5.201921,0.47703707,0.6027668,0.58370376,0.5487484
2024-06-26 21:36:49,25,1,33 Valeria Cardenas,20 Yina Cartagena,0,0,0,0,0,0,0,0,1,0,0,14.193167,-7.589879,11.9933195,0.58370376,0.5487484,0.33777776,0.6179183
2024-06-26 21:36:54,25,1,20 Yina Cartagena,33 Valeria Cardenas,0,0,0,0,0,0,0,0,0,0,0,9.533896,4.120218,8.597615,0.33777776,0.6179183,0.16148153,0.58036894
2024-06-26 21:37:02,25,1,33 Valeria Cardenas,24 Jolie Krebs,0,0,0,0,0,0,0,0,0,0,1,9.077554,6.939322,5.8521605,0.16148153,0.58036894,0.04148153,0.5171278
2024-06-26 21:37:04,25,1,24 Jolie Krebs,33 Valeria Cardenas,0,0,0,0,0,0,0,0,0,1,1,7.602251,7.589882,0.43349335,0.04148153,0.5171278,0.03259264,0.44795784
2024-06-26 21:37:09,25,1,33 Valeria Cardenas,24 Jolie Krebs,0,0,0,0,0,0,0,0,1,1,1,9.400394,-9.180142,-2.0229678,0.03259264,0.44795784,0.0740741,0.53162056
2024-06-26 21:37:12,25,1,24 Jolie Krebs,20 Yina Cartagena,0,0,0,0,0,0,0,1,0,1,0,15.018451,-1.3734103,-14.955521,0.0740741,0.53162056,0.38074076,0.54413706
2024-06-26 21:37:16,25,1,20 Yina Cartagena,24 Jolie Krebs,0,0,0,0,0,0,0,0,0,0,0,12.932756,0.072289914,-12.932554,0.38074076,0.54413706,0.645926,0.54347825
2024-06-26 21:37:18,25,1,24 Jolie Krebs,20 Yina Cartagena,0,0,0,0,0,0,0,0,1,0,0,12.585022,-3.3250942,12.1378145,0.645926,0.54347825,0.3970371,0.5737813
2024-06-26 21:37:20,25,1,20 Yina Cartagena,33 Valeria Cardenas,0,0,0,0,0,0,0,0,0,0,1,12.138029,0.072289914,12.137814,0.3970371,0.5737813,0.1481482,0.5731225
2024-06-26 21:37:23,25,1,33 Valeria Cardenas,20 Yina Cartagena,0,0,0,0,0,0,0,0,0,1,0,14.555718,4.409358,-13.871787,0.1481482,0.5731225,0.43259263,0.53293806
2024-06-26 21:37:24,25,1,20 Yina Cartagena,33 Valeria Cardenas,0,0,0,0,0,0,0,0,0,0,0,8.256648,0.57827353,-8.236373,0.43259263,0.53293806,0.6014815,0.527668
2024-06-26 21:37:27,25,1,33 Valeria Cardenas,24 Jolie Krebs,0,0,0,0,0,0,0,0,0,0,0,9.036754,7.8067355,-4.5516815,0.6014815,0.527668,0.69481486,0.45652175
2024-06-26 21:37:29,25,1,24 Jolie Krebs,33 Valeria Cardenas,0,0,0,0,0,1,0,0,0,0,0,7.7653184,6.071905,-4.840676,0.69481486,0.45652175,0.7940741,0.40118578
2024-06-26 21:37:35,25,1,33 Valeria Cardenas,66 Janine Hlavaty,0,0,0,1,1,0,0,0,0,0,1,30.378983,29.781248,-5.9966574,0.7940741,0.40118578,0.91703707,0.12977603
2024-06-26 21:38:40,26,1,09 Cassandra Brown,88 Nikki Hair,0,0,0,1,1,0,0,0,0,1,0,36.694115,32.02207,17.917725,0.85481477,0.35573122,0.48740736,0.06389986
2024-06-26 21:39:39,27,1,09 Cassandra Brown,18 Kylie Sterling,0,0,0,0,0,0,0,0,0,0,0,12.166869,11.782393,3.0344543,0.362963,0.7971015,0.30074075,0.6897233
2024-06-26 21:40:01,27,1,18 Kylie Sterling,09 Cassandra Brown,1,1,0,0,0,0,0,0,0,0,0,23.649193,15.179764,-18.134474,0.30074075,0.6897233,0.67259264,0.5513834
2024-06-26 21:40:34,27,2,09 Cassandra Brown,08 Manuela Cardenas,0,0,0,0,0,0,0,0,0,0,0,19.658825,9.396996,17.26748,0.50666666,0.6469038,0.15259264,0.5612648
2024-06-26 21:40:40,27,2,08 Manuela Cardenas,26 Mariabelen Restrepo,1,1,0,1,0,0,1,0,0,0,1,47.227135,47.129547,3.0344536,0.15259264,0.5612648,0.09037042,0.13175231
2024-06-26 21:43:09,27,3,08 Manuela Cardenas,33 Valeria Cardenas,0,0,0,0,0,0,0,0,0,0,0,12.594695,7.8790255,-9.825849,0.50962967,0.6627141,0.7111111,0.59090906
2024-06-26 21:43:25,27,3,33 Valeria Cardenas,20 Yina Cartagena,1,1,0,0,0,0,0,0,0,0,1,37.23398,17.348299,32.945496,0.7111111,0.59090906,0.035555556,0.4328063
2024-06-26 21:44:28,27,4,33 Valeria Cardenas,08 Manuela Cardenas,0,0,0,0,0,0,0,0,0,1,1,38.869495,38.81682,-2.0229678,0.05481486,0.8504611,0.09629632,0.49670622
2024-06-26 21:44:40,27,4,08 Manuela Cardenas,62 Casey Banta-Ryan,0,0,0,0,0,1,0,0,0,1,0,34.791634,33.54005,-9.24786,0.09629632,0.49670622,0.28592598,0.19104086
2024-06-26 21:44:44,27,4,62 Casey Banta-Ryan,11 Emma Berrigan,0,0,0,1,1,0,0,0,0,0,0,12.618619,7.7344522,-9.970346,0.28592598,0.19104086,0.49037042,0.12055336
2024-06-26 21:46:51,29,1,33 Valeria Cardenas,20 Yina Cartagena,0,0,0,0,0,0,0,0,0,0,0,11.862116,8.095876,8.669867,0.50666666,0.67061925,0.3288889,0.59683794
2024-06-26 21:46:55,29,1,20 Yina Cartagena,33 Valeria Cardenas,0,0,0,0,0,0,0,0,0,0,0,7.7970014,2.746814,-7.297139,0.3288889,0.59683794,0.47851855,0.571805
2024-06-26 21:46:58,29,1,33 Valeria Cardenas,20 Yina Cartagena,0,0,0,0,0,0,0,0,0,0,0,9.006464,3.1082375,8.453121,0.47851855,0.571805,0.3051852,0.54347825
2024-06-26 21:47:05,29,1,20 Yina Cartagena,31 Eli Presberg,0,0,0,0,0,0,0,0,0,0,1,19.061996,13.300361,13.655041,0.3051852,0.54347825,0.025185207,0.42226616
2024-06-26 21:47:09,29,1,31 Eli Presberg,24 Jolie Krebs,0,0,0,0,0,0,0,0,0,1,1,11.047621,10.192126,-4.262686,0.025185207,0.42226616,0.11259264,0.32938078
2024-06-26 21:47:15,29,1,24 Jolie Krebs,31 Eli Presberg,0,0,0,0,0,0,0,0,1,1,1,9.595026,-9.541563,-1.0114826,0.11259264,0.32938078,0.13333334,0.41633728
2024-06-26 21:47:19,29,1,31 Eli Presberg,02 Jolene Zheng,1,0,1,0,0,0,0,0,0,1,1,12.846547,12.6498,2.2397149,0.13333334,0.41633728,0.08740743,0.30105403
2024-06-26 21:48:04,29,2,33 Valeria Cardenas,20 Yina Cartagena,0,0,0,0,0,0,0,0,0,1,0,21.05375,8.095869,-19.43495,0.028148193,0.6936759,0.42666668,0.6198946
2024-06-26 21:48:07,29,2,20 Yina Cartagena,31 Eli Presberg,0,0,0,0,0,0,0,0,0,0,0,12.024946,6.722465,-9.9703455,0.42666668,0.6198946,0.6311111,0.5586298
2024-06-26 21:48:16,29,2,31 Eli Presberg,20 Yina Cartagena,0,0,0,0,0,0,0,1,0,0,1,24.932089,4.264791,24.564621,0.6311111,0.5586298,0.12740743,0.5197629
2024-06-26 21:48:19,29,2,20 Yina Cartagena,66 Janine Hlavaty,0,0,0,0,0,1,0,0,0,1,1,18.883213,18.649426,2.9622056,0.12740743,0.5197629,0.06666667,0.34980237
2024-06-26 21:48:24,29,2,66 Janine Hlavaty,02 Jolene Zheng,0,0,0,1,1,0,0,0,0,1,1,25.734224,25.73331,-0.21674658,0.06666667,0.34980237,0.07111111,0.11528329
2024-06-26 21:49:48,30,1,09 Cassandra Brown,21 Montana Roberts,1,1,1,0,0,0,0,0,0,0,1,32.52459,28.335554,-15.967006,0.5229629,0.86297756,0.85037035,0.60474306
2024-06-26 21:51:07,31,1,33 Valeria Cardenas,31 Eli Presberg,0,0,0,0,0,0,0,0,0,0,0,9.376473,3.9033678,8.5253725,0.525926,0.65217394,0.3511111,0.6166008
2024-06-26 21:51:09,31,1,31 Eli Presberg,33 Valeria Cardenas,0,0,0,0,0,0,0,0,0,0,0,7.7910204,3.6865177,6.863642,0.3511111,0.6166008,0.21037042,0.58300394
2024-06-26 21:51:10,31,1,33 Valeria Cardenas,31 Eli Presberg,0,0,0,0,0,0,0,0,0,0,0,9.551505,2.8913808,-9.10336,0.21037042,0.58300394,0.3970371,0.5566535
2024-06-26 21:51:14,31,1,31 Eli Presberg,20 Yina Cartagena,1,1,0,0,0,0,0,0,0,0,1,25.517977,21.32395,14.016286,0.3970371,0.5566535,0.10962965,0.36231887
2024-06-26 21:51:34,31,2,31 Eli Presberg,20 Yina Cartagena,0,0,0,0,0,0,0,0,1,0,0,8.038339,-6.7224717,4.407183,0.53481483,0.62582344,0.44444445,0.6870883
2024-06-26 21:51:35,31,2,20 Yina Cartagena,24 Jolie Krebs,0,0,0,0,0,0,0,0,0,0,0,21.366917,19.010849,-9.753601,0.44444445,0.6870883,0.64444447,0.513834
2024-06-26 21:51:37,31,2,24 Jolie Krebs,31 Eli Presberg,0,0,0,0,0,0,0,0,0,0,0,7.655046,2.5299575,-7.2248907,0.64444447,0.513834,0.79259264,0.49077737
2024-06-26 21:51:40,31,2,31 Eli Presberg,24 Jolie Krebs,0,0,0,0,0,0,0,0,0,0,0,7.248733,6.939322,2.0952182,0.79259264,0.49077737,0.7496297,0.42753625
2024-06-26 21:51:41,31,2,24 Jolie Krebs,31 Eli Presberg,0,0,0,0,0,0,0,0,1,0,0,12.353863,-9.396996,8.019627,0.7496297,0.42753625,0.5851852,0.51317525
2024-06-26 21:51:46,31,2,31 Eli Presberg,20 Yina Cartagena,0,0,0,0,0,0,0,0,0,0,0,9.126256,7.9513054,-4.47943,0.5851852,0.51317525,0.67703706,0.44071147
2024-06-26 21:51:51,31,2,20 Yina Cartagena,00 Genny De Jesus,0,0,0,0,0,0,0,0,0,0,0,13.754084,11.276397,-7.87513,0.67703706,0.44071147,0.83851856,0.33794466
2024-06-26 21:51:54,31,2,00 Genny De Jesus,33 Valeria Cardenas,0,0,0,0,0,0,0,0,1,0,0,15.303239,-10.192126,11.415327,0.83851856,0.33794466,0.60444444,0.43083003
2024-06-26 21:51:56,31,2,33 Valeria Cardenas,20 Yina Cartagena,0,0,0,0,0,0,0,0,1,0,0,12.12721,-4.987638,11.05408,0.60444444,0.43083003,0.37777779,0.4762846
2024-06-26 21:52:06,31,2,20 Yina Cartagena,31 Eli Presberg,1,0,1,0,0,0,0,0,0,0,0,10.350926,8.168156,6.3579016,0.37777779,0.4762846,0.24740744,0.40184456