team,Player,Touches,Throws,Catches,Defensive blocks,Goals,Turnovers,Total completed throw gain (yd),Average completed throw gain (yd),Total caught pass gain (yd),Average caught pass gain (yd),Offense points played,Defense points played,Possessions initiated,Thrower errors,Receiver errors,Assists,Secondary assists
MKE,00 Eileen Duffner,3,3,2,0,0,1,17.536820000000002,5.846998198200001,-17.897840000000002,-8.949485215100001,2,1,1,0,1,0,0
PHL,00 Emilie Mohler,62,60,48,3,1,8,460.3552,8.85299686250423,-100.56048000000001,-2.0950741453225,12,18,14,6,2,1,2
NY,00 Genny De Jesus,73,56,72,1,17,5,138.12844,2.557981721582815,622.7485600000001,8.649260405255278,51,21,1,2,3,4,7
ATX,00 Maggie Rowell,7,7,7,1,0,2,2.85534,0.4754858581666664,59.18540000000001,8.454280309085716,1,6,0,1,1,1,0
ATX,00 Margaret Rowell,9,7,9,1,2,0,-6.935960000000001,-0.9910668206051428,129.24516,14.360523726511113,3,6,0,0,0,0,0
LA,00 Stephanie Pritchard,24,23,24,1,1,3,136.48744,6.49965208172381,278.19326,11.591491672363334,26,4,0,2,1,2,0
DC,01 Ashleigh Jentilet,34,26,33,6,8,6,240.37368,11.446726237818096,701.72442,21.264531015454548,12,36,1,4,2,5,5
ATL,01 Charlie Hawkins,59,58,48,2,1,8,329.44716000000005,6.459799370141177,65.49778,1.3646799948325,24,5,11,7,1,0,0
PHL,01 Emily Shields,18,16,18,1,2,5,67.87176000000001,5.2212679496153855,150.61098,8.367261940211112,16,10,0,3,2,2,4
LA,01 Maggie O'Connor,134,132,92,3,2,17,898.54596,7.951615062385842,313.03716000000003,3.4025866293384786,42,5,42,16,1,8,5
NASH,01 Tori Radcliffe,51,50,49,1,1,13,222.28986,5.699878162101539,344.78504000000004,7.0364145348073475,36,2,2,10,3,3,0
RAL,02 Claire Bidigare-Curtis,51,47,50,3,4,4,269.88980000000004,6.425928982236667,381.68566,7.633467132487601,37,14,1,3,1,2,5
NASH,02 Elizabeth Wu,3,3,3,0,0,1,66.69024,33.345119453,26.7483,8.916729936140001,11,7,0,1,0,0,1
LA,02 Iman Haq,32,31,26,0,1,6,103.80966000000001,4.1525782727216,85.88994000000001,3.3031623271638466,3,21,6,4,2,1,0
INDY,02 Maketa Mattimore,34,28,34,1,6,2,226.55646000000002,9.062410551332,499.10468000000003,14.679533905923531,29,10,0,2,0,5,3
ATX,02 Rachel Joy-Rocha,1,1,1,0,0,0,1.5316,1.536189877,-0.6564,-0.6583681060000001,1,5,0,0,0,0,0
MINN,02 Steph Wood,18,15,18,1,3,2,85.81336,6.600622581583077,276.91328000000004,15.384038965744447,15,2,0,2,0,2,1
LA,03 Chip Yen,51,40,51,5,11,5,122.00288,3.297500854954054,620.65902,12.16963368325804,42,5,0,3,2,2,2
MKE,03 Erika Watson,4,4,3,1,0,1,59.89650000000001,14.97547250715,40.696799999999996,13.563443361333334,3,8,1,0,1,1,0
NY,03 Liv Player,22,21,17,3,1,2,148.06196,7.792548794844211,114.20266000000001,6.717387860894118,4,23,5,1,1,2,1
RAL,03 Lyra Olson,15,14,9,2,1,2,119.59608,11.959199223618,47.29362,5.255140053155556,1,8,6,2,0,1,0
ATX,03 Madison Cannon,19,16,19,0,3,1,51.275780000000005,3.662823856811429,324.2069000000001,17.063665990357897,11,2,0,1,0,3,0
MINN,03 Makella Daley,36,36,26,0,0,2,278.57616,8.193289214899412,27.27342,1.0490357079692307,18,1,10,2,0,1,3
PHL,03 Rachel Alfano,11,11,11,0,0,2,46.92166,4.6919226615800005,116.20468,10.563935381618183,7,18,0,0,2,1,1
DC,03 Sami Smalling,70,62,62,5,8,6,387.47292000000004,7.044914415391274,214.00828,3.4516386151506455,18,21,8,6,0,4,3
NASH,03 Sara Mog,112,111,84,3,1,11,658.8615000000001,6.588611445047,33.88118,0.4266550110963856,37,4,28,10,1,5,0
LA,04 Amy Lee,18,15,18,0,3,7,-24.669700000000002,-3.0844234864975,191.02334000000002,10.612803893297778,17,10,0,7,0,0,0
ATL,04 Chloe Greene,106,106,85,2,0,9,808.28002,8.598783837764255,-4.966760000000001,-0.058408272466588376,30,13,21,8,1,6,4
PHL,04 Eliana Harnage,13,13,13,1,0,4,52.31508,4.7559032754181825,105.17716000000001,8.090559193030769,1,17,0,2,2,0,1
DC,04 Ellen Mueller,27,22,26,4,5,1,137.60332,6.2547352976045465,372.71486,14.335551926499232,13,31,1,0,1,3,2
MINN,04 Erica Baken,40,39,28,0,1,6,321.61412000000007,9.745982737412122,129.66088,4.630719290278572,18,1,12,6,0,1,2
NY,04 Marié Weverka,24,22,23,3,2,2,22.19726,0.9237158185666665,317.98204000000004,13.82528236618261,42,8,1,1,1,1,2
ATX,04 Mary Clare Robbins,32,32,27,1,0,5,185.85966000000002,6.883625945177778,24.9432,0.9238345560592593,4,11,5,4,1,1,1
INDY,04 Rachel Mast,51,45,51,2,6,3,227.21286000000003,5.6803292359475,481.19590000000005,9.435210201094119,32,12,0,3,0,2,9
ATX,05 Elise Franke,11,10,10,1,1,1,19.04654,2.115966262866667,129.66088,12.9664405415,4,9,1,1,0,1,0
NY,05 Emily Wang,19,19,19,0,0,2,65.04924000000001,3.8262245387317653,14.364220000000003,0.7564956543705263,0,40,0,1,1,0,2
PHL,05 Lindsay McKenna,21,17,19,3,4,3,200.73806000000002,14.338292754814287,141.84804000000003,7.465919118989475,6,17,2,2,1,2,2
INDY,05 Lizzie Tilden,9,9,7,0,0,2,77.88186,9.735375937075,-11.848020000000002,-1.6922403969142858,0,12,2,1,1,0,2
ATL,05 Megan Jarriel,38,33,37,2,5,2,28.6081,0.866748810218182,486.98316000000005,13.161809231168109,26,12,1,0,2,0,3
MKE,05 Rose Glinka,11,10,6,1,1,0,124.10336000000001,12.409952892140002,29.95372,4.991825738940001,16,1,5,0,0,0,0
LA,05 Sharon Tseng,7,7,6,2,0,1,-7.121940000000002,-1.1856047571433337,98.40530000000001,16.400859083,4,10,1,1,0,1,0
MINN,05 Steph Rupp,6,6,2,0,0,2,26.67172,6.669022386350001,2.8881600000000005,1.4449571691999998,6,6,4,2,0,0,0
PHL,06 Gwen Rauch,9,7,8,2,2,1,-23.61946,-3.9360016310933337,118.16294000000002,14.769781663000002,1,10,1,1,0,0,0
RAL,06 Jenny Wei,52,47,48,2,5,4,341.13108,7.7530383384681825,322.74094,6.723764965513751,28,5,4,2,2,7,3
ATX,06 Lo Guerin,16,16,9,1,0,2,171.69236,12.263410776328572,-34.30784,-3.8120320721555556,1,7,7,1,1,1,0
ATL,06 Lylah Bannister,23,19,23,1,4,2,7.48296,0.4402420531164705,295.29248,12.838675407010436,15,7,0,2,0,1,2
NASH,06 Rebecca Fagan,22,21,20,3,1,6,45.76202,3.269421862372857,229.29146000000003,11.464726710282001,20,14,2,6,0,1,1
INDY,06 Risa Umeno,39,37,23,0,2,2,151.75968,4.463390040522353,-24.341500000000003,-1.0584461439434782,0,26,16,2,0,1,4
NY,07 Abby Hecko,115,113,95,2,2,6,466.40502000000004,4.441955354877143,144.45176,1.520684997093895,7,58,20,6,0,7,8
ATL,07 Allison Murphy,3,3,3,0,0,0,20.753180000000004,6.916024767333334,35.937900000000006,11.979542758600001,2,9,0,0,0,0,0
INDY,07 Annie Melink,21,19,16,0,2,5,108.01062,8.308476494923077,25.085419999999992,1.56815288184375,1,27,5,5,0,0,1
MINN,07 Danielle Byers,18,17,18,1,1,3,111.44578000000001,7.429786808280001,122.93278000000001,6.829573278956667,16,1,0,2,1,2,1
LA,07 Jessica Martinez,14,13,12,3,0,2,-6.968780000000001,-0.696542543498,174.56958000000003,14.5475487457,1,9,2,2,0,0,2
DC,07 Kami Groom,12,11,12,0,1,2,19.56072,1.9562465039400003,139.68192000000002,11.639916366200001,3,3,0,1,1,1,1
NASH,07 Mary Cowart,1,1,1,1,0,0,12.07776,12.078339820000002,15.33788,15.338756294000001,1,7,0,0,0,0,0
ATX,07 Shiru Liu,26,26,12,1,0,5,196.43864000000002,9.822014506198002,-36.00354,-3.000467339643334,3,10,14,5,0,2,1
MKE,08 Catherine Chen,7,7,6,0,0,1,50.11614,10.02342290704,38.902640000000005,6.4834051841,4,10,1,1,0,0,0
ATL,08 Dani Ortiz,7,7,4,1,0,3,13.47808,2.697248720608,13.41244,3.35303738575,3,9,3,2,1,1,0
MINN,08 Eugenia Garza,0,0,0,0,0,0,0,NA,0,NA,0,7,0,0,0,0,0
NASH,08 Grace Robinson,37,37,34,2,0,3,142.19812000000002,4.443700849850001,363.29552,10.685117526612942,30,2,3,3,0,3,2
INDY,08 Jamie Smets,7,6,7,1,1,0,45.050920000000005,7.5084819351166665,114.07138,16.296135120314286,0,12,0,0,0,1,0
PHL,08 Joanna Maida,24,23,15,0,1,0,75.30002,3.4229717111909093,24.549360000000004,1.6369593255866668,5,18,9,0,0,2,0
DC,08 Kat Ritzmann,55,51,53,1,5,2,216.07594,4.501591391677917,242.23348000000004,NA,13,17,2,2,0,2,1
DC,09 Annelise Peters,36,36,19,0,0,4,318.78066,9.961854775381875,95.95474000000002,5.050518188873685,8,15,17,3,1,2,3
LA,09 Arenaria Cramer,33,31,24,1,2,3,254.45346000000004,9.087766546288572,94.18246000000002,3.924226527105,7,12,9,2,1,2,3
NY,09 Cassie Brown,59,58,43,4,1,9,224.68572000000003,4.680750905201251,122.12322,2.839841036386977,1,47,16,8,1,2,2
INDY,09 Corinn Rains,40,40,25,2,0,5,189.43704000000002,5.412502753900572,44.033500000000004,1.760995724764,33,13,15,5,0,3,1
RAL,09 Jinny Riedel,38,37,16,2,0,8,296.01452,10.571949602794287,-12.2528,-0.7658527889187499,1,28,22,8,0,2,3
ATL,09 Liv Ford,57,56,40,2,1,16,342.93618000000004,8.5734009535255,158.06112000000002,3.9513965039350003,17,19,17,14,2,3,4
PHL,09 Sarah Hirannet,15,14,15,1,1,1,33.399820000000005,2.3850612744714286,133.17262,8.878160481133333,19,21,0,0,1,2,2
ATX,09 Summer Wilson,101,100,80,1,1,8,481.20684000000006,5.346762330161889,-39.843480000000014,-0.4979837361475,20,5,21,8,0,5,1
MKE,10 Chelsea Twohig,11,9,11,0,2,1,0.5907600000000004,0.07457944322499999,237.22296,21.565548351705456,6,13,0,1,0,1,0
NY,10 Ella Juengst,102,91,102,3,11,6,132.46152,1.5403129625181395,1051.81536,10.311938302010196,43,17,0,5,1,4,7
ATX,10 Gabriella Cuina,28,27,28,1,1,1,56.60356,2.0963108952540743,111.08476000000002,3.967321890457143,3,10,0,0,1,0,0
MINN,10 Jane Koch,0,0,0,1,0,0,0,NA,0,NA,2,11,0,0,0,0,0
INDY,10 Lexie Thomas,4,4,3,0,0,2,10.163260000000001,5.083381275200001,10.633680000000002,3.5443767550000005,1,10,1,2,0,0,0
ATL,10 Mia Griner,27,25,23,1,2,2,-17.930660000000003,-0.7796630552704349,210.73722000000004,9.162658497697393,20,13,4,2,0,0,1
PHL,10 Neena Kashyap,1,1,1,1,0,0,8.445680000000001,8.4454612,42.30498000000001,42.30550512,3,3,0,0,0,0,0
DC,10 Sydney Rehder,9,9,7,0,0,1,26.376340000000003,3.297462549505,18.8168,2.6887813444,3,6,2,1,0,0,1
RAL,11 Dawn Culton,16,15,13,3,0,6,187.15058000000002,17.01437071258182,88.81092000000001,6.83168214671077,3,25,3,4,2,2,1
LA,11 Emily Ash,13,10,13,0,3,3,22.08786,2.2081885775400005,178.87994000000003,13.759849546000002,41,4,0,0,3,2,0
ATL,11 Quincy Booth,108,102,77,3,5,12,725.14696,8.2402864927425,387.92146,5.0378559365589615,33,14,31,12,0,9,1
MINN,11 Rachel Johnson,6,6,4,0,0,1,41.04688000000001,8.21031073548,42.53472000000001,10.633387163550001,4,5,2,1,0,0,0
DC,11 Tayara Romero,25,22,24,0,3,4,89.88304000000001,4.280172255687619,153.90392000000003,6.4127601163225005,9,15,1,1,3,0,1
INDY,11 Tracey Lo,140,136,93,0,4,23,1073.9469800000002,9.852715396251194,118.26140000000002,1.2717230261774195,42,14,47,23,0,8,8
ATX,12 Annie Ortiz,16,16,14,1,0,1,-27.054620000000003,-1.8035320602373337,-7.712700000000001,-0.55054022776,3,3,2,1,0,0,0
NY,12 Casey Banta-Ryan,19,17,18,1,1,2,57.916360000000005,3.8613347526533333,231.31536,12.850813104522224,4,37,1,1,1,2,1
DC,12 Clare Frantz,40,34,37,4,6,2,196.73402000000002,5.961702496981819,337.0067,9.108324580384865,18,25,3,1,1,3,4
ATL,12 Emma Jaschke,11,10,9,3,1,1,78.25382,8.694431762955556,31.11336,3.458013453355556,7,18,2,1,0,1,1
RAL,12 Katie Backus Meilstrup,22,20,21,2,2,0,110.42836000000001,5.5216516893400005,245.34044,11.682856460085715,13,2,1,0,0,1,3
MINN,12 Shelby Meyer,0,0,0,0,0,0,0,NA,0,NA,0,1,0,0,0,0,0
MKE,12 Sydney French,10,10,9,1,0,1,59.7871,7.472820284247501,82.33444000000001,9.14836175508889,6,20,1,0,1,1,1
ATX,13 Emelia Marshall,20,20,20,0,0,2,24.068,1.3370560525222224,59.25104,2.962656369788,12,2,0,2,0,0,2
PHL,13 Melinda Alvey,14,14,11,0,0,2,74.91712000000001,6.242864580668334,-13.051420000000002,-1.1871991628545455,1,12,3,2,0,0,2
NASH,13 Sandy Taylor,2,2,2,1,0,1,12.821680000000002,12.819342122,17.854080000000003,8.9290845219,2,17,0,1,0,0,0
LA,13 Stella Dziedzic,10,10,5,1,0,2,63.572340000000004,7.064225012580001,13.784400000000002,2.756529911248,4,7,5,1,1,0,1
DC,13 Tyler Smith,120,117,95,2,3,9,629.40008,5.774382303486423,170.80622000000002,1.797906373634737,18,25,25,6,3,8,6
ATL,14 Charlotte Doran,54,51,45,3,3,10,267.35172,6.365566425994286,130.71112000000002,2.904729894420889,16,21,9,9,1,1,1
RAL,14 Ellen Yu,20,20,12,1,0,4,100.07912000000002,6.2545565308562505,-32.96222,-2.74643692215,2,14,8,3,1,0,1
ATX,14 Emma Berrigan,5,5,5,0,0,3,0.39384,0.13107895926666657,67.29194,13.458983486080001,3,4,0,2,1,0,0
NASH,14 Hanna McClain,9,7,9,1,2,1,39.88724,6.647208199566667,184.48122000000004,20.497229230822224,18,0,0,1,0,1,0
MINN,14 Jess Hendrickson,0,0,0,0,0,0,0,NA,0,NA,1,6,0,0,0,0,0
MKE,14 Lina Montenegro,27,26,18,1,1,6,60.61854,3.1904128822631583,26.37634,1.4650630500644446,9,20,9,5,1,1,0
RAL,15 Carmen Tormey,14,13,11,0,1,2,139.63816000000003,13.963658617160002,94.59818000000001,8.599320892563636,12,25,3,1,1,3,1
MINN,15 Frankie Saraniti,2,1,2,0,1,0,10.075740000000001,10.077640278,22.74426,11.374389110000001,1,4,0,0,0,0,1
MKE,15 Hannah Cheng,7,6,4,0,1,0,12.405960000000002,2.06832492773,82.09376000000002,20.52415326065,4,8,3,0,0,0,1
DC,15 Julia Harris,17,15,15,3,2,2,82.77204,5.912142824841429,250.46036,16.6972594568,15,18,2,1,1,2,3
DC,15 Julia Harrs,6,5,6,0,1,0,-7.85492,-1.5709265431200001,86.10874,14.350751255466669,3,6,0,0,0,0,0
PHL,15 Layne Dodge,15,12,15,1,3,3,31.901040000000002,3.545008031897778,208.08974,13.872450747536002,8,20,0,3,0,0,0
INDY,15 Sydney Loughran,13,10,13,3,3,0,10.36018,1.0353318432000003,217.88104,16.760451368398464,17,7,0,0,0,1,0
NASH,15 Sylvia Brown,84,84,72,1,0,12,301.16726,4.125545390693425,196.43864000000002,2.728344829382778,19,17,12,11,1,2,2
LA,15 Violet Wei,2,2,2,0,0,1,22.678620000000002,22.674683788000003,21.343940000000003,10.670435665000001,1,9,0,1,0,1,0
NASH,16 Emily Branson,116,110,90,1,6,12,589.2393400000001,6.1379218500537505,401.39954,4.459984314892667,40,2,26,12,0,3,3
LA,16 Karli Steiner,44,43,32,7,1,14,344.04112000000003,11.09830797545355,202.81666,6.337887698871875,15,23,12,12,2,7,1
ATX,16 Kinsey Neas,6,5,6,1,1,2,34.11092,11.368823676733333,108.73266000000001,18.123564327133334,4,10,0,2,0,0,1
DC,16 Marge Walker,28,28,26,0,0,0,115.44982000000002,4.123151329381429,10.371120000000001,0.3990010897446154,2,6,2,0,0,1,0
INDY,16 Riely Kuznicki,19,19,16,6,0,2,26.299760000000003,1.547234568681412,123.96114,7.747494146931251,1,31,3,2,0,1,0
PHL,17 Allie Milligan,50,49,42,1,1,0,98.20838,2.046199237437917,52.86208000000001,1.2586272337642859,23,5,8,0,0,3,1
MKE,17 Caitlin Duffner,5,2,5,0,3,1,-12.646640000000001,-12.648603730000001,107.27764,21.454896937040004,5,1,0,1,0,0,0
ATL,17 Christina Marsicano,15,15,12,1,0,2,43.93504,3.9946785256381823,5.71068,0.47547629478333325,13,18,3,2,0,0,1
RAL,17 Karen Ehrhardt,21,20,21,0,1,1,50.75066,2.537482493302,177.24988000000002,8.440399762114286,11,1,0,0,1,1,1
INDY,17 Kristin Dudley,10,10,8,0,0,1,25.468320000000002,2.8292824516,6.71716,0.8394579328375001,5,1,2,1,0,0,0
MINN,17 Madelyn Lander,0,0,0,0,0,0,0,NA,0,NA,1,7,0,0,0,0,0
DC,17 Maggie Pendleton,23,18,22,4,5,2,69.73156,4.3580220559525005,347.31218,15.786724629272728,16,25,1,0,2,2,2
ATX,17 Olympia Walker,2,2,2,0,0,0,11.629220000000002,5.8155846446,67.00750000000001,33.503617079,0,6,0,0,0,0,1
NASH,17 Rachel Barr,16,15,16,2,1,2,58.10234000000001,4.469045280661539,138.29254,8.64352764841125,26,1,0,2,0,0,2
LA,17 Rachel Johnston,4,2,4,0,2,1,11.33384,5.668670925120001,48.75958000000001,12.189492799105,3,17,0,0,1,0,0
ATX,18 Briana Taylor,5,4,4,2,1,1,-11.268200000000002,-3.755134943333333,61.96416000000001,15.48993470445,1,4,1,1,0,0,0
MKE,18 Kylie Chesner,5,3,5,1,2,0,10.62274,5.31002642578,87.34496,17.469394788920003,5,10,0,0,0,0,2
INDY,18 Laura Grencser,84,82,67,4,2,4,372.5398200000001,4.83808592306026,78.91022,1.1777462322391643,26,6,17,4,0,10,4
NASH,18 Morgan Butts,4,3,4,1,1,0,5.4043600000000005,2.70466188122,40.948420000000006,10.2369431427,4,11,0,0,0,0,0
RAL,18 Sarah McKee,15,14,12,0,1,2,68.90012000000002,5.741726954200001,99.92596,8.326895148350001,3,22,3,1,1,1,1
NY,18 Yvonne Tang,1,1,1,1,0,3,0.18598000000000003,0.18271228764,10.294540000000001,10.292831172000001,0,17,0,0,3,0,0
DC,19 Allie Wallace,10,10,10,0,0,2,12.230920000000001,1.3585051806222224,124.34404,12.43402380218,2,7,0,1,1,0,3
NASH,19 Claire Williams,1,1,1,0,0,0,11.67298,11.674145110000001,29.62552,29.628182796,1,2,0,0,0,0,0
NY,19 Eastelle Ding,26,22,26,1,4,1,-39.7122,-1.89093465132381,288.87070000000006,11.110354642046154,13,25,0,0,1,0,0
ATL,19 Elle Mayer,3,3,2,1,0,2,-13.25928,-6.6319742678,19.779519999999998,9.8923865846,2,0,1,1,1,0,0
PHL,19 Grace Maroon,61,53,60,2,8,5,64.99454,1.2996625082372,448.05864,7.467742703962,24,20,1,2,3,3,2
INDY,19 Melissa Gibbs,7,6,6,1,1,0,6.804679999999999,1.1348224459,121.61998000000001,20.27134555772667,2,16,1,0,0,0,0
LA,19 Sophie Havranek,8,7,8,1,1,2,34.6798,6.9357850475200005,124.40968000000001,15.551793676350002,0,5,0,2,0,0,1
RAL,19 Sydney Kelley,2,2,2,0,0,0,10.13044,5.067461059,33.4764,16.741377523,0,17,0,0,0,0,0
MINN,20 Aria Kischner,6,5,6,0,1,1,24.70252,6.1758527384,63.758320000000005,10.6258613461,10,0,0,1,0,1,1
PHL,20 Danielle Walsh,93,93,70,2,0,10,555.06278,6.607791125602382,-91.64438000000001,-1.3092698865825716,20,8,23,7,3,5,8
DC,20 Kira Flores,79,78,62,2,1,3,515.4490400000001,6.872552534552001,231.18408000000002,3.728916724740968,13,17,17,3,0,11,6
LA,20 Madee Shade,56,55,41,2,1,8,238.97336,5.557519212828837,143.39058000000003,3.4971717359253662,30,5,15,8,0,0,3
MKE,20 Madison Lang,13,12,11,1,1,1,51.78996000000001,4.707970888709092,1.4222000000000001,0.13017485015090918,6,14,2,1,0,0,1
NASH,20 Noel Holmes,32,32,25,2,0,4,111.44578000000001,3.9802421969014286,-10.743079999999999,-0.4297806883872,11,12,7,4,0,1,0
NY,20 Yina Cartagena,180,178,131,2,2,9,1246.6458200000002,7.509943676538434,156.58422000000002,1.195305555664855,36,14,49,8,1,18,7
MKE,21 Anne Shriver,11,11,11,0,0,1,27.31718,2.732576006696,88.66870000000002,8.059960387056364,15,1,0,1,0,0,1
NASH,21 Elena Rubino,4,4,4,0,0,4,0,NA,69.0314,17.256416586500002,4,14,0,4,0,0,0
DC,21 Jess Oh,40,38,39,2,2,2,282.91934000000003,8.083280126547429,218.22018000000003,5.595520263356923,12,29,1,1,1,4,5
RAL,21 Julia Hoffmann,24,16,23,3,7,5,45.565099999999994,3.7974641517866665,412.30672000000004,17.92623200646087,37,10,1,4,1,1,1
PHL,21 Linda Morse,35,30,35,1,5,4,134.19004,4.969961797644445,396.78286,11.336578788365715,23,19,0,2,2,4,3
NY,21 Montana Roberts,5,3,5,1,2,0,-9.6819,-3.2279289041333334,103.48146000000001,20.6952914276,0,6,0,0,0,0,0
MINN,21 Sarah Mondschein,5,5,3,1,0,3,47.939080000000004,15.98095653866667,54.02172000000001,18.006361518000002,6,9,2,2,1,1,0
MKE,22 Alex Ballinger,6,5,5,1,1,0,59.06506,11.813321238792001,62.17202,12.43381770352,18,1,1,0,0,1,1
ATL,22 Anna Gustafson,5,4,5,3,1,1,-11.56358,-2.8899109469999997,137.75648,27.5504803136,8,14,0,0,1,0,0
NASH,22 Becca Henley,52,48,50,3,4,4,169.16522,3.8445461577090914,610.2113200000001,12.204369471132,39,3,2,3,1,1,3
RAL,22 Julia Zwierzynski,8,7,8,0,1,4,21.84718,7.2821243187333335,90.01432000000001,11.251630858555002,3,31,0,3,1,0,0
PHL,22 Liz Hart,33,27,32,5,6,2,168.67292,6.487485646732308,350.48478,10.952707526911876,22,15,1,0,2,4,1
MKE,23 Allison Mueting,1,1,1,1,0,1,-5.2512,-5.250366372,14.32046,14.319181114000003,3,6,0,0,1,0,0
NASH,23 Breanna Snipes,4,2,4,0,2,0,-2.52714,-1.25970307649,110.18768000000001,27.5467725835,0,9,0,0,0,0,1
LA,23 Frances Lebar,7,5,7,0,2,1,16.147440000000003,4.03846337734,136.85940000000002,19.551883683857145,1,8,0,1,0,1,0
INDY,23 Lili Hobday,30,27,25,2,2,4,80.6825,3.361716876341667,196.99658,7.879707810428001,1,33,5,3,1,4,1
DC,23 Lisa Dang,23,23,23,0,0,0,67.281,2.925348882816522,-20.523440000000004,-0.8924242061704348,2,3,0,0,0,2,0
PHL,23 Natalie Bova,40,40,39,3,0,6,134.89020000000002,4.215399419850625,182.28228000000001,4.673877415178462,8,20,1,6,0,5,2
MINN,24 Allegra Johnson McKee,5,5,5,0,0,0,51.724320000000006,10.34439498032,24.899440000000002,4.979539335636001,10,0,0,0,0,1,1
LA,24 Avalon Igawa,33,30,32,3,3,4,171.5392,6.8616847884384,279.28726000000006,8.727621855444376,14,27,1,4,0,1,1
RAL,24 Hannah Boettcher,17,15,16,6,1,4,-48.86898,-3.7594474209246154,248.05356,14.590744709545884,3,28,0,2,2,1,1
NY,24 Jolie Krebs,188,182,165,4,6,16,1191.5301000000002,7.221407704285455,439.60202000000004,2.6642874167169697,52,21,23,15,1,14,10
MKE,25 Anneke Vermaak,12,12,10,0,0,2,86.63386000000001,8.663102262348,43.3224,4.3315501236000005,6,8,2,2,0,1,0
ATL,25 Katie Sanders,15,15,13,2,0,2,146.71634,11.286040068384615,-40.98124000000001,-3.152110650723077,4,6,2,2,0,1,0
RAL,25 Meg Manning,5,3,5,1,2,2,-11.41042,-3.803720030333334,125.60213999999999,25.119573870440004,2,18,0,0,2,0,0
LA,25 Samantha Wool,127,126,97,5,0,16,870.5505,8.13601206840299,227.62858,2.34676271956866,42,4,30,14,2,8,10
ATX,26 Amy Broome,70,69,56,0,1,9,242.78048,4.046426910024667,-88.06700000000001,-1.5725757654091073,18,2,14,9,0,1,1
MKE,26 Anna Stubbs,6,5,6,1,1,0,-7.756460000000001,-1.5512456450319998,140.20704,23.3680998797,9,0,0,0,0,0,0
LA,26 Cameron Helm,43,40,36,0,3,6,343.60352000000006,10.105969028317649,217.56378,6.043288228328334,12,26,7,4,2,4,1
NASH,26 Leah Shorb,8,8,8,1,0,1,35.751920000000005,6.214704088033334,83.72382,10.46522853295,11,7,0,1,0,0,0
NY,26 Mari Malin,50,50,41,0,0,2,101.22782000000001,2.108812415445,25.271400000000003,0.6164702994585367,22,2,9,2,0,0,1
NY,26 Mariana Malin,36,36,30,0,0,3,129.60618000000002,4.050137134421876,76.62376,2.5539213340593334,23,2,6,3,0,0,1
ATL,26 Morgan Lally,47,44,45,4,3,3,75.72668,1.761173497779535,354.05122000000006,7.867801732577334,26,13,2,1,2,2,3
MKE,27 Connie Chan,9,8,9,2,1,2,38.0712,4.75814328567,123.14064000000002,13.682767278444445,7,16,0,0,2,0,0
INDY,27 Eliza Hutchins,24,18,23,0,6,1,77.68494,4.316469221161111,315.54242,13.719250915852175,18,20,1,0,1,0,3
DC,27 Jess Sourbeer,71,69,43,0,2,4,638.2943,10.29515660663226,232.3109,5.402426018404187,16,30,28,4,0,9,7
NASH,27 Katharine Gilbert,95,94,74,2,0,9,464.403,5.463568820223294,262.46154,3.5467611491408113,30,3,21,9,0,1,3
PHL,27 Kit Asterin,65,62,43,1,2,12,200.49738000000002,4.091867121299184,32.294880000000006,0.751071369872093,8,16,22,11,1,2,2
RAL,27 Mary Rippe,15,14,14,5,1,2,112.23346000000001,9.352897961250001,112.15688,8.011409417085716,9,17,1,1,1,2,0
RAL,28 Claire Revere,27,26,26,0,1,2,294.51574,12.271379593450002,161.8573,6.225320523507692,14,1,1,2,0,6,0
INDY,29 Emily Hess,1,1,1,0,0,0,8.57696,8.581116106,6.246740000000001,6.249295146400001,1,0,0,0,0,0,0
LA,29 Hanae Oda,41,40,30,1,1,3,180.4006,4.747335865226843,60.27940000000001,2.009505305536,12,23,11,2,1,0,2
PHL,29 Sara Liang,117,113,84,3,4,8,326.29644,3.137588066333654,192.28144,2.2891741555230953,28,21,33,7,1,6,4
ATL,29 Soju Hokari,49,49,34,2,0,3,365.8336,6.01339705084174,91.14114000000001,2.6806866623947063,17,12,15,2,1,4,2
MINN,30 Louise Beck,13,12,11,0,1,1,62.29236,5.662610495309091,32.524620000000006,2.957273662832727,16,1,2,1,0,0,1
NY,31 Eli Presberg,107,105,95,1,2,8,596.1315400000001,6.209703740888625,203.29802,2.1399860458569266,24,13,12,8,0,6,1
ATX,31 Nikki Gilbert,14,12,13,0,2,2,94.05118000000002,7.837205977526668,120.85418000000001,9.296334196341538,18,2,1,0,2,0,2
RAL,32 Annie Bocko,7,7,5,0,0,1,14.944040000000001,2.9879204596799998,22.07692,4.414319798372,1,16,2,1,0,0,1
MINN,32 Melissa LaFrance,0,0,0,0,0,0,0,NA,0,NA,0,6,0,0,0,0,0
INDY,32 Shani Rosenthal,30,30,29,2,0,3,183.74824,6.3361359383862075,224.78418000000005,7.751312579103449,28,7,1,1,2,4,4
ATL,32 Therese Doebler,16,15,16,0,1,3,-29.942780000000003,-2.7214993308890914,175.61982,10.976100584637502,14,8,0,3,0,0,1
DC,33 Amanda Murphy,37,30,37,1,7,0,163.76086,5.646951380968276,383.09692,10.354009343264865,12,31,0,0,0,5,4
ATX,33 Brenda Orellana,1,1,1,0,0,0,22.25196,22.251037758000002,5.39342,5.390713444000001,1,3,0,0,0,0,0
ATL,33 Georgia Tse,39,37,39,1,2,7,210.89038000000002,6.390586762750304,323.59426,8.29732900716359,22,10,0,4,3,5,4
INDY,33 Jalyn Baumgartner,4,3,4,1,1,0,-18.28074,-6.093837053533333,37.119420000000005,9.2806688813,0,16,0,0,0,0,0
PHL,33 Jana Graham,2,2,2,1,0,1,17.514940000000003,8.758252975800001,13.138940000000002,6.5686936429000005,1,11,0,0,1,0,0
NY,33 Valeria Cárdenas,62,59,50,0,3,6,296.17862,5.48477335877963,236.73066,4.73470246913096,10,8,12,5,1,2,2
RAL,34 Alex Barnett,105,99,91,0,6,1,710.5748800000001,7.2507152117595925,292.32774000000006,3.212483254113187,34,5,14,1,0,8,5
LA,34 Amanda Ring,8,8,6,2,0,2,38.4541,5.494004288565715,81.65616,13.609749318133334,7,9,2,1,1,0,2
ATX,34 Carley Garrett,57,53,56,0,4,7,63.84584,1.3583732491361702,338.60394,6.046493599033215,18,4,1,6,1,1,4
MKE,34 Kenzie Carpenter,7,6,4,0,1,0,46.17774000000001,7.696556961526667,81.97342000000002,20.4943207285,9,0,3,0,0,0,1
NY,35 Grace Conerly,12,12,11,0,0,0,104.50982,8.709319076016667,14.134480000000002,1.284527661529091,8,9,1,0,0,1,1
DC,35 Jordan Sorensen,4,2,4,0,2,1,24.746280000000002,12.374744383820001,66.39486000000001,16.5984576365,3,4,0,0,1,0,1
LA,37 Krista Holden,2,2,2,1,0,0,-8.81764,-4.408965994300001,26.67172,13.338048547000003,1,8,0,0,0,0,0
INDY,40 Claire Milton,29,28,24,0,1,5,403.40156,17.53939122344348,248.30518,10.345536727950002,2,37,5,5,0,3,2
LA,40 Veronica Yee,4,4,4,0,0,1,27.415640000000003,6.854273973800001,36.966260000000005,9.2440082302,2,18,0,0,1,0,0
LA,41 Natalie So,29,28,23,1,1,5,123.07500000000002,5.594570206598182,65.71658000000001,2.8576923725486956,6,16,6,5,0,0,1
NASH,42 Emma Patterson,24,24,12,1,0,4,187.46784000000002,9.866338020818947,-51.72432,-4.3096698929483335,6,7,12,4,0,1,1
DC,42 Lisi Lohre,18,15,17,1,3,1,94.47784000000001,7.267525962816924,191.70162000000002,11.276317450397649,15,32,1,0,1,1,2
ATX,42 Megan Duffy,13,13,10,0,0,2,46.954480000000004,4.26847273108,-6.509300000000001,-0.6501050868039998,2,9,3,2,0,0,0
RAL,43 Claire Hackl,5,4,2,1,1,2,25.22764,8.408227001166669,14.03602,7.0193653019000015,1,16,3,1,1,0,0
ATL,44 Jordan Harn,13,13,13,4,0,3,48.387620000000005,4.03228762153,28.017340000000004,2.1546087552769233,9,18,0,1,2,0,0
LA,44 Nadine Meister,53,52,46,1,1,9,312.06350000000003,6.934849536515556,97.32224000000001,2.1157574674173913,18,20,7,7,2,3,3
MINN,44 Sarah Meckstroth,9,9,9,0,0,1,37.808640000000004,4.7256791584,156.6608,17.40713158766667,10,1,0,1,0,2,0
RAL,45 Caitlin Gross,57,55,55,0,2,4,347.96858000000003,6.959307326406001,392.40686000000005,7.134707250516364,39,4,2,4,0,3,7
DC,46 Graham Cunningham,38,37,28,1,1,2,228.23028000000002,6.520822790678857,89.28134000000001,3.1889575786457143,9,34,10,2,0,1,3
MKE,47 Penelope Wu,26,26,11,2,0,8,375.63584000000003,22.09645450904706,-16.475640000000006,-1.497006052147273,4,16,15,7,1,3,0
PHL,48 Caroline Weinberg,5,5,4,1,0,2,8.752000000000002,2.1895644747000005,38.2353,9.55979152165,2,7,1,1,1,0,1
RAL,48 Natalie Baumgarten,11,9,9,2,2,2,79.35876,11.336089607828573,190.68420000000003,21.18739358377778,1,18,2,1,1,1,1
MINN,49 Elly Fireside-Ostergaard,1,1,1,1,0,0,13.565600000000002,13.560348800000002,10.075740000000001,10.077640278,2,10,0,0,0,1,0
MKE,50 Anna Thorn,61,61,35,0,0,13,296.28802,5.809562077856079,129.58430000000004,3.702529606587429,32,2,26,10,3,5,1
LA,50 Lilet Brooks,32,27,31,4,5,10,113.97292,5.180281942300001,525.7545200000001,16.959717296256777,36,3,1,5,5,2,2
ATL,51 Lilli Popovich,2,0,2,3,2,1,0,NA,61.64690000000002,30.825710751000003,9,16,0,0,1,0,0
MKE,52 Erynn Schroeder,52,48,43,1,4,13,343.77856,10.743110927721876,419.42866,9.75424467415256,31,2,9,12,1,3,1
MINN,53 Emma Piorier,19,16,19,1,3,1,95.22176000000002,5.951177110550001,247.59408000000002,13.031422301852633,14,1,0,0,1,0,1
MINN,55 Courtney Walbe,5,5,2,0,0,2,30.67576,15.338751918000003,4.51822,2.2600627098999997,5,7,3,2,0,0,0
MKE,55 Grace Feehan,3,3,3,0,0,0,0.12034000000000056,0.0397749955999999,37.83052000000001,12.608828989666668,10,2,0,0,0,0,1
NASH,56 Kate Blankenship,8,8,7,0,0,2,9.725660000000001,1.6204648541999997,-16.639740000000003,-2.377280066628572,3,12,1,2,0,0,0
INDY,57 Ellie Jose,20,18,16,1,2,3,104.09410000000001,6.93951401216,49.43786000000001,3.0896711870650004,10,15,4,3,0,0,1
ATL,57 Ximena Montana,29,26,27,1,3,3,35.937900000000006,1.6335734207818184,317.52256000000006,11.75998736254,5,10,2,3,0,0,0
RAL,59 Audrey Lyman,160,157,109,0,3,10,903.5783600000001,6.3632673415864796,309.01124000000004,2.8348829002603675,45,7,51,9,1,8,12
NASH,61 Madison Oakman,27,26,15,2,1,7,76.82068000000001,3.8405852247900003,36.02542,2.402200471002667,15,17,12,6,1,0,0
DC,66 Jackie Wang,45,41,33,2,4,5,518.46848,14.402209840131668,170.21546,5.157827693412122,14,31,12,4,1,6,4
NY,66 Janine Hlavaty,33,29,33,4,4,6,61.078019999999995,2.54529308661,363.19706,11.175944125281251,39,4,0,5,1,0,3
PHL,66 Jess Brand,6,3,6,0,3,0,2.88816,0.9644502703999999,146.30062,24.384965568133335,9,10,0,0,0,0,2
INDY,66 Rachel Graber,11,11,9,1,0,1,26.21224,2.6209730856300006,20.523440000000004,2.280007296266667,1,14,2,1,0,1,1
ATX,69 Jaime Estes,23,21,23,1,2,1,26.190360000000005,1.2474497094333332,284.987,12.390740628739131,18,2,0,0,1,1,2
ATX,70 Kas Gonzalez,5,5,5,1,0,1,1.9035600000000001,0.6339830283333339,35.91602,7.183527495800001,1,3,0,1,0,0,0
NASH,71 Mattea Swegles,1,1,1,0,0,1,0,NA,7.242280000000001,7.246027497,5,4,0,1,0,0,0
MKE,72 Jacqueline Jarik,15,15,14,1,0,5,151.9019,16.878065408111112,162.99506000000002,11.64285428757143,16,1,1,5,0,2,0
PHL,73 Chelsea Semper,33,31,29,1,2,3,121.5981,4.503666742877778,133.70868000000002,4.611027449501379,7,21,4,2,1,2,1
ATX,73 Clara Stewart,57,57,46,1,1,4,169.07770000000002,3.1901787531232078,-130.22976000000003,-2.831188586661957,9,2,11,4,0,0,0
NY,74 Sam Harris,26,24,25,5,2,1,106.34774,4.623432481930435,270.0539,10.80199123274752,2,36,1,1,0,1,2
ATL,75 Sarah Kingsley-Hart,12,11,11,2,1,1,6.9687799999999935,0.6332217173799999,107.36516,9.76102566838182,21,6,1,0,1,1,0
MINN,77 Anik Regan,2,1,2,0,1,0,5.48094,5.483421739000001,25.643360000000005,12.819345841600002,5,4,0,0,0,0,0
LA,77 Greta Becker,0,0,0,0,0,0,0,NA,0,NA,1,9,0,0,0,0,0
INDY,77 Katrina McGuire,64,53,61,1,11,8,270.95098,5.765068899685533,672.0442,11.016924141014755,34,18,3,5,3,5,3
ATX,77 Kerry Younts,2,2,2,0,0,0,13.456200000000003,6.7299844150000006,40.01852,20.007074188,2,6,0,0,0,0,0
DC,77 Marika Koppinen,6,4,6,0,2,3,-15.33788,-5.1129155556,132.34118,22.05717858766667,2,7,0,1,2,0,1
NASH,80 Kelsea LeBeau,13,13,10,0,0,2,14.397039999999997,1.309167567930909,32.51368,3.2519337621,7,1,3,2,0,0,1
DC,81 Sumi Onoe,20,17,20,0,3,2,80.33242000000001,5.354977969008001,173.54122,8.67714082918,8,16,0,2,0,1,1
MKE,82 Claire Yeager Schmitt,53,52,40,2,1,9,518.1184000000001,12.049197592309303,170.14982000000003,4.253989356429,31,2,13,7,2,4,3
INDY,82 Riley Dickson,11,11,10,2,0,2,44.777420000000006,4.47710766598,136.08266,13.6085383513,14,17,1,1,1,1,0
ATX,82 Sarah Downing,9,9,8,0,0,5,2.5818399999999992,0.5158725274000003,61.439040000000006,7.6796305543250005,2,9,1,4,1,0,0
MKE,87 Austin Prucha,14,10,14,0,4,2,57.872600000000006,6.430370221711112,181.73528000000002,12.981015040802859,18,2,0,1,1,1,5
MKE,88 Claire Kelley,1,1,1,0,0,0,-8.46756,-8.472179962,28.400240000000004,28.399703940000006,9,1,0,0,0,0,1
RAL,88 Maddie Pletzke,33,25,30,1,8,6,55.47674,2.412142425330435,386.47738000000004,12.882601661873334,36,11,3,2,4,1,2
ATX,88 Madelyn Easton,12,11,11,1,1,1,48.9565,5.439390244666668,119.33352000000001,10.848368996636363,4,9,1,1,0,0,0
NY,88 Nikki Hair,13,10,13,0,3,2,3.413279999999999,0.3789610651555557,145.0097,11.154861179230771,3,42,0,1,1,0,0
LA,89 Lexy Roy,16,13,15,0,3,1,18.893380000000004,1.574630661196667,294.25318000000004,19.616810583400003,10,21,1,1,0,1,4
INDY,91 Samantha Phillips,11,10,9,0,1,2,13.43432,1.4923692937111115,34.41724,3.8241957597777785,3,9,2,1,1,1,1
NASH,91 Savannah Sillivant,21,20,21,1,1,7,124.34404,7.7711901903500005,130.72206,6.224890837255239,14,1,0,4,3,0,0
LA,93 Naomi Guzman,51,50,28,3,1,4,298.55260000000004,6.785226001689091,80.47464000000001,2.874032734539286,8,18,23,4,0,2,2
NASH,96 Natalie Wilson,15,14,14,5,1,1,30.4679,2.3439580850892305,133.86184000000003,9.561297619728572,9,6,1,1,0,0,1
MKE,97 Eileen Bequette,2,2,2,0,0,1,-4.05874,-2.0285527820000007,27.087440000000004,13.543559182000001,3,9,0,0,1,0,0
NY,99 Chelsea Leeder,8,7,8,0,1,0,1.3456200000000003,0.1914143668571431,91.10832,11.389109071450001,1,26,0,0,0,0,0
PHL,99 Veronica Kolegue-Spalaris,9,9,9,2,0,0,5.316840000000001,0.5908356197111112,46.13398000000001,5.126360506848889,5,6,0,0,0,1,1
