team,goals,break_goals,defensive_blocks,holds,clean_holds,pass_attempts,turnovers,completed_passess,completion_rate,hucks
ATL,19,6,34,13,5,456,62,394,0.8640350877192983,14
ATX,22,6,16,16,5,589,69,520,0.8828522920203735,10
DC,19,10,9,9,3,398,20,378,0.949748743718593,7
INDY,25,6,22,19,8,402,61,341,0.8482587064676617,18
LA,23,10,26,13,7,411,63,348,0.8467153284671532,12
NASH,5,2,12,3,2,211,33,178,0.8436018957345972,5
NY,13,4,7,9,6,286,24,262,0.916083916083916,0
PHL,23,8,19,15,6,432,50,382,0.8842592592592593,5
RAL,12,4,11,8,2,177,37,140,0.7909604519774012,6
