Created,Point,Possession,Thrower,Receiver,Turnover?,Thrower error?,Receiver error?,Throw to endzone?,Assist?,Secondary assist?,Huck?,Swing?,Dump?,From sideline?,To sideline?,Distance (m),Forward distance (m),Left-to-right distance (m),Start X (0 -> 1 = left sideline -> right sideline),Start Y (0 -> 1 = back of opponent endzone -> back of own endzone),End X (0 -> 1 = left sideline -> right sideline),End Y (0 -> 1 = back of opponent endzone -> back of own endzone)
2024-04-10 01:21:54,1,1,31 María Vargas,26 Morgan Lally,1,1,0,0,0,0,0,1,0,0,0,19.516066,7.01396,-18.212116,0.2634855,0.83558697,0.63692945,0.77166563
2024-04-10 01:22:36,1,2,18 Naomi Anderson,10 Mia Griner,0,0,0,0,0,0,0,0,1,0,0,4.0830474,-3.50698,-2.0910206,0.16113417,0.7556853,0.20401107,0.787646
2024-04-10 01:22:58,1,2,10 Mia Griner,31 María Vargas,0,0,0,0,0,0,0,0,0,0,0,14.239877,14.095363,2.0235684,0.20401107,0.787646,0.1625173,0.6591887
2024-04-10 01:23:14,1,2,31 María Vargas,18 Naomi Anderson,0,0,0,0,0,0,0,1,0,0,0,16.423,-2.7651203,-16.188547,0.1625173,0.6591887,0.4944675,0.68438846
2024-04-10 01:23:28,1,2,18 Naomi Anderson,26 Morgan Lally,1,1,0,0,0,0,0,0,0,0,0,19.39609,12.409313,-14.906954,0.4944675,0.68438846,0.8001383,0.5712969
2024-04-10 01:30:54,2,1,29 Charlotte Doran,13 Hannah Abraham,0,0,0,0,0,0,0,0,1,1,1,8.525007,-7.351171,-4.3169465,0.060165975,0.70221263,0.14868604,0.7692071
2024-04-10 01:31:05,2,1,13 Hannah Abraham,20 Soju Hokari,0,0,0,0,0,0,0,0,1,1,0,11.723667,-1.6860497,-11.601793,0.14868604,0.7692071,0.3865837,0.78457284
2024-04-10 01:31:10,2,1,20 Soju Hokari,75 Sarah Kingsley-Hart,0,0,0,0,0,0,0,0,0,0,0,8.398944,8.227918,-1.686307,0.3865837,0.78457284,0.42116183,0.70958817
2024-04-10 01:31:17,2,1,75 Sarah Kingsley-Hart,20 Soju Hokari,0,0,0,0,0,0,0,0,1,0,0,9.44737,-6.8790793,6.475419,0.42116183,0.70958817,0.28838176,0.7722803
2024-04-10 01:31:19,2,1,20 Soju Hokari,05 Megan Jarriel,0,0,0,0,0,0,0,0,0,0,0,10.180371,8.6325655,-5.3961825,0.28838176,0.7722803,0.39903182,0.69360787
2024-04-10 01:31:22,2,1,05 Megan Jarriel,20 Soju Hokari,0,0,0,0,0,0,0,0,0,0,0,12.058024,2.7651203,11.736697,0.39903182,0.69360787,0.15836792,0.6684081
2024-04-10 01:31:26,2,1,20 Soju Hokari,05 Megan Jarriel,0,0,0,0,0,0,0,0,1,0,0,12.7391205,-2.5627964,-12.478672,0.15836792,0.6684081,0.4142462,0.691764
2024-04-10 01:31:28,2,1,05 Megan Jarriel,20 Soju Hokari,0,0,0,0,0,0,0,0,0,0,0,11.264531,0.0,11.264531,0.4142462,0.691764,0.18326418,0.691764
2024-04-10 01:31:31,2,1,20 Soju Hokari,05 Megan Jarriel,0,0,0,0,0,0,0,0,1,0,0,8.506489,-3.7767475,-7.6221085,0.18326418,0.691764,0.3395574,0.7261832
2024-04-10 01:31:33,2,1,05 Megan Jarriel,03 Alex Krueger,0,0,0,0,0,0,0,0,0,0,1,14.199411,8.902333,11.062176,0.3395574,0.7261832,0.11272476,0.64505225
2024-04-10 01:31:39,2,1,03 Alex Krueger,08 Dani Ortiz,0,0,0,0,0,0,0,0,0,1,0,8.027956,0.13488711,-8.026823,0.11272476,0.64505225,0.27731675,0.64382297
2024-04-10 01:31:48,2,1,08 Dani Ortiz,03 Alex Krueger,0,0,0,0,0,0,0,0,0,0,0,20.476498,16.388382,-12.276315,0.27731675,0.64382297,0.52904564,0.49446836
2024-04-10 01:32:10,2,1,03 Alex Krueger,75 Sarah Kingsley-Hart,1,1,0,1,0,0,1,0,0,0,0,44.51167,44.51167,0.0,0.52904564,0.49446836,0.52904564,0.08881377
2024-04-10 01:34:17,3,1,18 Naomi Anderson,31 María Vargas,0,0,0,0,0,0,0,0,0,1,0,9.381929,0.33721125,9.375867,0.99654216,0.6573448,0.8042877,0.65427166
2024-04-10 01:34:23,3,1,31 María Vargas,72 Annalise Paul,0,0,0,0,0,0,0,1,0,0,0,16.933704,2.1581414,16.795618,0.8042877,0.65427166,0.45988935,0.63460356
2024-04-10 01:34:29,3,1,72 Annalise Paul,10 Mia Griner,0,0,0,0,0,0,0,0,0,0,0,12.094104,11.532567,-3.6424232,0.45988935,0.63460356,0.53457814,0.52950215
2024-04-10 01:34:40,3,1,10 Mia Griner,31 María Vargas,0,0,0,0,0,0,0,0,1,0,0,6.0660634,-4.518607,-4.047137,0.53457814,0.52950215,0.6175657,0.5706822
2024-04-10 01:34:43,3,1,31 María Vargas,18 Naomi Anderson,0,0,0,0,0,0,0,0,0,0,1,11.603557,0.20232412,-11.601792,0.6175657,0.5706822,0.8554633,0.56883836
2024-04-10 01:34:54,3,1,18 Naomi Anderson,31 María Vargas,0,0,0,0,0,0,0,0,1,1,0,11.885741,-10.9930315,4.519303,0.8554633,0.56883836,0.7627939,0.66902274
2024-04-10 01:34:57,3,1,31 María Vargas,18 Naomi Anderson,0,0,0,0,0,0,0,0,0,0,1,8.494662,1.483719,-8.364082,0.7627939,0.66902274,0.9343015,0.65550095
2024-04-10 01:35:03,3,1,18 Naomi Anderson,10 Mia Griner,0,0,0,0,0,0,0,0,0,1,1,9.444037,9.441869,-0.20235685,0.9343015,0.65550095,0.9384509,0.569453
2024-04-10 01:35:11,3,1,10 Mia Griner,31 María Vargas,0,0,0,0,0,0,0,0,0,1,1,15.57967,15.579085,-0.13490456,0.9384509,0.569453,0.9412171,0.42747387
2024-04-10 01:36:25,3,1,31 María Vargas,55 Trystan Grzyll,0,0,0,0,0,0,0,0,0,1,1,19.649134,19.558155,1.8886639,0.9412171,0.42747387,0.9024896,0.24923171
2024-04-10 01:36:34,3,1,55 Trystan Grzyll,26 Morgan Lally,0,0,0,0,0,1,0,0,0,1,1,6.7472253,6.74419,0.20235685,0.9024896,0.24923171,0.8983402,0.1877689
2024-04-10 01:36:56,3,1,26 Morgan Lally,18 Naomi Anderson,0,0,0,1,1,0,0,0,0,1,1,4.1755834,3.574422,-2.158473,0.8983402,0.1877689,0.94260025,0.15519361
2024-04-10 01:40:26,4,1,10 Mia Griner,12 Emma Jaschke,0,0,0,0,0,0,0,0,0,0,1,12.841358,9.913964,8.161727,0.25242049,0.5104487,0.08506224,0.42009833
2024-04-10 01:40:39,4,1,12 Emma Jaschke,31 María Vargas,0,0,0,0,0,0,0,0,1,1,0,9.032906,-8.295358,-3.5749712,0.08506224,0.42009833,0.15836792,0.49569762
2024-04-10 01:40:49,4,1,31 María Vargas,44 Jordan Harn,1,0,1,0,0,0,0,0,0,0,0,18.822168,16.927923,-8.229179,0.15836792,0.49569762,0.32710928,0.34142593
2024-04-10 01:41:14,4,2,31 María Vargas,27 Therese Doebler,0,0,0,0,0,0,0,0,0,1,0,24.948433,23.94188,7.015037,0.984094,0.6745544,0.84024894,0.4563614
2024-04-10 01:41:25,4,2,27 Therese Doebler,10 Mia Griner,1,1,0,0,0,0,0,0,0,0,1,17.425793,17.265131,-2.3608298,0.84024894,0.4563614,0.88865834,0.2990166
2024-04-10 01:42:27,4,3,10 Mia Griner,26 Morgan Lally,0,0,0,0,0,0,0,1,0,0,1,22.172096,4.113959,21.787088,0.5428769,0.8318992,0.09612725,0.7944069
2024-04-10 01:42:33,4,3,26 Morgan Lally,31 María Vargas,0,0,0,0,0,0,0,0,0,1,0,14.312539,4.5860505,-13.55791,0.09612725,0.7944069,0.37413555,0.7526122
2024-04-10 01:42:39,4,3,31 María Vargas,44 Jordan Harn,0,0,0,0,0,0,0,0,1,0,0,8.8911705,-5.462797,7.015038,0.37413555,0.7526122,0.23029046,0.8023971
2024-04-10 01:42:44,4,3,44 Jordan Harn,26 Morgan Lally,0,0,0,0,0,0,0,0,0,0,1,13.117215,10.72327,7.5546556,0.23029046,0.8023971,0.07538036,0.70467114
2024-04-10 01:42:51,4,3,26 Morgan Lally,72 Annalise Paul,0,0,0,0,0,0,0,0,0,1,0,7.987891,-0.6744225,-7.959369,0.07538036,0.70467114,0.23858921,0.71081746
2024-04-10 01:42:58,4,3,72 Annalise Paul,44 Jordan Harn,0,0,0,0,0,0,0,0,1,0,1,8.479016,-7.216284,4.4518504,0.23858921,0.71081746,0.14730291,0.77658266
2024-04-10 01:43:26,4,3,44 Jordan Harn,31 María Vargas,0,0,0,0,0,0,0,0,0,1,0,15.581425,8.025587,-13.355552,0.14730291,0.77658266,0.42116183,0.7034419
2024-04-10 01:43:30,4,3,31 María Vargas,12 Emma Jaschke,0,0,0,0,0,0,0,0,0,0,0,12.940173,4.990699,-11.939054,0.42116183,0.7034419,0.6659751,0.65795946
2024-04-10 01:43:41,4,3,12 Emma Jaschke,27 Therese Doebler,1,1,0,0,0,0,0,0,0,0,0,14.175251,0.53953534,14.164979,0.6659751,0.65795946,0.37551868,0.65304244
2024-04-10 01:46:57,5,1,29 Charlotte Doran,20 Soju Hokari,0,0,0,0,0,0,0,0,0,0,0,12.759777,11.330243,-5.8683486,0.51798064,0.74523664,0.6383126,0.6419791
2024-04-10 01:47:06,5,1,20 Soju Hokari,29 Charlotte Doran,0,0,0,0,0,0,0,0,0,0,0,8.235848,3.5744236,7.4197507,0.6383126,0.6419791,0.48616874,0.6094038
2024-04-10 01:47:09,5,1,29 Charlotte Doran,20 Soju Hokari,0,0,0,0,0,0,0,0,0,0,0,7.7190785,0.67441595,-7.68956,0.48616874,0.6094038,0.6438451,0.60325754
2024-04-10 01:47:15,5,1,20 Soju Hokari,29 Charlotte Doran,0,0,0,0,0,0,0,0,0,0,0,7.814265,0.94419014,7.7570124,0.6438451,0.60325754,0.48478562,0.5946527
2024-04-10 01:47:20,5,1,29 Charlotte Doran,20 Soju Hokari,1,0,1,0,0,0,0,0,1,0,0,8.534629,-2.9000075,-8.026821,0.48478562,0.5946527,0.6493776,0.62108177
2024-04-10 01:48:51,5,2,29 Charlotte Doran,20 Soju Hokari,0,0,0,0,0,0,0,0,0,0,0,12.253172,5.125586,-11.129626,0.49861687,0.67393976,0.7268326,0.627228
2024-04-10 01:49:04,5,2,20 Soju Hokari,05 Megan Jarriel,0,0,0,0,0,0,0,0,0,0,0,12.757941,12.746525,0.53961825,0.7268326,0.627228,0.7157676,0.5110633
2024-04-10 01:49:52,5,2,05 Megan Jarriel,45 Jennifer Lin,0,0,0,0,0,0,0,0,0,0,0,7.616037,7.0139565,-2.9679003,0.7157676,0.5110633,0.77662516,0.44714198
2024-04-10 01:49:54,5,2,45 Jennifer Lin,03 Alex Krueger,0,0,0,0,0,0,0,0,0,0,1,7.0837736,0.13488384,-7.0824895,0.77662516,0.44714198,0.92185336,0.44591272
2024-04-10 01:50:15,5,2,03 Alex Krueger,45 Jennifer Lin,1,1,0,0,0,0,0,0,0,1,1,8.404686,8.025587,-2.4957345,0.92185336,0.44591272,0.973029,0.37277198
2024-04-10 01:51:13,5,3,29 Charlotte Doran,19 Elle Mayer,0,0,0,0,0,1,0,0,0,0,1,24.024168,19.693037,13.760266,0.36445367,0.3647818,0.08229599,0.1853104
2024-04-10 01:51:31,5,3,19 Elle Mayer,45 Jennifer Lin,0,0,0,1,1,0,0,0,0,1,0,14.319094,13.420942,-4.991469,0.08229599,0.1853104,0.1846473,0.06299938
2024-04-10 02:00:33,6,1,13 Hannah Abraham,18 Naomi Anderson,0,0,0,1,1,0,0,0,0,0,0,9.584696,5.237989,8.026821,0.719917,0.16666667,0.55532503,0.11893055
2024-04-10 02:05:20,7,1,29 Charlotte Doran,13 Hannah Abraham,0,0,0,0,0,0,0,0,0,0,0,12.749053,3.4395428,-12.276315,0.20677732,0.74093425,0.45850623,0.70958817
2024-04-10 02:05:23,7,1,13 Hannah Abraham,29 Charlotte Doran,0,0,0,0,0,0,0,0,0,0,0,4.519543,2.7651138,3.574971,0.45850623,0.70958817,0.38520056,0.68438846
2024-04-10 02:05:24,7,1,29 Charlotte Doran,13 Hannah Abraham,0,0,0,0,0,0,0,0,0,0,0,5.951407,1.8209302,-5.6659913,0.38520056,0.68438846,0.5013831,0.6677935
2024-04-10 02:05:27,7,1,13 Hannah Abraham,29 Charlotte Doran,0,0,0,0,0,0,0,0,0,0,0,7.194525,7.148847,-0.8094274,0.5013831,0.6677935,0.51798064,0.6026429
2024-04-10 02:05:28,7,1,29 Charlotte Doran,13 Hannah Abraham,0,0,0,0,0,0,0,1,0,0,0,16.712746,-5.8674455,-15.648929,0.51798064,0.6026429,0.8388658,0.65611553
2024-04-10 02:05:38,7,1,13 Hannah Abraham,29 Charlotte Doran,0,0,0,0,0,0,0,0,0,0,0,7.792406,0.7418595,7.7570124,0.8388658,0.65611553,0.67980635,0.64935464
2024-04-10 02:05:44,7,1,29 Charlotte Doran,45 Jennifer Lin,0,0,0,0,0,0,0,1,0,0,0,16.914669,5.32791,16.053642,0.67980635,0.64935464,0.35062242,0.600799
2024-04-10 02:05:50,7,1,45 Jennifer Lin,08 Dani Ortiz,0,0,0,0,0,0,0,0,0,0,0,10.648397,7.148847,-7.8919168,0.35062242,0.600799,0.51244813,0.5356484
2024-04-10 02:05:56,7,1,08 Dani Ortiz,05 Megan Jarriel,0,0,0,0,0,0,0,0,0,0,0,11.412359,6.8790727,-9.106058,0.51244813,0.5356484,0.6991701,0.47295636
2024-04-10 02:06:07,7,1,05 Megan Jarriel,29 Charlotte Doran,0,0,0,0,0,0,0,0,1,0,0,7.5719438,-7.216284,-2.2933776,0.6991701,0.47295636,0.7461964,0.53872156
2024-04-10 02:06:09,7,1,29 Charlotte Doran,08 Dani Ortiz,1,1,0,0,0,0,0,0,0,0,0,12.975275,12.004659,4.9240165,0.7461964,0.53872156,0.6452282,0.42931777
2024-04-10 02:07:04,7,2,20 Soju Hokari,29 Charlotte Doran,0,0,0,0,0,0,0,0,0,0,1,5.0876102,-0.53953534,-5.058921,0.8056708,0.59280884,0.90940523,0.59772587
2024-04-10 02:07:12,7,2,29 Charlotte Doran,05 Megan Jarriel,0,0,0,0,0,0,0,0,0,1,1,13.827073,13.825592,0.20235685,0.90940523,0.59772587,0.90525585,0.4717271
2024-04-10 02:08:10,7,2,05 Megan Jarriel,45 Jennifer Lin,0,0,0,0,0,0,0,0,0,1,1,4.8563056,4.788375,-0.8094274,0.90525585,0.4717271,0.92185336,0.42808852
2024-04-10 02:08:21,7,2,45 Jennifer Lin,05 Megan Jarriel,0,0,0,0,0,0,0,0,0,1,1,4.3247075,4.3162827,-0.26980913,0.92185336,0.42808852,0.92738587,0.3887523
2024-04-10 02:08:23,7,2,05 Megan Jarriel,19 Elle Mayer,1,1,0,1,0,0,0,0,0,1,1,32.71318,32.64189,-2.158473,0.92738587,0.3887523,0.9716459,0.09127228
2024-04-10 02:08:57,7,3,13 Hannah Abraham,08 Dani Ortiz,0,0,0,0,0,0,0,0,0,1,0,10.123221,3.9790716,-9.308415,0.0186722,0.32667485,0.20954357,0.2904118
2024-04-10 02:09:08,7,3,08 Dani Ortiz,19 Elle Mayer,0,0,0,0,0,0,0,0,1,0,0,13.597273,-10.925591,-8.0942745,0.20954357,0.2904118,0.37551868,0.38998157
2024-04-10 02:09:22,7,3,19 Elle Mayer,20 Soju Hokari,0,0,0,0,0,0,0,1,0,0,0,18.863863,-3.7767475,-18.481924,0.37551868,0.38998157,0.75449514,0.42440075
2024-04-10 02:09:25,7,3,20 Soju Hokari,05 Megan Jarriel,0,0,0,0,0,0,0,0,0,0,1,13.450612,9.374429,-9.645676,0.75449514,0.42440075,0.95228213,0.3389674
2024-04-10 02:09:30,7,3,05 Megan Jarriel,20 Soju Hokari,0,0,0,0,0,0,0,0,1,1,0,10.985971,-9.6441965,5.2612777,0.95228213,0.3389674,0.8443983,0.42685926
2024-04-10 02:09:35,7,3,20 Soju Hokari,08 Dani Ortiz,0,0,0,0,0,0,0,0,0,0,0,9.042896,8.565125,2.900448,0.8443983,0.42685926,0.7849239,0.34880146
2024-04-10 02:09:46,7,3,08 Dani Ortiz,13 Hannah Abraham,0,0,0,0,0,0,0,0,0,0,0,19.476955,10.520936,16.390903,0.7849239,0.34880146,0.44882435,0.2529195
2024-04-10 02:09:52,7,3,13 Hannah Abraham,08 Dani Ortiz,0,0,0,0,0,1,0,0,0,0,0,10.369423,1.5511658,-10.252747,0.44882435,0.2529195,0.65905946,0.23878303
2024-04-10 02:09:59,7,3,08 Dani Ortiz,13 Hannah Abraham,0,0,0,1,1,0,0,0,0,0,0,15.928482,13.75815,-8.026821,0.65905946,0.23878303,0.82365143,0.113398895
2024-04-10 02:13:21,8,1,10 Mia Griner,31 María Vargas,0,0,0,0,0,0,0,0,1,0,0,5.297739,-4.518607,2.7655435,0.6881051,0.5590043,0.63139695,0.6001844
2024-04-10 02:13:25,8,1,31 María Vargas,10 Mia Griner,0,0,0,0,0,0,0,0,0,0,0,6.42046,3.3720927,-5.4636345,0.63139695,0.6001844,0.74343014,0.569453
2024-04-10 02:13:32,8,1,10 Mia Griner,55 Trystan Grzyll,1,1,0,0,0,0,0,0,0,0,0,20.651285,14.500014,14.704597,0.74343014,0.569453,0.44190872,0.43730792
2024-04-10 02:14:22,8,2,31 María Vargas,26 Morgan Lally,0,0,0,0,0,0,0,0,1,0,0,7.280295,-2.900001,6.677776,0.5041494,0.65181315,0.36721992,0.67824215
2024-04-10 02:16:54,8,2,26 Morgan Lally,55 Trystan Grzyll,0,0,0,0,0,0,0,0,0,0,0,7.4435587,1.8209302,-7.217394,0.36721992,0.67824215,0.5152144,0.6616472
2024-04-10 02:17:14,8,2,55 Trystan Grzyll,27 Therese Doebler,1,1,0,0,0,0,0,0,0,0,0,12.013005,4.990699,-10.927269,0.5152144,0.6616472,0.73928076,0.61616474
2024-04-10 02:21:15,9,1,29 Charlotte Doran,13 Hannah Abraham,0,0,0,0,0,0,0,0,0,0,0,15.711806,6.2046566,-14.434788,0.18603043,0.7821143,0.48201936,0.72556853
2024-04-10 02:21:20,9,1,13 Hannah Abraham,29 Charlotte Doran,0,0,0,0,0,0,0,0,0,0,0,8.277024,2.4953527,7.8919168,0.48201936,0.72556853,0.32019365,0.7028273
2024-04-10 02:21:23,9,1,29 Charlotte Doran,13 Hannah Abraham,0,0,0,0,0,0,0,0,0,0,0,9.496985,4.8558183,-8.161726,0.32019365,0.7028273,0.48755187,0.65857404
2024-04-10 02:21:28,9,1,13 Hannah Abraham,05 Megan Jarriel,0,0,0,0,0,0,0,1,0,0,0,15.95085,3.9790716,-15.446572,0.48755187,0.65857404,0.8042877,0.622311
2024-04-10 02:21:41,9,1,05 Megan Jarriel,13 Hannah Abraham,0,0,0,0,0,0,0,0,1,0,0,7.351171,-7.351171,0.0,0.8042877,0.622311,0.8042877,0.6893055
2024-04-10 02:21:47,9,1,13 Hannah Abraham,05 Megan Jarriel,0,0,0,0,0,0,0,0,0,0,1,9.4484625,7.351171,-5.9358006,0.8042877,0.6893055,0.92600274,0.622311
2024-04-10 02:21:51,9,1,05 Megan Jarriel,13 Hannah Abraham,0,0,0,0,0,0,0,0,0,1,0,5.5802083,3.9116282,3.9796846,0.92600274,0.622311,0.8443983,0.5866626
2024-04-10 02:21:55,9,1,13 Hannah Abraham,05 Megan Jarriel,0,0,0,0,0,0,0,0,1,0,1,4.960542,-4.9232554,-0.6070705,0.8443983,0.5866626,0.85684645,0.6315304
2024-04-10 02:22:00,9,1,05 Megan Jarriel,29 Charlotte Doran,0,0,0,0,0,0,0,0,0,1,0,10.23541,1.0116272,10.185294,0.85684645,0.6315304,0.64799446,0.622311
2024-04-10 02:22:04,9,1,29 Charlotte Doran,45 Jennifer Lin,0,0,0,0,0,0,0,0,0,0,0,15.596197,6.8116355,14.030074,0.64799446,0.622311,0.3603043,0.56023353
2024-04-10 02:22:10,9,1,45 Jennifer Lin,03 Alex Krueger,0,0,0,0,0,0,0,0,0,0,0,10.578738,8.093027,-6.8126802,0.3603043,0.56023353,0.5,0.48647818
2024-04-10 02:22:17,9,1,03 Alex Krueger,08 Dani Ortiz,0,0,0,0,0,0,0,0,0,0,0,11.702611,9.104658,7.3522987,0.5,0.48647818,0.3492393,0.4035034
2024-04-10 02:22:25,9,1,08 Dani Ortiz,03 Alex Krueger,0,0,0,0,0,0,0,0,0,0,0,9.391378,0.53953534,-9.375867,0.3492393,0.4035034,0.5414938,0.39858636
2024-04-10 02:22:31,9,1,03 Alex Krueger,75 Sarah Kingsley-Hart,0,0,0,0,0,0,0,0,0,0,0,6.478518,1.6186061,-6.273062,0.5414938,0.39858636,0.6701245,0.3838353
2024-04-10 02:22:32,9,1,75 Sarah Kingsley-Hart,03 Alex Krueger,0,0,0,0,0,0,0,0,0,0,0,5.675593,3.979075,4.047137,0.6701245,0.3838353,0.5871369,0.3475722
2024-04-10 02:22:52,9,1,03 Alex Krueger,75 Sarah Kingsley-Hart,0,0,0,0,0,0,0,0,0,0,0,6.578514,1.75349,-6.340514,0.5871369,0.3475722,0.71715075,0.33159187
2024-04-10 02:22:53,9,1,75 Sarah Kingsley-Hart,03 Alex Krueger,0,0,0,0,0,0,0,0,0,0,0,6.192484,3.372096,5.1938257,0.71715075,0.33159187,0.61065006,0.30086046
2024-04-10 02:23:01,9,1,03 Alex Krueger,08 Dani Ortiz,0,0,0,0,0,0,0,0,0,0,0,8.817874,2.090698,-8.56644,0.61065006,0.30086046,0.78630704,0.281807
2024-04-10 02:23:08,9,1,08 Dani Ortiz,03 Alex Krueger,0,0,0,0,0,0,0,0,1,0,0,7.3998923,-4.990702,5.4636345,0.78630704,0.281807,0.67427385,0.3272895
2024-04-10 02:23:15,9,1,03 Alex Krueger,29 Charlotte Doran,0,0,0,0,0,0,0,0,0,0,0,8.585018,5.395354,-6.677776,0.67427385,0.3272895,0.8112033,0.27811924
2024-04-10 02:23:24,9,1,29 Charlotte Doran,08 Dani Ortiz,0,0,0,0,0,1,0,0,0,0,1,8.040101,4.0465155,-6.947585,0.8112033,0.27811924,0.95366526,0.24124154
2024-04-10 02:23:32,9,1,08 Dani Ortiz,03 Alex Krueger,0,0,0,1,1,0,0,0,0,1,1,18.385181,18.00699,3.7098753,0.95366526,0.24124154,0.87759334,0.07713583
2024-04-10 02:28:30,11,1,13 Hannah Abraham,29 Charlotte Doran,0,0,0,0,0,0,0,0,0,0,0,8.296629,3.8441846,-7.3522987,0.44467497,0.74400735,0.5954357,0.7089736
2024-04-10 02:28:34,11,1,29 Charlotte Doran,13 Hannah Abraham,0,0,0,0,0,0,0,0,0,0,0,7.006101,2.8325639,6.4079666,0.5954357,0.7089736,0.46403873,0.6831592
2024-04-10 02:28:43,11,1,13 Hannah Abraham,29 Charlotte Doran,0,0,0,0,0,0,0,0,0,0,0,7.440404,2.8325574,-6.8801327,0.46403873,0.6831592,0.60511756,0.6573448
2024-04-10 02:28:44,11,1,29 Charlotte Doran,13 Hannah Abraham,0,0,0,0,0,0,0,0,0,0,0,6.1078234,3.1023316,5.2612777,0.60511756,0.6573448,0.49723375,0.6290719
2024-04-10 02:28:52,11,1,13 Hannah Abraham,08 Dani Ortiz,0,0,0,0,0,0,0,0,0,0,0,11.029321,8.160467,-7.4197507,0.49723375,0.6290719,0.6493776,0.5547019
2024-04-10 02:28:59,11,1,08 Dani Ortiz,05 Megan Jarriel,0,0,0,0,0,0,0,0,0,0,0,13.134989,8.767449,-9.7805805,0.6493776,0.5547019,0.8499308,0.47480026
2024-04-10 02:29:04,11,1,05 Megan Jarriel,03 Alex Krueger,0,0,0,0,0,0,0,0,0,0,1,6.1774254,3.2372122,-5.2612777,0.8499308,0.47480026,0.95781463,0.4452981
2024-04-10 02:29:13,11,1,03 Alex Krueger,19 Elle Mayer,1,1,0,0,0,0,0,0,0,1,0,32.033585,28.797699,14.030074,0.95781463,0.4452981,0.6701245,0.18285188
2024-04-10 02:33:45,12,1,18 Naomi Anderson,31 María Vargas,0,0,0,0,0,0,0,0,0,1,0,11.482942,-0.6069789,-11.466888,0.1307054,0.7052858,0.3658368,0.71081746
2024-04-10 02:33:51,12,1,31 María Vargas,10 Mia Griner,0,0,0,0,0,0,0,0,0,0,0,10.925821,10.8581505,-1.214141,0.3658368,0.71081746,0.39073306,0.6118623
2024-04-10 02:33:58,12,1,10 Mia Griner,72 Annalise Paul,0,0,0,0,0,0,0,0,0,0,0,9.702035,2.2255785,-9.443319,0.39073306,0.6118623,0.5843707,0.5915796
2024-04-10 02:34:01,12,1,72 Annalise Paul,27 Therese Doebler,0,0,0,0,0,0,0,0,0,0,0,12.944537,10.790708,-7.149942,0.5843707,0.5915796,0.730982,0.4932391
2024-04-10 02:34:09,12,1,27 Therese Doebler,10 Mia Griner,0,0,0,0,0,0,0,0,0,0,0,11.649135,5.5302377,10.252747,0.730982,0.4932391,0.5207469,0.4428396
2024-04-10 02:34:10,12,1,10 Mia Griner,44 Jordan Harn,0,0,0,0,0,0,0,0,0,0,0,10.113305,1.6186061,9.982938,0.5207469,0.4428396,0.31604427,0.42808852
2024-04-10 02:34:25,12,1,44 Jordan Harn,12 Emma Jaschke,1,1,0,1,0,0,0,0,0,0,0,31.690687,31.630259,1.9561161,0.31604427,0.42808852,0.27593362,0.1398279
2024-04-10 02:35:52,12,2,31 María Vargas,18 Naomi Anderson,0,0,0,1,1,0,0,0,0,0,0,4.5266566,4.5186086,0.26980913,0.47095436,0.1767056,0.46542186,0.13552551
2024-04-10 02:45:36,13,1,10 Mia Griner,31 María Vargas,1,1,0,0,0,0,0,0,0,1,0,15.08437,11.869778,9.308414,0.86791146,0.65181315,0.6770401,0.5436386
2024-04-10 02:45:58,13,2,31 María Vargas,10 Mia Griner,0,0,0,0,0,0,0,0,0,0,0,12.096338,4.0465155,11.399435,0.5069156,0.67824215,0.27316737,0.64136446
2024-04-10 02:45:59,13,2,10 Mia Griner,31 María Vargas,0,0,0,0,0,0,0,0,1,0,0,7.3422165,-2.9000075,-6.745228,0.27316737,0.64136446,0.41147995,0.6677935
2024-04-10 02:46:00,13,2,31 María Vargas,44 Jordan Harn,0,0,0,0,0,0,0,0,0,0,0,14.961805,13.28606,-6.8801327,0.41147995,0.6677935,0.5525588,0.54671174
2024-04-10 02:46:02,13,2,44 Jordan Harn,12 Emma Jaschke,0,0,0,0,0,0,0,1,0,0,1,17.476164,5.058142,-16.728165,0.5525588,0.54671174,0.895574,0.50061464
2024-04-10 02:46:16,13,2,12 Emma Jaschke,31 María Vargas,0,0,0,0,0,0,0,0,1,1,0,11.817378,-7.01396,9.510772,0.895574,0.50061464,0.70055324,0.564536
2024-04-10 02:46:22,13,2,31 María Vargas,26 Morgan Lally,0,0,0,0,0,0,0,0,0,0,0,18.56545,18.006994,-4.519303,0.70055324,0.564536,0.79322267,0.40043023
2024-04-10 02:46:24,13,2,26 Morgan Lally,44 Jordan Harn,0,0,0,0,0,0,0,0,0,0,1,10.741405,8.767449,-6.20561,0.79322267,0.40043023,0.92047024,0.32052857
2024-04-10 02:46:34,13,2,44 Jordan Harn,26 Morgan Lally,0,0,0,0,0,0,0,0,1,1,0,21.949741,-8.969777,20.033327,0.92047024,0.32052857,0.5096819,0.40227413
2024-04-10 02:46:38,13,2,26 Morgan Lally,12 Emma Jaschke,0,0,0,0,0,0,0,1,0,0,1,19.439339,4.3162827,18.954092,0.5096819,0.40227413,0.12102351,0.36293793
2024-04-10 02:46:44,13,2,12 Emma Jaschke,10 Mia Griner,0,0,0,0,0,0,0,0,1,1,0,6.826631,-4.181399,-5.396183,0.12102351,0.36293793,0.23167358,0.40104488
2024-04-10 02:46:46,13,2,10 Mia Griner,12 Emma Jaschke,0,0,0,0,0,0,0,0,0,0,1,6.142353,3.169772,5.261278,0.23167358,0.40104488,0.123789765,0.37215734
2024-04-10 02:46:48,13,2,12 Emma Jaschke,10 Mia Griner,0,0,0,0,0,0,0,0,1,1,0,7.483001,-3.50698,-6.610325,0.123789765,0.37215734,0.2593361,0.404118
2024-04-10 02:46:52,13,2,10 Mia Griner,44 Jordan Harn,1,1,0,0,0,0,0,0,0,0,0,15.500676,15.376755,-1.9561161,0.2593361,0.404118,0.29944676,0.2639828
2024-04-10 02:49:57,13,3,31 María Vargas,12 Emma Jaschke,0,0,0,1,1,0,1,0,0,0,1,62.539528,59.011673,20.70785,0.5636238,0.63214505,0.13900416,0.09434542
2024-04-10 03:02:44,15,1,19 Elle Mayer,,1,1,0,0,0,0,0,0,0,0,1,14.938969,14.904666,1.0117842,0.15283541,0.4907806,0.13208853,0.35494775
2024-04-10 03:03:06,15,2,20 Soju Hokari,29 Charlotte Doran,0,0,0,0,0,0,0,0,0,0,0,8.297728,0.13488711,8.296631,0.33264178,0.8312846,0.1625173,0.8300553
2024-04-10 03:03:17,15,2,29 Charlotte Doran,45 Jennifer Lin,0,0,0,0,0,0,0,0,0,0,1,10.049422,8.83489,4.789112,0.1625173,0.8300553,0.06431536,0.749539
2024-04-10 03:03:21,15,2,45 Jennifer Lin,19 Elle Mayer,0,0,0,0,0,0,0,0,0,1,0,5.598825,2.090698,-5.1938257,0.06431536,0.749539,0.17081605,0.73048556
2024-04-10 03:03:26,15,2,19 Elle Mayer,20 Soju Hokari,0,0,0,0,0,0,0,0,1,0,0,8.479602,-4.4511633,-7.217395,0.17081605,0.73048556,0.31881052,0.771051
2024-04-10 03:03:33,15,2,20 Soju Hokari,29 Charlotte Doran,0,0,0,0,0,0,0,0,0,0,1,19.141665,14.095357,12.950839,0.31881052,0.771051,0.053250346,0.64259374
2024-04-10 03:03:49,15,2,29 Charlotte Doran,08 Dani Ortiz,0,0,0,0,0,0,0,0,1,1,0,7.0878663,-1.9558173,-6.812681,0.053250346,0.64259374,0.19294606,0.660418
2024-04-10 03:03:54,15,2,08 Dani Ortiz,19 Elle Mayer,0,0,0,0,0,0,0,0,0,0,1,6.1381574,0.0,6.1381574,0.19294606,0.660418,0.06708161,0.660418
2024-04-10 03:07:21,15,2,19 Elle Mayer,31 María Vargas,0,0,0,0,0,0,0,0,1,1,1,3.6149197,-3.5744169,-0.53961825,0.06708161,0.660418,0.078146614,0.6929932
2024-04-10 03:07:33,15,2,31 María Vargas,18 Naomi Anderson,0,0,0,0,0,0,0,0,1,1,0,13.400886,-12.409313,-5.0589213,0.078146614,0.6929932,0.18188106,0.8060848
2024-04-10 03:07:38,15,2,18 Naomi Anderson,31 María Vargas,0,0,0,0,0,0,0,0,0,0,0,11.787369,10.183728,-5.9358015,0.18188106,0.8060848,0.30359614,0.71327597
2024-04-10 03:07:46,15,2,31 María Vargas,55 Trystan Grzyll,0,0,0,0,0,0,0,0,0,0,0,14.972255,14.972103,-0.06745228,0.30359614,0.71327597,0.30497926,0.57682854
2024-04-10 03:07:48,15,2,55 Trystan Grzyll,31 María Vargas,0,0,0,0,0,0,0,0,1,0,0,6.612286,-2.090698,-6.273062,0.30497926,0.57682854,0.43360996,0.595882
2024-04-10 03:07:56,15,2,31 María Vargas,44 Jordan Harn,1,1,0,0,0,0,1,0,0,0,0,44.352493,44.309338,1.9561161,0.43360996,0.595882,0.3934993,0.1920713
2024-04-10 03:10:06,16,1,29 Charlotte Doran,13 Hannah Abraham,0,0,0,0,0,0,0,0,0,0,0,7.3918986,3.1697752,-6.677776,0.48478562,0.69483715,0.62171507,0.6659496
2024-04-10 03:10:36,16,1,13 Hannah Abraham,29 Charlotte Doran,0,0,0,0,0,0,0,0,0,0,0,7.103058,3.5744169,6.1381574,0.62171507,0.6659496,0.49585062,0.63337433
2024-04-10 03:10:37,16,1,29 Charlotte Doran,19 Elle Mayer,1,1,0,0,0,0,0,0,0,0,0,12.612366,12.611644,0.13490456,0.49585062,0.63337433,0.49308437,0.5184388
2024-04-10 03:12:38,17,1,10 Mia Griner,44 Jordan Harn,0,0,0,0,0,0,0,0,0,1,0,7.392709,3.9116282,-6.273062,0.097510375,0.5897357,0.22614108,0.5540873
2024-04-10 03:12:40,17,1,44 Jordan Harn,12 Emma Jaschke,0,0,0,0,0,0,0,0,1,0,1,8.65731,-7.6883755,3.9796846,0.22614108,0.5540873,0.14453666,0.62415487
2024-04-10 03:12:46,17,1,12 Emma Jaschke,44 Jordan Harn,0,0,0,0,0,0,0,0,1,1,0,7.108112,-1.1465143,-7.015038,0.14453666,0.62415487,0.28838176,0.63460356
2024-04-10 03:12:51,17,1,44 Jordan Harn,10 Mia Griner,0,0,0,0,0,0,0,0,0,0,0,10.997909,2.9674444,-10.590008,0.28838176,0.63460356,0.5055325,0.6075599
2024-04-10 03:13:07,17,1,10 Mia Griner,27 Therese Doebler,0,0,0,0,0,0,0,0,1,0,0,10.621366,-10.048848,-3.4400663,0.5055325,0.6075599,0.5760719,0.69913954
2024-04-10 03:13:23,17,1,27 Therese Doebler,10 Mia Griner,0,0,0,0,0,0,0,0,0,0,1,19.493633,10.655827,-16.323452,0.5760719,0.69913954,0.91078836,0.60202825
2024-04-10 03:13:26,17,1,10 Mia Griner,55 Trystan Grzyll,1,1,0,0,0,0,1,0,0,1,0,46.455303,41.881428,20.100779,0.91078836,0.60202825,0.49861687,0.22034419
2024-04-10 03:18:15,18,1,13 Hannah Abraham,29 Charlotte Doran,0,0,0,0,0,0,0,0,0,0,0,5.355206,3.50698,-4.0471377,0.18326418,0.7261832,0.26625174,0.6942225
2024-04-10 03:18:17,18,1,29 Charlotte Doran,13 Hannah Abraham,0,0,0,0,0,0,0,0,0,0,0,5.1649413,3.3720994,3.9122329,0.26625174,0.6942225,0.18603043,0.6634911
2024-04-10 03:18:18,18,1,13 Hannah Abraham,05 Megan Jarriel,0,0,0,0,0,0,0,0,0,0,0,9.524605,9.509306,-0.53961825,0.18603043,0.6634911,0.19709544,0.57682854
2024-04-10 03:18:29,18,1,05 Megan Jarriel,13 Hannah Abraham,0,0,0,0,0,0,0,0,1,0,0,4.283687,-3.5744169,-2.3608298,0.19709544,0.57682854,0.24550484,0.6094038
2024-04-10 03:18:37,18,1,13 Hannah Abraham,05 Megan Jarriel,0,0,0,0,0,0,0,0,0,0,1,11.399378,7.958143,8.161726,0.24550484,0.6094038,0.078146614,0.5368777
2024-04-10 03:18:41,18,1,05 Megan Jarriel,03 Alex Krueger,0,0,0,0,0,0,0,0,0,1,1,8.816671,8.565123,2.0910208,0.078146614,0.5368777,0.03526971,0.45881993
2024-04-10 03:18:43,18,1,03 Alex Krueger,75 Sarah Kingsley-Hart,0,0,0,0,0,0,0,0,0,1,1,4.7967043,0.26976767,-4.7891126,0.03526971,0.45881993,0.13347165,0.4563614
2024-04-10 03:18:45,18,1,75 Sarah Kingsley-Hart,08 Dani Ortiz,0,0,0,0,0,0,0,0,0,1,0,12.078822,4.181399,-11.331984,0.13347165,0.4563614,0.3658368,0.41825446
2024-04-10 03:18:56,18,1,08 Dani Ortiz,20 Soju Hokari,0,0,0,0,0,1,0,0,0,0,0,25.827518,14.972106,-21.04511,0.3658368,0.41825446,0.79737204,0.281807
2024-04-10 03:18:58,18,1,20 Soju Hokari,75 Sarah Kingsley-Hart,0,0,0,1,1,0,0,0,0,0,0,21.488916,21.44653,-1.3490456,0.79737204,0.281807,0.82503456,0.086355254
2024-04-10 03:20:30,19,1,10 Mia Griner,18 Naomi Anderson,0,0,0,0,0,0,0,0,0,1,1,16.209797,16.186062,-0.87687963,0.88450897,0.569453,0.9024896,0.42194223
2024-04-10 03:20:35,19,1,18 Naomi Anderson,26 Morgan Lally,0,0,0,0,0,0,0,0,0,1,0,10.407368,6.5418677,8.094274,0.9024896,0.42194223,0.7365145,0.36232328
2024-04-10 03:20:40,19,1,26 Morgan Lally,10 Mia Griner,0,0,0,0,0,0,0,0,0,0,0,7.36182,1.75349,7.149942,0.7365145,0.36232328,0.5899032,0.34634295
2024-04-10 03:20:55,19,1,10 Mia Griner,27 Therese Doebler,0,0,0,0,0,0,0,0,0,0,1,14.657091,2.900001,-14.367335,0.5899032,0.34634295,0.88450897,0.31991395
2024-04-10 03:21:15,19,1,27 Therese Doebler,10 Mia Griner,0,0,0,0,0,0,0,0,1,1,1,7.6504526,-7.553495,-1.214141,0.88450897,0.31991395,0.90940523,0.3887523
2024-04-10 03:21:25,19,1,10 Mia Griner,72 Annalise Paul,0,0,0,0,0,0,0,0,0,1,0,12.953481,12.139545,4.519303,0.90940523,0.3887523,0.8167358,0.27811924
2024-04-10 03:21:30,19,1,72 Annalise Paul,10 Mia Griner,0,0,0,0,0,1,0,0,0,0,1,5.437971,2.697677,-4.7216597,0.8167358,0.27811924,0.9135546,0.2535341
2024-04-10 03:21:36,19,1,10 Mia Griner,18 Naomi Anderson,0,0,0,1,1,0,0,0,0,1,1,13.200097,12.948847,-2.5631866,0.9135546,0.2535341,0.9661134,0.13552551
2024-04-10 03:24:58,21,1,20 Soju Hokari,13 Hannah Abraham,0,0,0,0,0,0,0,0,0,0,0,10.457062,0.20233066,10.455104,0.8056708,0.6825446,0.5912863,0.68070066
2024-04-10 03:25:03,21,1,13 Hannah Abraham,20 Soju Hokari,0,0,0,0,0,0,0,0,0,0,0,14.501238,10.453496,-10.050389,0.5912863,0.68070066,0.79737204,0.5854333
2024-04-10 03:25:07,21,1,20 Soju Hokari,45 Jennifer Lin,0,0,0,0,0,0,0,0,0,0,1,7.5742455,3.5744236,-6.677776,0.79737204,0.5854333,0.9343015,0.552858
2024-04-10 03:25:14,21,1,45 Jennifer Lin,20 Soju Hokari,0,0,0,0,0,0,0,0,0,1,1,6.6148095,6.609305,-0.26980913,0.9343015,0.552858,0.939834,0.49262446
2024-04-10 03:25:25,21,1,20 Soju Hokari,45 Jennifer Lin,0,0,0,0,0,0,0,0,0,1,1,4.6227098,4.2488394,-1.8212116,0.939834,0.49262446,0.9771784,0.4539029
2024-04-10 03:25:32,21,1,45 Jennifer Lin,20 Soju Hokari,0,0,0,0,0,0,0,0,1,1,1,9.0133505,-8.7674465,2.0910206,0.9771784,0.4539029,0.9343015,0.53380454
2024-04-10 03:25:36,21,1,20 Soju Hokari,13 Hannah Abraham,0,0,0,0,0,0,0,0,1,1,0,9.021728,-3.844191,8.161726,0.9343015,0.53380454,0.7669433,0.56883836
2024-04-10 03:25:40,21,1,13 Hannah Abraham,20 Soju Hokari,0,0,0,0,0,0,0,0,0,0,1,5.6763177,1.9558173,-5.32873,0.7669433,0.56883836,0.8762102,0.5510141
2024-04-10 03:25:42,21,1,20 Soju Hokari,13 Hannah Abraham,0,0,0,0,0,0,0,0,1,1,0,7.46634,-2.900001,6.8801327,0.8762102,0.5510141,0.7351314,0.5774431
2024-04-10 03:25:45,21,1,13 Hannah Abraham,03 Alex Krueger,1,1,0,0,0,0,0,0,0,0,1,37.00559,9.172098,35.850887,0.7351314,0.5774431,0.0,0.49385372
2024-04-10 03:29:58,22,1,31 María Vargas,10 Mia Griner,0,0,0,0,0,0,0,0,0,1,0,10.754478,8.093031,7.0824895,0.9827109,0.6733251,0.8374827,0.59956974
2024-04-10 03:30:07,22,1,10 Mia Griner,31 María Vargas,0,0,0,0,0,0,0,0,0,0,0,17.265635,12.3418665,12.073958,0.8374827,0.59956974,0.5899032,0.48709282
2024-04-10 03:30:09,22,1,31 María Vargas,55 Trystan Grzyll,0,0,0,0,0,0,0,0,0,0,1,26.021112,10.183732,23.94556,0.5899032,0.48709282,0.0988935,0.39428395
2024-04-10 03:30:18,22,1,55 Trystan Grzyll,31 María Vargas,0,0,0,0,0,0,0,0,1,1,0,8.754971,-6.9465194,-5.3287306,0.0988935,0.39428395,0.20816045,0.45759067
2024-04-10 03:30:23,22,1,31 María Vargas,12 Emma Jaschke,0,0,0,0,0,0,0,0,0,0,0,18.690744,10.116288,-15.716381,0.20816045,0.45759067,0.53042877,0.36539644
2024-04-10 03:30:27,22,1,12 Emma Jaschke,31 María Vargas,0,0,0,0,0,1,0,0,0,0,0,4.7215176,4.3837266,-1.7537593,0.53042877,0.36539644,0.56639004,0.3254456
2024-04-10 03:30:37,22,1,31 María Vargas,10 Mia Griner,0,0,0,1,1,0,0,0,0,0,0,30.836996,30.483746,-4.654207,0.56639004,0.3254456,0.6618257,0.04763368
2024-04-10 03:32:12,24,1,29 Charlotte Doran,13 Hannah Abraham,0,0,0,0,0,0,0,0,1,0,0,9.347974,-7.4860516,-5.5985394,0.5013831,0.57314074,0.61618257,0.64136446
2024-04-10 03:32:17,24,1,13 Hannah Abraham,29 Charlotte Doran,0,0,0,0,0,0,0,0,0,0,0,9.511728,-0.13488711,9.510772,0.61618257,0.64136446,0.42116183,0.64259374
2024-04-10 03:32:23,24,1,29 Charlotte Doran,13 Hannah Abraham,0,0,0,0,0,0,0,0,1,0,0,5.0227084,-1.8883737,-4.654207,0.42116183,0.64259374,0.5165975,0.65980333
2024-04-10 03:32:34,24,1,13 Hannah Abraham,29 Charlotte Doran,0,0,0,0,0,0,0,0,0,0,0,4.015495,3.9790716,-0.53961825,0.5165975,0.65980333,0.5276625,0.6235403
2024-04-10 03:32:38,24,1,29 Charlotte Doran,20 Soju Hokari,0,0,0,0,0,0,0,0,0,0,0,13.084431,13.083735,-0.13490456,0.5276625,0.6235403,0.53042877,0.5043024
2024-04-10 03:32:43,24,1,20 Soju Hokari,08 Dani Ortiz,0,0,0,0,0,0,0,0,0,0,0,14.047524,14.027916,-0.74197507,0.53042877,0.5043024,0.54564315,0.37645975
2024-04-10 03:32:51,24,1,08 Dani Ortiz,13 Hannah Abraham,0,0,0,0,0,0,0,0,1,0,0,6.394557,-5.058142,3.9122322,0.54564315,0.37645975,0.46542186,0.42255685
2024-04-10 03:32:52,24,1,13 Hannah Abraham,08 Dani Ortiz,0,0,0,0,0,0,0,0,0,0,0,6.916842,4.990702,-4.789112,0.46542186,0.42255685,0.5636238,0.37707436
2024-04-10 03:32:57,24,1,08 Dani Ortiz,13 Hannah Abraham,0,0,0,0,0,0,0,0,0,0,0,3.8919432,3.4395363,1.8212116,0.5636238,0.37707436,0.5262794,0.34572834
2024-04-10 03:33:01,24,1,13 Hannah Abraham,29 Charlotte Doran,0,0,0,0,0,0,0,0,0,0,0,13.088522,0.26976767,13.085742,0.5262794,0.34572834,0.257953,0.34326982
2024-04-10 03:33:09,24,1,29 Charlotte Doran,05 Megan Jarriel,0,0,0,0,0,1,0,0,0,0,0,5.672253,2.4279091,5.1263742,0.257953,0.34326982,0.15283541,0.3211432
2024-04-10 03:33:16,24,1,05 Megan Jarriel,75 Sarah Kingsley-Hart,0,0,0,1,1,0,0,0,0,0,1,24.045128,23.334904,5.8008966,0.15283541,0.3211432,0.033886585,0.10848187
2024-04-10 03:36:58,26,1,31 María Vargas,72 Annalise Paul,0,0,0,0,0,0,0,0,1,1,0,10.160277,-3.5744169,9.510772,0.9813278,0.670252,0.78630704,0.7028273
2024-04-10 03:37:00,26,1,72 Annalise Paul,31 María Vargas,0,0,0,0,0,0,0,0,0,0,0,8.839009,8.83489,0.26980913,0.78630704,0.7028273,0.78077453,0.622311
2024-04-10 03:37:06,26,1,31 María Vargas,27 Therese Doebler,0,0,0,0,0,0,0,1,0,0,0,16.511309,-4.3837266,15.918738,0.78077453,0.622311,0.45435685,0.66226184
2024-04-10 03:37:10,26,1,27 Therese Doebler,44 Jordan Harn,0,0,0,0,0,0,0,0,1,0,0,11.601083,-3.034888,-11.197079,0.45435685,0.66226184,0.6839557,0.6899201
2024-04-10 03:37:24,26,1,44 Jordan Harn,27 Therese Doebler,0,0,0,0,0,0,0,1,0,0,1,26.486753,1.551169,26.441294,0.6839557,0.6899201,0.14177041,0.67578363
2024-04-10 03:37:33,26,1,27 Therese Doebler,44 Jordan Harn,0,0,0,0,0,0,0,0,1,1,0,11.847782,-1.6186061,-11.736697,0.14177041,0.67578363,0.3824343,0.6905347
2024-04-10 03:37:40,26,1,44 Jordan Harn,12 Emma Jaschke,0,0,0,0,0,0,0,1,0,0,0,19.856756,1.0116272,-19.83097,0.3824343,0.6905347,0.7890733,0.6813153
2024-04-10 03:37:46,26,1,12 Emma Jaschke,44 Jordan Harn,0,0,0,0,0,0,0,0,0,0,0,11.821051,1.8883737,11.669245,0.7890733,0.6813153,0.5497925,0.6641057
2024-04-10 03:37:51,26,1,44 Jordan Harn,12 Emma Jaschke,0,0,0,0,0,0,0,0,1,0,0,5.94196,-5.32791,-2.6306388,0.5497925,0.6641057,0.60373443,0.7126613
2024-04-10 03:37:55,26,1,12 Emma Jaschke,44 Jordan Harn,0,0,0,0,0,0,0,0,0,0,0,5.069602,4.2488394,-2.7655435,0.60373443,0.7126613,0.6604426,0.67393976
2024-04-10 03:38:01,26,1,44 Jordan Harn,27 Therese Doebler,0,0,0,0,0,0,0,1,0,0,0,19.46415,1.2139513,19.426256,0.6604426,0.67393976,0.26210237,0.6628765
2024-04-10 03:38:07,26,1,27 Therese Doebler,44 Jordan Harn,0,0,0,0,0,0,0,0,1,0,0,11.034529,-1.9558108,-10.8598175,0.26210237,0.6628765,0.48478562,0.68070066
2024-04-10 03:38:11,26,1,44 Jordan Harn,12 Emma Jaschke,0,0,0,0,0,0,0,0,1,0,0,8.868857,-4.0465155,-7.8919168,0.48478562,0.68070066,0.64661133,0.71757835
2024-04-10 03:38:13,26,1,12 Emma Jaschke,44 Jordan Harn,0,0,0,0,0,0,0,0,0,0,0,6.9935155,6.946516,0.8094274,0.64661133,0.71757835,0.6300138,0.65427166
2024-04-10 03:38:19,26,1,44 Jordan Harn,10 Mia Griner,0,0,0,0,0,0,0,0,1,0,0,9.717729,-2.2930286,9.443319,0.6300138,0.65427166,0.4363762,0.67516905
2024-04-10 03:38:26,26,1,10 Mia Griner,44 Jordan Harn,0,0,0,0,0,0,0,0,1,0,0,12.477354,-1.8209302,-12.343767,0.4363762,0.67516905,0.68948823,0.691764
2024-04-10 03:38:32,26,1,44 Jordan Harn,27 Therese Doebler,0,0,0,0,0,0,0,0,0,0,0,12.024196,2.900001,11.669245,0.68948823,0.691764,0.45020747,0.665335
2024-04-10 03:38:43,26,1,27 Therese Doebler,26 Morgan Lally,0,0,0,0,0,0,0,1,0,0,1,18.127302,4.5860505,17.537594,0.45020747,0.665335,0.090594746,0.6235403
2024-04-10 03:38:47,26,1,26 Morgan Lally,10 Mia Griner,0,0,0,0,0,0,0,0,0,1,1,10.127304,10.116291,0.47216597,0.090594746,0.6235403,0.080912866,0.531346
2024-04-10 03:38:59,26,1,10 Mia Griner,31 María Vargas,0,0,0,0,0,0,0,0,1,1,1,12.818406,-12.813969,0.3372614,0.080912866,0.531346,0.07399724,0.6481254
2024-04-10 03:39:05,26,1,31 María Vargas,27 Therese Doebler,0,0,0,0,0,0,0,0,1,1,0,15.315139,-4.9232554,-14.502242,0.07399724,0.6481254,0.3713693,0.6929932
2024-04-10 03:39:12,26,1,27 Therese Doebler,26 Morgan Lally,0,0,0,0,0,0,0,0,0,0,1,17.629265,8.96977,15.1767645,0.3713693,0.6929932,0.060165975,0.6112477
2024-04-10 03:39:19,26,1,26 Morgan Lally,27 Therese Doebler,0,0,0,0,0,0,0,0,1,1,0,11.019334,-5.32791,-9.645678,0.060165975,0.6112477,0.257953,0.65980333
2024-04-10 03:39:24,26,1,27 Therese Doebler,12 Emma Jaschke,0,0,0,0,0,0,0,0,1,0,0,14.009391,-2.6302333,-13.760265,0.257953,0.65980333,0.54011065,0.6837738
2024-04-10 03:39:30,26,1,12 Emma Jaschke,26 Morgan Lally,0,0,0,0,0,0,0,0,0,0,0,8.947214,5.800002,-6.8126802,0.54011065,0.6837738,0.67980635,0.6309158
2024-04-10 03:39:36,26,1,26 Morgan Lally,12 Emma Jaschke,0,0,0,0,0,0,0,0,0,0,1,11.811612,4.3162827,-10.994721,0.67980635,0.6309158,0.90525585,0.5915796
2024-04-10 03:39:42,26,1,12 Emma Jaschke,26 Morgan Lally,0,0,0,0,0,0,0,0,0,1,0,11.232514,5.867452,9.578224,0.90525585,0.5915796,0.708852,0.5381069
2024-04-10 03:39:46,26,1,26 Morgan Lally,10 Mia Griner,0,0,0,0,0,0,0,0,0,0,0,19.721184,16.927917,10.117842,0.708852,0.5381069,0.5013831,0.3838353
2024-04-10 03:39:51,26,1,10 Mia Griner,31 María Vargas,0,0,0,0,0,0,0,0,0,0,0,9.72616,5.867449,-7.7570124,0.5013831,0.3838353,0.6604426,0.33036262
2024-04-10 03:39:56,26,1,31 María Vargas,26 Morgan Lally,0,0,0,0,0,0,0,0,0,0,0,9.982938,0.0,9.982938,0.6604426,0.33036262,0.45573997,0.33036262
2024-04-10 03:40:00,26,1,26 Morgan Lally,31 María Vargas,0,0,0,0,0,0,0,0,0,0,0,3.5095704,3.5069766,0.13490456,0.45573997,0.33036262,0.45297372,0.29840198
2024-04-10 03:40:08,26,1,31 María Vargas,72 Annalise Paul,0,0,0,0,0,0,0,0,0,0,0,9.211391,3.7093072,-8.431535,0.45297372,0.29840198,0.62586445,0.26459742
2024-04-10 03:40:34,26,1,72 Annalise Paul,44 Jordan Harn,0,0,0,0,0,0,0,0,0,0,0,7.121237,0.7418595,-7.0824895,0.62586445,0.26459742,0.77109265,0.25783652
2024-04-10 03:40:43,26,1,44 Jordan Harn,10 Mia Griner,1,1,0,0,0,0,0,1,0,0,0,16.819817,-1.75349,16.728165,0.77109265,0.25783652,0.42807746,0.27381685
2024-04-10 03:41:25,26,2,12 Emma Jaschke,31 María Vargas,0,0,0,0,0,0,0,0,0,0,1,13.840026,1.483719,-13.760265,0.6715076,0.8251383,0.95366526,0.8116165
2024-04-10 03:41:38,26,2,31 María Vargas,26 Morgan Lally,0,0,0,0,0,0,0,0,0,1,1,4.4593396,4.45117,0.26980913,0.95366526,0.8116165,0.94813275,0.771051
2024-04-10 03:41:51,26,2,26 Morgan Lally,31 María Vargas,0,0,0,0,0,0,0,0,0,1,0,12.613757,0.067437015,12.613577,0.94813275,0.771051,0.68948823,0.7704364
2024-04-10 03:41:57,26,2,31 María Vargas,72 Annalise Paul,0,0,0,0,0,0,0,0,1,0,0,5.540739,-4.720931,2.900448,0.68948823,0.7704364,0.6300138,0.81346035
2024-04-10 03:42:08,26,2,72 Annalise Paul,31 María Vargas,0,0,0,0,0,0,0,0,0,0,0,5.8564067,5.125586,-2.8329957,0.6300138,0.81346035,0.6881051,0.7667486
2024-04-10 03:42:10,26,2,31 María Vargas,26 Morgan Lally,0,0,0,0,0,0,0,0,0,0,1,10.718953,1.1465143,-10.65746,0.6881051,0.7667486,0.906639,0.7562999
2024-04-10 03:42:31,26,2,26 Morgan Lally,72 Annalise Paul,1,1,0,0,0,0,0,0,1,1,0,11.410563,-4.248846,10.590008,0.906639,0.7562999,0.68948823,0.79502153
2024-04-10 03:43:58,27,1,20 Soju Hokari,29 Charlotte Doran,0,0,0,0,0,0,0,0,0,1,0,12.633092,6.339544,10.927269,0.87344396,0.6628765,0.6493776,0.6051014
2024-04-10 03:44:02,27,1,29 Charlotte Doran,20 Soju Hokari,0,0,0,0,0,0,0,0,0,0,0,9.37805,0.20232412,-9.375867,0.6493776,0.6051014,0.84163207,0.60325754
2024-04-10 03:44:08,27,1,20 Soju Hokari,29 Charlotte Doran,0,0,0,0,0,0,0,0,0,0,0,7.960512,0.13488711,7.959369,0.84163207,0.60325754,0.6784232,0.60202825
2024-04-10 03:44:13,27,1,29 Charlotte Doran,20 Soju Hokari,0,0,0,0,0,0,0,0,0,0,1,9.803509,4.38372,-8.768796,0.6784232,0.60202825,0.8582296,0.56207746
2024-04-10 03:44:20,27,1,20 Soju Hokari,05 Megan Jarriel,1,1,0,0,0,0,0,0,0,1,1,28.057137,28.05584,-0.26980913,0.8582296,0.56207746,0.8637621,0.30639213
2024-04-10 03:44:57,27,2,08 Dani Ortiz,29 Charlotte Doran,0,0,0,0,0,0,0,0,1,1,0,12.729308,-9.711637,-8.229179,0.043568466,0.52827287,0.21230982,0.6167793
2024-04-10 03:45:32,27,2,29 Charlotte Doran,08 Dani Ortiz,0,0,0,0,0,0,0,0,0,0,0,16.64942,9.172101,-13.89517,0.21230982,0.6167793,0.49723375,0.5331899
2024-04-10 03:45:34,27,2,08 Dani Ortiz,19 Elle Mayer,0,0,0,0,0,0,0,0,0,0,0,17.53175,9.441866,-14.772049,0.49723375,0.5331899,0.8001383,0.44714198
2024-04-10 03:45:58,27,2,19 Elle Mayer,08 Dani Ortiz,0,0,0,0,0,0,0,0,0,0,1,20.163633,18.74885,-7.4197507,0.8001383,0.44714198,0.95228213,0.27627537
2024-04-10 03:46:19,27,2,08 Dani Ortiz,13 Hannah Abraham,1,0,1,0,0,0,0,0,0,1,0,12.524081,9.7790785,7.8244643,0.95228213,0.27627537,0.79183954,0.18715428