match,week,team,opponent,Created,Point,Player,In own endzone?,In opponent's endzone?,Stall out?,Callahan?,Location X (0 -> 1 = left sideline -> right sideline),Location Y (0 -> 1 = back of opponent endzone -> back of own endzone)
ATX @ ATL,Week 1,ATL,ATX,2025-04-10 17:14:41,2,19 Elle Mayer,0,0,0,0,0.5375,0.5753086
ATX @ ATL,Week 1,ATL,ATX,2025-04-10 17:23:54,2,05 Megan Jarriel,0,0,0,0,0.37638888,0.42530864
ATX @ ATL,Week 1,ATL,ATX,2025-04-10 17:38:33,3,57 Ximena Montana,0,0,0,0,0.24444446,0.662963
ATX @ ATL,Week 1,ATL,ATX,2025-04-10 18:01:34,5,75 Sarah Kingsley-Hart,0,0,0,0,0.1305556,0.34074077
ATX @ ATL,Week 1,ATL,ATX,2025-04-10 18:20:48,6,09 Liv Ford,0,0,0,0,0.84722227,0.23580247
ATX @ ATL,Week 1,ATL,ATX,2025-04-10 18:45:24,9,44 Jordan Harn,1,0,0,0,0.95555556,0.9030864
ATX @ ATL,Week 1,ATL,ATX,2025-04-10 18:53:32,10,25 Katie Sanders,0,0,0,0,0.3875,0.7462963
ATX @ ATL,Week 1,ATL,ATX,2025-04-10 19:10:52,10,12 Emma Jaschke,0,0,0,0,0.3402778,0.22222224
ATX @ ATL,Week 1,ATL,ATX,2025-04-10 22:07:09,11,44 Jordan Harn,0,0,0,0,0.2472222,0.3080247
ATX @ ATL,Week 1,ATL,ATX,2025-04-10 22:11:37,12,22 Anna Gustafson,1,0,0,0,0.079166666,0.8703704
ATX @ ATL,Week 1,ATL,ATX,2025-04-10 22:51:35,13,11 Quincy Booth,0,0,0,0,0.49444446,0.6401235
ATX @ ATL,Week 1,ATL,ATX,2025-04-10 23:06:01,14,04 Chloe Greene,0,0,0,0,0.76805556,0.7012346
ATX @ ATL,Week 1,ATL,ATX,2025-04-10 23:15:41,15,75 Sarah Kingsley-Hart,0,0,0,0,0.33472225,0.6314815
ATX @ ATL,Week 1,ATL,ATX,2025-04-10 23:17:59,15,11 Quincy Booth,0,0,0,0,0.54444444,0.7537037
ATX @ ATL,Week 1,ATL,ATX,2025-04-10 23:33:29,16,29 Soju Hokari,0,0,0,0,0.54861104,0.8203704
ATX @ ATL,Week 1,ATL,ATX,2025-04-10 23:37:17,17,12 Emma Jaschke,0,0,0,0,0.7,0.5808642
ATX @ ATL,Week 1,ATL,ATX,2025-04-10 23:43:33,17,26 Morgan Lally,1,0,0,0,0.225,0.98641974
ATX @ ATL,Week 1,ATL,ATX,2025-04-10 23:47:05,17,14 Charlotte Doran,0,0,0,0,0.39027774,0.7555555
ATX @ ATL,Week 1,ATL,ATX,2025-04-10 23:59:00,18,10 Mia Griner,0,0,0,0,0.33888894,0.6969136
ATX @ ATL,Week 1,ATL,ATX,2025-04-11 00:08:52,19,26 Morgan Lally,0,0,0,0,0.2972222,0.39444444
ATX @ ATL,Week 1,ATL,ATX,2025-04-11 00:12:53,20,22 Anna Gustafson,0,0,0,0,0.6166667,0.62222224
PHL @ INDY,Week 1,INDY,PHL,4/6/25 20:50,2,82 Riley Dickson,1,0,0,0,0.89772725,0.83721834
PHL @ INDY,Week 1,INDY,PHL,4/6/25 20:57,3,19 Melissa Gibbs,0,0,0,0,0.71416086,0.518648
PHL @ INDY,Week 1,INDY,PHL,4/6/25 21:04,4,32 Shani Rosenthal,0,0,0,0,0.8050699,0.82944834
PHL @ INDY,Week 1,INDY,PHL,4/6/25 21:28,9,18 Laura Grencser,0,0,0,0,0.32255244,0.8333333
PHL @ INDY,Week 1,INDY,PHL,4/6/25 21:40,13,15 Sydney Loughran,0,0,0,0,0.6005245,0.6880342
PHL @ INDY,Week 1,INDY,PHL,4/6/25 21:46,13,NA,0,0,1,0,0.2701049,0.510878
PHL @ INDY,Week 1,INDY,PHL,4/6/25 22:42,20,09 Corinn Rains,0,0,0,0,0.61625874,0.47280496
PHL @ INDY,Week 1,INDY,PHL,4/6/25 22:44,20,09 Corinn Rains,0,0,0,0,0.65297204,0.27000776
PHL @ INDY,Week 1,INDY,PHL,4/6/25 22:54,22,18 Laura Grencser,0,0,0,0,0.2596154,0.75174826
PHL @ INDY,Week 1,PHL,INDY,4/8/2025 12:55,2,99 Veronica Kolegue-Spalaris,0,0,0,0,0.6344294,0.4810579
PHL @ INDY,Week 1,PHL,INDY,4/8/2025 12:57,2,22 Liz Hart,0,0,0,0,0.1934236,0.5282345
PHL @ INDY,Week 1,PHL,INDY,4/8/2025 13:06,3,00 Emilie Mohler,0,0,0,0,0.589942,0.23516798
PHL @ INDY,Week 1,PHL,INDY,4/8/2025 13:11,4,99 Veronica Kolegue-Spalaris,0,0,0,0,0.3655706,0.6132952
PHL @ INDY,Week 1,PHL,INDY,4/8/2025 13:34,6,15 Layne Dodge,0,0,0,0,0.22437137,0.38956398
PHL @ INDY,Week 1,PHL,INDY,4/8/2025 13:41,8,22 Liz Hart,0,0,0,0,0.31914893,0.80343103
PHL @ INDY,Week 1,PHL,INDY,4/8/2025 13:42,8,23 Natalie Bova,0,0,0,0,0.17601547,0.43531093
PHL @ INDY,Week 1,PHL,INDY,4/8/2025 13:54,9,22 Liz Hart,0,0,0,0,0.76208895,0.5932809
PHL @ INDY,Week 1,PHL,INDY,4/8/2025 14:03,12,00 Emilie Mohler,0,0,0,0,0.021276595,0.6976412
PHL @ INDY,Week 1,PHL,INDY,4/8/2025 14:28,15,22 Liz Hart,0,0,0,0,0.95357835,0.72480345
PHL @ INDY,Week 1,PHL,INDY,4/8/2025 14:57,20,23 Natalie Bova,0,0,0,0,0.82011604,0.6333095
PHL @ INDY,Week 1,PHL,INDY,4/8/2025 15:04,21,09 Sarah Hirannet,0,0,0,0,0.6827853,0.39027876
PHL @ INDY,Week 1,PHL,INDY,4/8/2025 15:06,21,19 Grace Maroon,0,0,0,0,0.14119923,0.3045032
PHL @ INDY,Week 1,PHL,INDY,4/8/2025 15:07,22,10 Neena Kashyap,0,0,0,0,0.47001934,0.39742672
PHL @ INDY,Week 1,PHL,INDY,4/8/2025 15:13,23,23 Natalie Bova,0,0,0,0,0.23791103,0.5125089
RAL @ LA,Week 1,LA,RAL,2025-04-06 11:49:10,1,03 Chip Yen,0,0,0,0,0.8847222,0.46666664
RAL @ LA,Week 1,LA,RAL,2025-04-06 11:52:41,1,03 Chip Yen,0,0,0,0,0.4625,0.5191358
RAL @ LA,Week 1,LA,RAL,2025-04-06 11:53:43,1,25 Samantha Wool,0,0,0,0,0.2222222,0.5290123
RAL @ LA,Week 1,LA,RAL,2025-04-06 12:25:50,2,NA,1,0,0,0,0.65138894,0.9074074
RAL @ LA,Week 1,LA,RAL,2025-04-06 12:55:05,5,07 Jessica Martinez,0,0,0,0,0.6097222,0.22530863
RAL @ LA,Week 1,LA,RAL,2025-04-06 13:01:08,5,34 Amanda Ring,0,0,0,0,0.2375,0.43765432
RAL @ LA,Week 1,LA,RAL,2025-04-06 13:16:14,5,34 Amanda Ring,0,0,0,0,0.3,0.554321
RAL @ LA,Week 1,LA,RAL,2025-04-06 13:27:26,7,01 Maggie O'Connor,0,0,0,0,0.6069444,0.45987654
RAL @ LA,Week 1,LA,RAL,2025-04-06 14:41:38,11,03 Chip Yen,0,0,0,0,0.14166667,0.65802467
RAL @ LA,Week 1,LA,RAL,2025-04-06 14:42:57,11,50 Lilet Brooks,0,0,0,0,0.80833334,0.4617284
RAL @ LA,Week 1,LA,RAL,2025-04-06 14:45:44,12,24 Avalon Igawa,1,0,0,0,0.7236111,0.854321
RAL @ LA,Week 1,LA,RAL,2025-04-06 20:01:17,14,03 Chip Yen,0,0,0,0,0.6944445,0.5765432
RAL @ LA,Week 1,LA,RAL,2025-04-06 20:10:28,15,16 Karli Steiner,0,0,0,0,0.52916664,0.44629627
RAL @ LA,Week 1,LA,RAL,2025-04-06 20:11:23,15,24 Avalon Igawa,0,0,0,0,0.4847222,0.67037034
RAL @ LA,Week 1,LA,RAL,2025-04-07 22:00:40,17,05 Sharon Tseng,0,0,0,0,0.052777734,0.65802467
RAL @ LA,Week 1,RAL,LA,2025-04-05 22:37:47,1,24 Hannah Boettcher,0,0,0,0,0.5021834,0.45194176
RAL @ LA,Week 1,RAL,LA,2025-04-06 13:35:21,7,48 Natalie Baumgarten,0,0,0,0,0.72925454,0.20356473
RAL @ LA,Week 1,RAL,LA,2025-04-06 13:51:13,9,21 Julia Hoffmann,1,0,0,0,0.98945147,0.9065041
RAL @ LA,Week 1,RAL,LA,2025-04-06 13:55:52,10,43 Claire Hackl,0,0,0,0,0.8375527,0.5706692
RAL @ LA,Week 1,RAL,LA,2025-04-06 13:57:12,10,09 Jinny Riedel,0,0,0,0,0.9725738,0.3905566
RAL @ LA,Week 1,RAL,LA,2025-04-06 14:02:34,12,21 Julia Hoffmann,0,0,0,0,0.7320675,0.36866793
RAL @ LA,Week 1,RAL,LA,2025-04-06 14:05:36,12,06 Jenny Wei,0,0,0,0,0.4296765,0.5275172
RAL @ LA,Week 1,RAL,LA,2025-04-06 14:12:59,14,02 Claire Bidigare-Curtis,0,0,0,0,0.48734176,0.3017511
RAL @ LA,Week 1,RAL,LA,2025-04-06 18:47:09,16,06 Jenny Wei,0,0,0,0,0.4395218,0.8270794
RAL @ LA,Week 1,RAL,LA,2025-04-06 18:51:19,17,48 Natalie Baumgarten,0,0,0,0,0.36216596,0.8083177
RAL @ LA,Week 1,RAL,LA,2025-04-06 18:59:55,17,02 Claire Bidigare-Curtis,0,0,0,0,0.54360056,0.7945591
LA @ NASH,Week 2,LA,NASH,2025-04-13 15:54:55,3,09 Arenaria Cramer,0,0,0,0,0.21388887,0.7654321
LA @ NASH,Week 2,LA,NASH,2025-04-13 15:59:43,3,07 Jessica Martinez,0,0,0,0,0.7083333,0.65555555
LA @ NASH,Week 2,LA,NASH,2025-04-13 16:41:15,7,50 Lilet Brooks,0,0,0,0,0.61111104,0.55925924
LA @ NASH,Week 2,LA,NASH,2025-04-13 16:44:39,7,00 Stephanie Pritchard,0,0,0,0,0.51666665,0.28395063
LA @ NASH,Week 2,LA,NASH,2025-04-13 16:48:16,8,07 Jessica Martinez,0,0,0,0,0.5083333,0.39382717
LA @ NASH,Week 2,LA,NASH,2025-04-13 17:17:13,11,16 Karli Steiner,0,0,0,0,0.575,0.6654321
LA @ NASH,Week 2,LA,NASH,2025-04-13 17:18:55,11,19 Sophie Havranek,0,0,0,0,0.16666667,0.5506173
LA @ NASH,Week 2,LA,NASH,2025-04-13 17:35:52,13,20 Madee Shade,0,0,0,0,0.8680555,0.687037
LA @ NASH,Week 2,LA,NASH,2025-04-13 17:39:11,13,93 Naomi Guzman,1,0,0,0,0.47638893,0.9197531
LA @ NASH,Week 2,LA,NASH,2025-04-13 17:52:48,17,93 Naomi Guzman,0,0,0,0,0.4527778,0.69012344
LA @ NASH,Week 2,LA,NASH,2025-04-13 18:09:37,20,16 Karli Steiner,0,0,0,0,0.48055553,0.7271605
LA @ NASH,Week 2,NASH,LA,2025-04-13 15:39:18,2,03 Sara Mog,0,0,0,0,0.48717943,0.45271632
LA @ NASH,Week 2,NASH,LA,2025-04-13 15:50:42,3,96 Natalie Wilson,0,0,0,0,0.27450982,0.47954392
LA @ NASH,Week 2,NASH,LA,2025-04-13 15:52:14,3,42 Emma Patterson,0,0,0,0,0.78129715,0.66867876
LA @ NASH,Week 2,NASH,LA,2025-04-13 15:53:55,3,96 Natalie Wilson,0,0,0,0,0.19004525,0.46277663
LA @ NASH,Week 2,NASH,LA,2025-04-13 16:08:16,5,22 Becca Henley,0,0,0,0,0.36349928,0.4889336
LA @ NASH,Week 2,NASH,LA,2025-04-13 16:21:30,7,96 Natalie Wilson,0,0,0,0,0.47058824,0.7813548
LA @ NASH,Week 2,NASH,LA,2025-04-13 16:25:48,8,14 Hanna McClain,0,0,0,0,0.65309197,0.7323944
LA @ NASH,Week 2,NASH,LA,2025-04-13 17:52:11,11,96 Natalie Wilson,0,0,0,0,0.9728507,0.46881285
LA @ NASH,Week 2,NASH,LA,2025-04-13 17:53:40,11,06 Rebecca Fagan,0,0,0,0,0.5188537,0.47484908
LA @ NASH,Week 2,NASH,LA,2025-04-13 17:58:35,13,03 Sara Mog,1,0,0,0,0.38310713,0.9208585
LA @ NASH,Week 2,NASH,LA,2025-04-13 21:38:52,17,15 Sylvia Brown,1,0,0,0,0.95776767,0.8370221
LA @ NASH,Week 2,NASH,LA,2025-04-13 21:54:41,20,91 Savannah Sillivant,0,0,0,0,0.21870291,0.68209255
NY @ PHL,Week 2,NY,PHL,2025-04-14 21:42:59,7,03 Liv Player,0,0,0,0,0.5627854,0.768138
NY @ PHL,Week 2,NY,PHL,2025-04-14 21:46:47,8,66 Janine Hlavaty,0,1,0,0,0.35045663,0.093860984
NY @ PHL,Week 2,NY,PHL,2025-04-14 21:50:57,9,10 Ella Juengst,0,0,0,0,0.3413242,0.43632674
NY @ PHL,Week 2,NY,PHL,2025-04-14 22:04:40,11,21 Montana Roberts,1,0,0,0,0.8059361,0.9005581
NY @ PHL,Week 2,NY,PHL,2025-04-14 22:19:04,13,66 Janine Hlavaty,0,0,0,0,0.2648402,0.56722474
NY @ PHL,Week 2,NY,PHL,2025-04-14 22:48:13,17,07 Abby Hecko,0,0,0,0,0.91552514,0.5098935
NY @ PHL,Week 2,NY,PHL,2025-04-14 23:22:28,26,74 Sam Harris,0,0,0,0,0.6255708,0.6255708
NY @ PHL,Week 2,PHL,NY,2025-04-13 09:50:59,5,20 Danielle Walsh,0,0,0,0,0.6711799,0.3216583
NY @ PHL,Week 2,PHL,NY,2025-04-13 10:27:49,8,05 Lindsay McKenna,1,0,0,0,0.3926499,0.87491065
NY @ PHL,Week 2,PHL,NY,2025-04-14 12:32:13,17,27 Kit Asterin,0,0,0,0,0.64796907,0.7155111
NY @ PHL,Week 2,PHL,NY,2025-04-14 12:58:14,22,29 Sara Liang,0,0,0,0,0.6073501,0.41815582
