match,week,team,opponent,Player,Points played total,Points played,Offense points played,Defense points played,Offense points won,Defense points won,Touches,Points played with touches,Throws,Catches,Possessions initiated,Assists,Secondary assists,Goals,Turnovers,Thrower errors,Receiver errors,Defensive blocks,Stall outs for,Stall outs against,Total completed throw distance (m),Total completed throw gain (m),Average completed throw distance (m),Average completed throw gain (m),Total caught pass distance (m),Total caught pass gain (m),Average caught pass distance (m),Average caught pass gain (m)
ATX @ ATL,Week 1,ATL,ATX,57 Ximena Montana,15,"1,3,4,5,7,8,9,11,12,14,15,17,18,19,20",5,10,3,6,29,10,26,27,2,0,0,3,3,3,0,1,0,0,284.02,32.85,12.91,1.49,437.23,290.24,16.19,10.75
ATX @ ATL,Week 1,ATL,ATX,11 Quincy Booth,11,"1,3,5,7,8,11,12,13,15,17,18,21",6,5,4,4,27,10,24,19,8,3,1,2,1,1,0,2,0,0,390.93,213.83,17.0,9.3,219.21,58.93,11.54,3.1
ATX @ ATL,Week 1,ATL,ATX,29 Soju Hokari,9,"3,6,7,8,10,11,12,13,14,16",5,5,5,2,26,8,26,17,9,2,0,0,1,0,1,1,0,0,467.59,191.48,17.98,7.36,241.48,48.7,14.2,2.86
ATX @ ATL,Week 1,ATL,ATX,04 Chloe Greene,9,"1,4,5,8,9,14,15,19,20",3,6,1,3,19,9,19,14,5,1,1,0,2,1,1,1,0,0,306.29,157.75,19.14,9.86,206.25,-22.56,14.73,-1.61
ATX @ ATL,Week 1,ATL,ATX,14 Charlotte Doran,9,"4,6,9,10,14,15,17,19,20",2,7,1,3,20,7,19,16,4,0,0,1,6,5,1,1,0,0,234.26,80.06,16.73,5.72,221.61,10.97,13.85,0.69
ATX @ ATL,Week 1,ATL,ATX,26 Morgan Lally,8,"3,7,11,12,14,17,19,20,21",2,6,2,4,6,4,4,6,0,1,0,2,1,1,0,2,0,0,27.34,11.99,9.11,4.0,108.58,78.37,18.1,13.06
ATX @ ATL,Week 1,ATL,ATX,05 Megan Jarriel,8,"2,3,7,11,12,13,16,17",5,3,4,2,11,5,10,10,1,0,0,1,0,0,0,1,0,0,137.74,-2.64,13.77,-0.26,143.46,118.53,14.35,11.85
ATX @ ATL,Week 1,ATL,ATX,32 Therese Doebler,7,"2,4,9,10,13,14,16,21",4,3,3,0,8,5,8,8,0,0,0,0,1,1,0,0,0,0,92.26,-26.28,15.38,-4.38,140.06,47.62,17.51,5.95
ATX @ ATL,Week 1,ATL,ATX,09 Liv Ford,7,"1,5,6,8,10,15,18",4,3,2,2,19,8,18,15,4,0,2,1,6,4,2,1,0,0,175.43,65.09,13.49,5.01,217.9,40.71,14.53,2.71
ATX @ ATL,Week 1,ATL,ATX,17 Christina Marsicano,6,"2,9,13,16,19,20,21",3,3,2,2,8,4,8,7,1,0,0,0,2,2,0,0,0,0,73.76,7.72,14.75,1.54,103.67,-8.74,14.81,-1.25
ATX @ ATL,Week 1,ATL,ATX,01 Charlie Hawkins,6,"2,3,7,11,12,17",3,3,2,2,14,7,14,10,4,0,0,0,2,1,1,0,0,0,216.4,90.42,16.65,6.96,160.45,-35.29,16.05,-3.53
ATX @ ATL,Week 1,ATL,ATX,33 Georgia Tse,6,"1,3,5,7,12,17",4,2,3,1,7,6,7,7,0,1,2,0,2,1,1,0,0,0,75.46,25.2,12.58,4.2,129.9,73.9,18.56,10.56
ATX @ ATL,Week 1,ATL,ATX,44 Jordan Harn,5,"4,9,11,14,20",0,5,0,2,3,1,3,3,0,0,0,0,1,1,0,2,0,0,40.81,26.55,20.4,13.28,46.98,7.18,15.66,2.39
ATX @ ATL,Week 1,ATL,ATX,06 Lylah Bannister,4,"2,13,16,18,21",3,1,2,1,9,5,9,9,0,0,1,0,0,0,0,0,0,0,121.07,7.86,13.45,0.87,132.24,74.85,14.69,8.32
ATX @ ATL,Week 1,ATL,ATX,75 Sarah Kingsley-Hart,5,"1,5,8,15,18",3,2,1,2,4,3,4,3,1,1,0,0,0,0,0,2,0,0,63.16,44.3,15.79,11.07,36.17,24.65,12.06,8.22
ATX @ ATL,Week 1,ATL,ATX,25 Katie Sanders,3,"2,13,16,21",3,0,2,0,13,4,13,12,1,1,0,0,2,2,0,1,0,0,152.46,97.87,13.86,8.9,187.73,-34.14,15.64,-2.84
ATX @ ATL,Week 1,ATL,ATX,51 Lilli Popovich,4,"9,15,18,19",1,3,0,2,1,1,0,1,0,0,0,1,1,0,1,0,0,0,0.0,0.0,0.0,0.0,45.29,40.84,45.29,40.84
ATX @ ATL,Week 1,ATL,ATX,12 Emma Jaschke,4,"6,10,19,20",1,3,1,2,3,3,3,2,1,0,1,0,0,0,0,2,0,0,45.18,10.84,15.06,3.61,26.7,21.13,13.35,10.57
ATX @ ATL,Week 1,ATL,ATX,19 Elle Mayer,2,"2,16,21",2,0,1,0,3,2,3,2,1,0,0,0,2,1,1,1,0,0,35.5,-12.12,17.75,-6.06,31.44,18.08,15.72,9.04
ATX @ ATL,Week 1,ATL,ATX,10 Mia Griner,3,"1,5,18",2,1,1,1,4,4,4,3,1,0,0,0,0,0,0,1,0,0,53.0,-5.55,13.25,-1.39,56.13,38.34,18.71,12.78
ATX @ ATL,Week 1,ATL,ATX,22 Anna Gustafson,2,"6,8",0,2,0,1,1,1,1,1,0,0,0,0,0,0,0,2,0,0,11.27,-11.11,11.27,-11.11,24.6,23.71,24.6,23.71
ATX @ ATL,Week 1,ATL,ATX,07 Allison Murphy,2,"6,10",1,1,1,0,2,2,2,2,0,0,0,0,0,0,0,0,0,0,27.77,3.39,13.89,1.69,39.05,26.42,19.52,13.21
ATX @ ATL,Week 1,ATL,ATX,08 Dani Ortiz,2,"6,10",1,1,1,0,3,1,3,2,1,1,0,0,1,1,0,0,0,0,30.76,24.72,15.38,12.36,24.11,8.13,12.05,4.06
ATX @ ATL,Week 1,ATX,ATL,09 Summer Wilson,11,"2,4,6,7,9,11,13,15,16,21,22",8,3,4,1,42,12,41,36,6,0,1,1,6,6,0,0,0,0,522.76,92.89,14.94,2.65,637.0,57.73,17.69,1.6
ATX @ ATL,Week 1,ATX,ATL,73 Clara Stewart,11,"4,6,7,9,11,12,13,15,16,21,22",9,2,4,0,57,13,57,46,11,0,0,1,4,4,0,1,0,0,808.85,154.55,15.26,2.92,592.22,-119.04,12.87,-2.59
ATX @ ATL,Week 1,ATX,ATL,00 Margaret Rowell,9,"1,2,5,10,11,12,15,18,20",3,6,1,2,9,6,7,9,0,0,0,2,0,0,0,1,0,0,74.59,-6.34,10.66,-0.91,134.06,118.14,14.9,13.13
ATX @ ATL,Week 1,ATX,ATL,16 Kinsey Neas,7,"1,3,14,16,17,19,21,23",3,4,1,3,4,4,3,4,0,0,1,1,1,1,0,0,0,0,39.56,25.36,19.78,12.68,104.41,77.93,26.1,19.48
ATX @ ATL,Week 1,ATX,ATL,34 Carley Garrett,8,"3,6,7,9,13,18,21,22",6,2,2,0,19,7,19,18,1,0,1,0,3,3,0,0,0,0,259.57,4.93,16.22,0.31,234.03,111.52,13.0,6.2
ATX @ ATL,Week 1,ATX,ATL,04 Mary Clare Robbins,7,"2,5,10,12,15,18,20,23",3,4,1,1,20,6,20,19,1,1,0,0,3,2,1,1,0,0,339.83,115.73,19.99,6.81,337.61,1.67,17.77,0.09
ATX @ ATL,Week 1,ATX,ATL,14 Emma Berrigan,7,"2,5,10,12,15,17,20",3,4,1,2,5,5,5,5,0,0,0,0,3,2,1,0,0,0,45.81,0.36,15.27,0.12,93.89,61.51,18.78,12.3
ATX @ ATL,Week 1,ATX,ATL,07 Shiru Liu,6,"1,8,10,14,17,19,23",2,4,1,3,14,6,14,7,7,2,1,0,2,2,0,1,0,0,229.5,141.65,19.13,11.8,107.04,-30.44,15.29,-4.35
ATX @ ATL,Week 1,ATX,ATL,88 Madelyn Easton,6,"2,5,10,12,18,20,23",3,3,1,1,4,2,4,4,0,0,0,0,1,1,0,0,0,0,35.68,3.09,11.89,1.03,82.66,48.77,20.67,12.19
ATX @ ATL,Week 1,ATX,ATL,31 Nikki Gilbert,6,"4,7,9,13,16,21",6,0,4,0,5,5,5,4,1,0,0,0,0,0,0,0,0,0,66.89,31.87,13.38,6.37,58.12,14.18,14.53,3.55
ATX @ ATL,Week 1,ATX,ATL,69 Jaime Estes,6,"4,7,13,16,21,22",6,0,4,0,6,5,6,6,0,0,0,0,1,0,1,1,0,0,83.6,-36.84,13.93,-6.14,99.11,54.15,16.52,9.02
ATX @ ATL,Week 1,ATX,ATL,12 Annie Ortiz,6,"5,10,12,15,16,18",3,3,2,0,16,6,16,14,2,0,0,0,1,1,0,1,0,0,240.14,-24.73,16.01,-1.65,207.8,-7.05,14.84,-0.5
ATX @ ATL,Week 1,ATX,ATL,42 Megan Duffy,5,"1,11,17,18,19,23",1,4,0,2,6,4,6,4,2,0,0,0,1,1,0,0,0,0,90.37,19.78,18.07,3.96,69.42,13.98,17.35,3.5
ATX @ ATL,Week 1,ATX,ATL,10 Gabriella Cuina,6,"2,9,11,12,15,18",2,4,0,1,22,7,21,22,0,0,0,1,0,0,0,1,0,0,271.1,38.3,12.91,1.82,379.59,86.9,17.25,3.95
ATX @ ATL,Week 1,ATX,ATL,82 Sarah Downing,5,"1,8,10,11,17,23",1,4,1,2,4,2,4,4,0,0,0,0,1,1,0,0,0,0,46.41,5.1,15.47,1.7,53.32,48.54,13.33,12.13
ATX @ ATL,Week 1,ATX,ATL,05 Elise Franke,6,"1,3,7,17,19,22",3,3,1,2,7,3,6,7,0,1,0,1,0,0,0,0,0,0,69.03,12.86,11.5,2.14,99.06,78.8,14.15,11.26
ATX @ ATL,Week 1,ATX,ATL,26 Amy Broome,6,"6,7,13,16,21,22",6,0,3,0,30,8,29,25,5,0,0,1,5,5,0,0,0,0,377.54,101.43,15.73,4.23,330.12,-29.48,13.2,-1.18
ATX @ ATL,Week 1,ATX,ATL,33 Brenda Orellana,4,"3,11,17,19,23",1,3,0,1,1,1,1,1,0,0,0,0,0,0,0,0,0,0,20.34,20.34,20.34,20.34,19.13,4.93,19.13,4.93
PHL @ INDY,Week 1,INDY,PHL,11 Tracey Lo,16,"2,4,6,7,9,10,12,13,15,16,17,18,20,21,22,24",13,3,7,3,65,16,65,51,14,3,2,0,9,9,0,0,0,0,706.13,311.45,13.32,5.88,508.76,-7.93,9.98,-0.16
PHL @ INDY,Week 1,INDY,PHL,77 Katrina McGuire,16,"5,7,8,10,11,13,15,16,17,18,19,20,21,22,23,24",8,8,5,3,27,10,24,24,3,1,1,3,2,2,0,0,0,0,276.41,49.28,12.56,2.24,302.74,104.53,12.61,4.36
PHL @ INDY,Week 1,INDY,PHL,18 Laura Grencser,15,"2,4,6,7,9,10,12,13,15,16,17,18,20,22,24",12,3,7,3,54,15,53,44,10,5,4,1,4,4,0,2,0,0,521.08,181.69,10.63,3.71,444.13,59.94,10.09,1.36
PHL @ INDY,Week 1,INDY,PHL,27 Eliza Hutchins,14,"2,4,6,7,10,12,13,15,16,17,18,20,22,24",11,3,7,3,12,8,10,12,0,0,0,2,1,0,1,0,0,0,90.65,25.66,9.07,2.57,182.03,151.33,15.17,12.61
PHL @ INDY,Week 1,INDY,PHL,04 Rachel Mast,14,"2,4,6,7,9,10,12,13,16,17,18,20,22,24",11,3,6,3,25,13,24,25,0,1,2,1,2,2,0,0,0,0,233.85,48.85,11.14,2.33,322.39,130.87,12.9,5.23
PHL @ INDY,Week 1,INDY,PHL,32 Shani Rosenthal,12,"2,4,6,9,10,12,15,16,18,20,22,24",11,1,6,1,11,9,11,10,1,0,1,0,2,1,1,1,0,0,91.77,22.08,9.18,2.21,125.58,86.79,12.56,8.68
PHL @ INDY,Week 1,INDY,PHL,19 Melissa Gibbs,8,"1,3,5,8,14,18,21,23",2,6,1,0,4,3,3,4,0,0,0,1,0,0,0,1,0,0,34.64,-9.38,11.55,-3.13,57.96,40.58,14.49,10.15
PHL @ INDY,Week 1,INDY,PHL,09 Corinn Rains,8,"5,8,10,17,20,21,23,24",4,4,1,1,6,2,6,4,2,0,0,0,1,1,0,2,0,0,61.08,12.45,12.22,2.49,46.31,36.58,11.58,9.14
PHL @ INDY,Week 1,INDY,PHL,40 Claire Milton,7,"3,5,8,14,19,21,23",1,6,0,0,3,2,3,3,0,0,0,0,1,1,0,0,0,0,28.6,28.56,14.3,14.28,34.91,23.28,11.64,7.76
PHL @ INDY,Week 1,INDY,PHL,82 Riley Dickson,7,"2,6,11,12,15,19,21",5,2,2,0,0,0,0,0,0,0,0,0,1,0,1,1,0,0,0.0,0.0,0.0,0.0,0.0,0.0,0.0,0.0
PHL @ INDY,Week 1,INDY,PHL,17 Kristin Dudley,6,"2,4,6,7,12,13",5,1,3,1,10,5,10,8,2,0,0,0,1,1,0,0,0,0,108.03,23.28,12.0,2.59,79.11,6.14,9.89,0.77
PHL @ INDY,Week 1,INDY,PHL,15 Sydney Loughran,6,"4,7,9,13,17,22",4,2,3,2,5,3,4,5,0,0,0,1,0,0,0,1,0,0,33.94,17.82,8.48,4.45,92.45,68.63,18.49,13.73
PHL @ INDY,Week 1,INDY,PHL,33 Jalyn Baumgartner,5,"1,3,11,14,19",0,5,0,0,0,0,0,0,0,0,0,0,0,0,0,0,0,0,0.0,0.0,0.0,0.0,0.0,0.0,0.0,0.0
PHL @ INDY,Week 1,INDY,PHL,10 Lexie Thomas,5,"1,3,11,14,21",1,4,0,0,1,1,1,0,1,0,0,0,0,0,0,0,0,0,11.07,4.43,11.07,4.43,0.0,0.0,0.0,0.0
PHL @ INDY,Week 1,INDY,PHL,06 Risa Umeno,5,"1,3,11,14,19",0,5,0,0,4,2,4,2,2,0,0,0,1,1,0,0,0,0,32.33,1.96,10.78,0.65,19.67,-17.14,9.84,-8.57
PHL @ INDY,Week 1,INDY,PHL,16 Riely Kuznicki,5,"1,3,5,8,23",0,5,0,0,3,2,3,3,0,0,0,0,0,0,0,0,0,0,39.16,-24.13,13.05,-8.04,37.83,28.56,12.61,9.52
PHL @ INDY,Week 1,INDY,PHL,07 Annie Melink,5,"1,3,5,8,23",0,5,0,0,6,4,6,4,2,0,0,0,1,1,0,0,0,0,74.6,32.23,14.92,6.45,51.84,-28.48,12.96,-7.12
PHL @ INDY,Week 1,INDY,PHL,23 Lili Hobday,4,"5,8,19,23",0,4,0,0,3,2,2,2,1,0,0,0,0,0,0,0,0,1,12.26,-4.6,6.13,-2.3,29.8,0.17,14.9,0.09
PHL @ INDY,Week 1,INDY,PHL,66 Rachel Graber,3,"1,11,14",0,3,0,0,0,0,0,0,0,0,0,0,0,0,0,0,0,0,0.0,0.0,0.0,0.0,0.0,0.0,0.0,0.0
PHL @ INDY,Week 1,INDY,PHL,05 Lizzie Tilden,3,"11,14,19",0,3,0,0,0,0,0,0,0,0,0,0,0,0,0,0,0,0,0.0,0.0,0.0,0.0,0.0,0.0,0.0,0.0
PHL @ INDY,Week 1,INDY,PHL,91 Samantha Phillips,3,"9,15,16",2,1,1,1,2,2,1,2,0,0,0,1,1,0,1,0,0,0,14.64,-8.1,14.64,-8.1,34.92,31.8,17.46,15.9
PHL @ INDY,Week 1,INDY,PHL,29 Emily Hess,1,9,1,0,0,0,1,1,1,1,0,0,0,0,0,0,0,0,0,0,12.82,7.84,12.82,7.84,12.62,5.71,12.62,5.71
PHL @ INDY,Week 1,PHL,INDY,09 Sarah Hirannet,15,"1,3,5,7,8,10,12,13,14,15,17,19,21,22,24",8,7,5,1,9,6,9,9,0,2,0,0,0,0,0,1,0,0,82.72,9.94,9.19,1.1,97.64,61.26,10.85,6.81
PHL @ INDY,Week 1,PHL,INDY,29 Sara Liang,15,"1,3,5,7,8,10,11,13,14,15,19,20,21,23,24",9,6,7,2,43,14,41,30,13,2,1,2,3,2,1,0,0,0,371.36,53.02,9.52,1.36,256.08,13.22,8.54,0.44
PHL @ INDY,Week 1,PHL,INDY,27 Kit Asterin,13,"2,4,6,9,11,12,13,16,17,18,20,22,23",5,8,2,3,39,11,38,27,12,1,1,0,7,6,1,0,0,1,337.62,125.23,10.89,4.04,260.8,-3.65,9.66,-0.14
PHL @ INDY,Week 1,PHL,INDY,19 Grace Maroon,13,"1,3,5,7,8,10,12,14,15,19,21,22,24",6,7,5,1,20,8,17,20,0,1,1,3,1,0,1,1,0,0,129.64,37.53,8.1,2.35,186.13,101.27,9.31,5.06
PHL @ INDY,Week 1,PHL,INDY,00 Emilie Mohler,12,"1,3,5,7,8,12,14,15,17,19,21,24",7,5,5,1,30,10,29,27,3,0,1,0,3,2,1,2,0,0,347.05,179.7,12.85,6.66,255.82,-56.75,9.47,-2.1
PHL @ INDY,Week 1,PHL,INDY,99 Veronica Kolegue-Spalaris,11,"2,4,6,9,11,13,16,17,18,20,23",5,6,2,3,9,6,9,9,0,1,1,0,0,0,0,2,0,0,101.18,4.86,11.24,0.54,104.84,42.17,11.65,4.69
PHL @ INDY,Week 1,PHL,INDY,66 Jess Brand,10,"1,5,7,10,14,15,17,19,22,24",5,5,3,0,2,1,1,2,0,0,1,1,0,0,0,0,0,0,7.66,-4.15,7.66,-4.15,61.88,61.47,30.94,30.74
PHL @ INDY,Week 1,PHL,INDY,73 Chelsea Semper,10,"1,5,7,10,15,17,19,21,22,24",4,6,2,1,7,6,6,7,0,0,0,1,2,2,0,0,0,0,20.73,-7.93,10.37,-3.97,70.83,48.53,10.12,6.93
PHL @ INDY,Week 1,PHL,INDY,21 Linda Morse,10,"2,4,9,11,12,13,16,18,20,23",4,6,2,2,11,6,9,11,0,0,1,2,1,0,1,0,0,0,98.4,31.95,10.93,3.55,142.34,95.14,12.94,8.65
PHL @ INDY,Week 1,PHL,INDY,17 Allie Milligan,9,"1,3,5,8,10,14,15,19,22",6,3,5,0,17,7,17,14,3,1,0,0,0,0,0,0,0,0,153.02,6.5,9,0.38,132.35,-6.65,9.45,-0.47
PHL @ INDY,Week 1,PHL,INDY,15 Layne Dodge,7,"2,6,11,13,18,20,23",3,4,2,2,4,4,4,4,0,0,0,0,1,1,0,1,0,0,26.99,8.93,9,2.98,61.23,53.11,15.31,13.28
PHL @ INDY,Week 1,PHL,INDY,23 Natalie Bova,7,"2,4,9,11,16,20,23",3,4,2,2,19,8,19,18,1,3,1,0,4,4,0,2,0,0,171.23,84.7,12.23,6.05,174.53,54.75,9.7,3.04
PHL @ INDY,Week 1,PHL,INDY,03 Rachel Alfano,7,"4,6,11,16,18,20,23",3,4,2,2,3,3,3,3,0,0,1,0,1,0,1,0,0,0,19.74,-8.79,9.87,-4.4,29.43,25.59,9.81,8.53
PHL @ INDY,Week 1,PHL,INDY,33 Jana Graham,6,"4,6,9,12,16,18",1,5,0,2,0,0,0,0,0,0,0,0,1,0,1,0,0,0,0,0,0,0,0,0,0,0
PHL @ INDY,Week 1,PHL,INDY,22 Liz Hart,6,"2,6,9,12,13,17",2,4,0,2,5,4,3,4,1,0,0,2,1,0,1,4,0,0,23.38,3.29,7.79,1.1,54.6,39.81,13.65,9.95
PHL @ INDY,Week 1,PHL,INDY,10 Neena Kashyap,6,"3,8,14,21,22,24",3,3,3,1,1,1,1,1,0,0,0,0,0,0,0,1,0,0,14.59,7.72,14.59,7.72,39.66,38.67,39.66,38.67
PHL @ INDY,Week 1,PHL,INDY,08 Joanna Maida,6,"2,4,6,9,16,18",1,5,0,2,13,7,13,8,5,0,0,0,0,0,0,0,0,0,122.47,41.89,10.21,3.49,79.64,-20.09,9.96,-2.51
PHL @ INDY,Week 1,PHL,INDY,48 Caroline Weinberg,5,"3,7,8,10,21",2,3,2,1,2,2,2,2,0,0,0,0,2,1,1,0,0,0,8.51,-4.72,8.51,-4.72,28.53,21.8,14.26,10.9
RAL @ LA,Week 1,LA,RAL,03 Chip Yen,10,"1,4,7,8,11,14,15,16,18,20",8,3,5,0,9,7,8,9,0,0,0,1,0,0,0,4,0,0,89.3,20.76,11.16,2.6,123.82,61.63,13.76,6.85
RAL @ LA,Week 1,LA,RAL,50 Lilet Brooks,10,"1,4,7,8,11,14,15,16,18,20",8,3,5,0,10,7,9,9,1,0,0,1,5,2,3,1,0,0,66.88,-2.57,9.55,-0.37,198.02,179.84,22,19.98
RAL @ LA,Week 1,LA,RAL,01 Maggie O'Connor,10,"1,4,7,8,11,14,15,16,18,20",8,3,5,0,43,9,42,31,12,2,2,1,5,5,0,1,0,0,528.84,252.37,14.69,7.01,341.46,36.81,11.01,1.19
RAL @ LA,Week 1,LA,RAL,00 Stephanie Pritchard,9,"1,4,7,8,11,14,16,18,20",8,2,5,0,7,5,7,7,0,0,0,0,0,0,0,0,0,0,67.45,4.13,9.64,0.59,132.88,97.06,18.98,13.87
RAL @ LA,Week 1,LA,RAL,11 Emily Ash,9,"1,4,7,8,11,14,16,18,20",8,2,5,0,4,3,3,4,0,0,0,1,0,0,0,0,0,0,26.96,-1.76,8.99,-0.59,53.67,22.89,13.42,5.72
RAL @ LA,Week 1,LA,RAL,25 Samantha Wool,9,"1,4,7,8,11,14,16,18,20",8,2,5,0,40,8,40,34,6,3,1,0,4,4,0,1,0,0,440.97,153.96,12.6,4.4,351.38,44.16,10.33,1.3
RAL @ LA,Week 1,LA,RAL,44 Nadine Meister,9,"3,5,9,12,13,15,16,18,20",5,4,4,1,25,8,25,21,4,1,2,0,2,2,0,0,0,0,291.91,155.68,12.69,6.77,237.72,13.37,11.32,0.64
RAL @ LA,Week 1,LA,RAL,93 Naomi Guzman,7,"3,5,9,12,13,17,19,21",3,4,3,1,17,8,16,7,10,1,0,1,3,3,0,0,0,0,199.74,104.11,16.65,8.68,77.38,34.34,11.05,4.91
RAL @ LA,Week 1,LA,RAL,24 Avalon Igawa,7,"3,5,9,12,13,17,19",3,4,3,1,8,4,6,7,1,1,0,2,0,0,0,2,0,0,69.64,36.1,11.61,6.02,119.13,51.41,17.02,7.34
RAL @ LA,Week 1,LA,RAL,26 Cameron Helm,7,"3,5,9,12,13,17,19",3,4,3,1,11,5,10,11,0,0,0,1,3,2,1,0,0,0,91.76,34.81,13.11,4.97,138.87,67.6,12.62,6.15
RAL @ LA,Week 1,LA,RAL,20 Madee Shade,6,"1,4,7,8,11,14,21",5,2,3,0,10,4,9,10,0,0,0,1,2,2,0,0,0,0,94.12,17.81,13.45,2.54,123.29,42.27,12.33,4.23
RAL @ LA,Week 1,LA,RAL,02 Iman Haq,5,"3,5,9,12,13,21",2,3,2,1,7,3,7,7,0,0,0,0,1,1,0,0,0,0,52.73,10.77,10.55,2.15,78.42,22.49,11.2,3.21
RAL @ LA,Week 1,LA,RAL,29 Hanae Oda,4,"2,6,10,15,21",0,4,0,0,5,4,5,5,0,0,0,0,0,0,0,0,0,0,58.69,18.74,11.74,3.75,69.38,24.22,13.88,4.84
RAL @ LA,Week 1,LA,RAL,41 Natalie So,5,"2,6,10,17,19",1,4,1,0,9,5,9,7,2,0,0,0,2,2,0,0,0,0,74.8,25.74,10.69,3.68,84.53,9.82,12.08,1.4
RAL @ LA,Week 1,LA,RAL,05 Sharon Tseng,5,"2,6,10,17,19",1,4,1,0,5,4,5,4,1,0,0,0,1,1,0,1,0,0,41.24,-20.12,10.31,-5.03,57.86,49.38,14.46,12.34
RAL @ LA,Week 1,LA,RAL,16 Karli Steiner,5,"2,6,10,17,19",1,4,1,0,18,6,18,10,8,0,0,0,7,6,1,1,0,0,186.52,71.39,15.54,5.95,113.51,3.59,11.35,0.36
RAL @ LA,Week 1,LA,RAL,07 Jessica Martinez,5,"2,6,10,17,19",1,4,1,0,4,3,3,3,1,0,1,0,0,0,0,1,0,0,33.16,1.22,16.58,0.61,70.92,60.76,23.64,20.25
RAL @ LA,Week 1,LA,RAL,34 Amanda Ring,5,"3,5,9,12,13",2,3,2,1,6,3,6,4,2,0,1,0,2,1,1,2,0,0,52.16,10.7,10.43,2.14,73.59,59.33,18.4,14.83
RAL @ LA,Week 1,LA,RAL,15 Violet Wei,3,"3,5,13,21",1,2,1,1,2,1,2,2,0,1,0,0,1,1,0,0,0,0,20.74,20.73,20.74,20.73,27.12,19.51,13.56,9.75
RAL @ LA,Week 1,LA,RAL,40 Veronica Yee,4,"2,6,10,15",0,4,0,0,2,2,2,2,0,0,0,0,1,0,1,0,0,0,24.93,11.24,12.46,5.62,31.99,17.2,15.99,8.6
RAL @ LA,Week 1,LA,RAL,89 Lexy Roy,2,"9,12,21",1,1,1,0,1,1,1,1,0,0,1,0,0,0,0,0,0,0,7.47,6.91,7.47,6.91,15.04,15.04,15.04,15.04
RAL @ LA,Week 1,LA,RAL,23 Frances Lebar,1,"2,21",0,1,0,0,0,0,0,0,0,0,0,0,0,0,0,0,0,0,0,0,0,0,0,0,0,0
RAL @ LA,Week 1,LA,RAL,17 Rachel Johnston,2,"6,10",0,2,0,0,0,0,0,0,0,0,0,0,0,0,0,0,0,0,0,0,0,0,0,0,0,0
RAL @ LA,Week 1,RAL,LA,88 Maddie Pletzke,16,"2,3,4,5,6,8,9,12,14,15,16,17,19,21,22,23",11,5,7,2,11,7,9,10,1,1,1,2,4,1,3,0,0,0,107.95,17.29,13.49,2.16,166.33,105.20,16.63,10.52
RAL @ LA,Week 1,RAL,LA,02 Claire Bidigare-Curtis,16,"2,4,5,6,8,9,11,12,14,15,16,17,19,21,22,23",11,5,7,2,14,6,13,14,0,0,1,1,1,0,1,2,0,0,154.86,40.28,12.90,3.36,198.10,30.54,14.15,2.18
RAL @ LA,Week 1,RAL,LA,15 Carmen Tormey,16,"2,4,5,6,7,8,10,12,14,15,16,17,19,21,22,23",11,5,8,3,8,7,7,7,1,2,1,1,1,0,1,0,0,0,91.43,55.31,18.29,11.06,141.48,75.28,20.21,10.75
RAL @ LA,Week 1,RAL,LA,21 Julia Hoffmann,15,"2,4,5,6,8,9,11,12,14,15,16,17,19,22,23",11,4,7,2,6,5,4,6,0,1,0,2,1,1,0,2,0,0,71.88,65.19,23.96,21.73,78.56,73.43,13.09,12.24
RAL @ LA,Week 1,RAL,LA,06 Jenny Wei,15,"2,4,5,6,8,9,11,12,14,15,16,17,19,22,23",11,4,7,2,22,11,20,19,3,3,1,2,3,2,1,2,0,0,254.56,104.44,14.97,6.14,253.13,111.44,13.32,5.87
RAL @ LA,Week 1,RAL,LA,59 Audrey Lyman,15,"2,4,5,6,8,9,11,12,14,15,16,17,19,22,23",11,4,7,2,48,14,48,24,24,2,1,0,7,7,0,0,0,0,544.54,209.16,13.96,5.36,291.94,19.42,12.16,0.81
RAL @ LA,Week 1,RAL,LA,45 Caitlin Gross,13,"2,4,5,6,8,12,14,15,16,17,19,22,23",10,3,7,2,21,9,21,21,0,0,3,0,3,3,0,0,0,0,217.50,92.64,12.79,5.45,289.05,136.49,13.76,6.50
RAL @ LA,Week 1,RAL,LA,22 Julia Zwierzynski,10,"1,3,7,9,10,11,13,18,20,21",2,8,1,2,5,4,5,5,0,0,0,0,2,1,1,0,0,0,28.62,19.97,9.54,6.66,66.78,46.46,13.36,9.29
RAL @ LA,Week 1,RAL,LA,43 Claire Hackl,9,"1,3,7,10,11,13,18,20,21",1,8,1,2,5,5,4,2,3,0,0,1,2,1,1,1,0,0,49.33,23.06,16.44,7.69,24.27,12.83,12.13,6.42
RAL @ LA,Week 1,RAL,LA,09 Jinny Riedel,8,"1,3,7,10,11,13,18,20",1,7,1,2,23,9,23,10,13,2,0,0,7,7,0,1,0,0,268.15,188.51,17.88,12.57,91.32,3.28,9.13,0.33
RAL @ LA,Week 1,RAL,LA,24 Hannah Boettcher,8,"1,3,7,10,13,18,20,21",1,7,1,2,7,6,7,7,0,1,0,0,2,1,1,1,0,0,62.75,0.14,10.46,0.02,147.98,76.93,21.14,10.99
RAL @ LA,Week 1,RAL,LA,48 Natalie Baumgarten,8,"1,3,7,10,13,18,20,21",1,7,1,2,9,5,7,7,2,0,1,2,2,1,1,2,0,0,101.70,64.92,20.34,12.98,152.36,121.39,21.77,17.34
RAL @ LA,Week 1,RAL,LA,18 Sarah McKee,6,"1,7,9,13,18,20",2,4,1,1,8,4,8,6,2,0,1,0,2,1,1,0,0,0,74.81,24.55,12.47,4.09,72.43,39.12,12.07,6.52
RAL @ LA,Week 1,RAL,LA,19 Sydney Kelley,6,"1,3,10,13,18,20",0,6,0,2,1,1,1,1,0,0,0,0,0,0,0,0,0,0,6.81,2.88,6.81,2.88,22.93,18.32,22.93,18.32
LA @ NASH,Week 2,LA,NASH,24 Avalon Igawa,10,"2,6,7,9,10,11,13,15,17,19",4,7,1,5,10,6,10,10,0,0,0,0,1,1,0,0,0,0,87.7,8.13,10.96,1.02,121.93,54.05,12.19,5.41
LA @ NASH,Week 2,LA,NASH,01 Maggie O'Connor,8,"1,4,7,10,11,15,16,19",7,2,4,1,15,7,15,10,5,2,0,0,2,1,1,0,0,0,254.2,165.07,19.55,12.7,105.54,3.52,10.55,0.35
LA @ NASH,Week 2,LA,NASH,16 Karli Steiner,7,"3,5,8,12,13,16,17,20",2,5,2,4,11,7,11,9,2,4,1,0,1,1,0,2,0,0,201.12,137.84,20.11,13.78,123.75,48.23,13.75,5.36
LA @ NASH,Week 2,LA,NASH,11 Emily Ash,8,"1,4,7,10,11,15,16,19",7,2,4,1,4,3,4,4,0,2,0,0,0,0,0,0,0,0,55.36,18.9,13.84,4.72,69.66,56.63,17.41,14.16
LA @ NASH,Week 2,LA,NASH,00 Stephanie Pritchard,8,"1,4,7,10,11,15,16,19",7,2,4,1,6,4,5,6,0,0,0,1,1,1,0,1,0,0,46.22,24.99,11.55,6.25,132.65,80.13,22.11,13.35
LA @ NASH,Week 2,LA,NASH,25 Samantha Wool,8,"1,4,7,10,11,15,16,19",7,2,4,1,16,7,16,10,6,1,3,0,4,2,2,0,0,0,213.71,124.56,15.26,8.9,117.59,36.71,11.76,3.67
LA @ NASH,Week 2,LA,NASH,03 Chip Yen,8,"1,4,7,10,11,15,16,19",7,2,4,1,10,6,6,10,0,0,1,4,0,0,0,0,0,0,69.25,31.77,11.54,5.29,193.19,134.18,19.32,13.42
LA @ NASH,Week 2,LA,NASH,44 Nadine Meister,7,"2,6,9,11,15,16,19",3,4,2,2,8,3,8,8,0,0,1,0,1,1,0,0,0,0,74.49,61.84,10.64,8.83,125.85,16.59,15.73,2.07
LA @ NASH,Week 2,LA,NASH,89 Lexy Roy,6,"2,6,9,12,14,18,20",1,5,1,4,5,4,4,5,0,1,1,1,0,0,0,0,0,0,51.61,18.15,12.9,4.54,83.1,75.86,16.62,15.17
LA @ NASH,Week 2,LA,NASH,93 Naomi Guzman,6,"2,6,9,12,13,17,20",1,5,1,4,21,7,21,11,10,1,1,0,1,1,0,2,0,0,329.28,120.09,16.46,6,139.02,26.62,12.64,2.42
LA @ NASH,Week 2,LA,NASH,09 Arenaria Cramer,6,"3,5,8,12,13,17,20",1,5,1,4,16,7,16,9,7,1,2,0,3,2,1,1,0,0,201.1,123.54,15.47,9.5,140.69,32.85,15.63,3.65
LA @ NASH,Week 2,LA,NASH,04 Amy Lee,6,"3,5,8,12,13,17,20",1,5,1,4,4,4,3,4,0,0,0,1,2,2,0,0,0,0,19.59,-4.33,19.59,-4.33,67.9,38.2,16.97,9.55
LA @ NASH,Week 2,LA,NASH,26 Cameron Helm,6,"2,6,9,12,13,17,20",1,5,1,4,11,6,9,10,1,1,0,2,0,0,0,0,0,0,158.81,112.37,17.65,12.49,132.71,85.89,13.27,8.59
LA @ NASH,Week 2,LA,NASH,20 Madee Shade,6,"1,4,7,10,14,18",4,3,2,3,10,7,10,6,4,0,1,0,2,2,0,1,0,0,118.22,43.21,16.89,6.17,55.32,14.43,9.22,2.4
LA @ NASH,Week 2,LA,NASH,29 Hanae Oda,6,"3,5,8,12,14,18",1,5,1,4,8,6,8,6,2,0,0,0,2,1,1,0,0,0,124.45,61.97,17.78,8.85,78.04,22.76,13.01,3.79
LA @ NASH,Week 2,LA,NASH,07 Jessica Martinez,5,"3,5,8,13,17,20",0,5,0,4,10,6,10,9,1,0,1,0,2,2,0,2,0,0,91.87,-7.59,11.48,-0.95,155.32,98.81,17.26,10.98
LA @ NASH,Week 2,LA,NASH,17 Rachel Johnston,5,"3,5,8,14,18",0,5,0,4,2,2,1,2,0,0,0,1,1,0,1,0,0,0,14.1,0.54,14.1,0.54,25.31,13.34,12.66,6.67
LA @ NASH,Week 2,LA,NASH,19 Sophie Havranek,5,"2,6,9,14,18",0,5,0,4,8,3,7,8,0,0,1,1,2,2,0,1,0,0,59.08,31.7,11.82,6.34,176.56,113.72,22.07,14.22
LA @ NASH,Week 2,LA,NASH,23 Frances Lebar,5,"3,5,8,14,18",0,5,0,4,6,5,4,6,0,1,0,2,1,1,0,0,0,0,30.28,15.71,10.09,5.24,122.11,112.84,20.35,18.81
LA @ NASH,Week 2,LA,NASH,02 Iman Haq,5,"2,6,9,14,18",0,5,0,4,8,5,7,8,0,0,0,1,1,0,1,0,0,0,85.47,29.87,12.21,4.27,112.19,35.09,14.02,4.39
LA @ NASH,Week 2,LA,NASH,50 Lilet Brooks,2,"1,4",2,0,2,0,2,2,2,2,0,0,1,0,0,0,0,1,0,0,19.28,8.47,9.64,4.23,26.75,26.35,13.38,13.17
LA @ NASH,Week 2,NASH,LA,03 Sara Mog,11,"2,5,6,8,9,12,13,15,17,18,19",10,1,2,0,37,9,37,27,10,0,0,0,3,3,0,2,0,0,433.99,180.61,12.76,5.31,348.7,23.18,12.91,0.86
LA @ NASH,Week 2,NASH,LA,16 Emily Branson,10,"2,5,6,8,9,12,13,15,17,18,20",9,1,2,0,38,11,38,27,11,1,0,0,6,6,0,0,0,0,419.08,140.49,13.52,4.53,324.03,103.69,12,3.84
LA @ NASH,Week 2,NASH,LA,61 Madison Oakman,10,"1,3,4,7,10,11,14,16,18,19",5,5,1,2,10,4,9,7,3,0,0,1,3,2,1,0,0,0,91.54,17.52,13.08,2.5,86.63,-16.78,12.38,-2.4
LA @ NASH,Week 2,NASH,LA,22 Becca Henley,9,"2,5,6,8,9,13,15,17,18,20",9,0,2,0,13,9,11,13,0,0,0,2,0,0,0,1,0,0,134.85,-0.88,12.26,-0.08,260.04,202.38,20,15.57
LA @ NASH,Week 2,NASH,LA,01 Tori Radcliffe,8,"2,5,6,8,14,15,17,18,20",8,0,1,0,18,9,18,18,0,1,0,0,6,5,1,0,0,0,154.54,38.12,11.89,2.93,240.78,68.37,13.38,3.8
LA @ NASH,Week 2,NASH,LA,06 Rebecca Fagan,9,"1,3,7,9,10,11,13,15,17",6,3,3,2,9,5,9,8,1,1,1,0,2,2,0,1,0,0,81.94,35.47,13.66,5.91,130.32,81.98,16.29,10.25
LA @ NASH,Week 2,NASH,LA,15 Sylvia Brown,9,"1,3,7,9,10,11,13,15,17",6,3,3,2,36,10,36,32,4,2,2,0,4,4,0,1,0,0,495.35,149.1,15.48,4.66,376.76,98.55,11.77,3.08
LA @ NASH,Week 2,NASH,LA,96 Natalie Wilson,8,"1,3,7,9,10,11,13,17",5,3,2,2,7,3,6,6,1,0,1,1,0,0,0,4,0,0,69.88,6.99,11.65,1.17,85.92,56.52,14.32,9.42
LA @ NASH,Week 2,NASH,LA,91 Savannah Sillivant,7,"2,5,6,8,13,15,18,20",7,0,1,0,11,6,11,11,0,0,0,0,3,2,1,1,0,0,137.19,61.23,15.24,6.8,123.11,43.49,11.19,3.95
LA @ NASH,Week 2,NASH,LA,17 Rachel Barr,6,"2,5,6,8,14,18,20",6,0,0,0,4,3,4,4,0,0,0,0,0,0,0,0,0,0,41.85,-6.77,10.46,-1.69,39.99,15.6,10,3.9
LA @ NASH,Week 2,NASH,LA,71 Mattea Swegles,7,"1,3,7,9,10,14,16",4,3,2,1,1,1,1,1,0,0,0,0,1,1,0,0,0,0,0,0,0,0,14.94,6.62,14.94,6.62
LA @ NASH,Week 2,NASH,LA,56 Kate Blankenship,6,"4,7,10,12,14,16",2,4,0,1,5,2,5,5,0,0,0,0,0,0,0,0,0,0,56.09,1.03,11.22,0.21,80.56,-13.25,16.11,-2.65
LA @ NASH,Week 2,NASH,LA,14 Hanna McClain,4,"3,6,8,14,20",4,0,1,0,2,2,2,2,0,0,0,0,0,0,0,1,0,0,16.91,-10.01,8.46,-5,24.64,20.02,12.32,10.01
LA @ NASH,Week 2,NASH,LA,42 Emma Patterson,5,"1,3,11,14,19",3,2,1,1,14,5,14,7,7,0,1,0,3,3,0,1,0,0,148.39,95.97,13.49,8.72,90.31,-50.12,12.9,-7.16
LA @ NASH,Week 2,NASH,LA,02 Elizabeth Wu,4,"4,7,12,19",2,2,0,0,0,0,0,0,0,0,0,0,0,0,0,0,0,0,0,0,0,0,0,0,0,0
LA @ NASH,Week 2,NASH,LA,18 Morgan Butts,4,"10,12,16,19",1,3,0,1,2,2,1,2,0,0,0,1,0,0,0,0,0,0,0,0,0,0,24.56,23.48,12.28,11.74
LA @ NASH,Week 2,NASH,LA,21 Elena Rubino,4,"1,4,11,16",0,4,0,1,1,1,1,1,0,0,0,0,1,1,0,0,0,0,0,0,0,0,10.46,8.1,10.46,8.1
LA @ NASH,Week 2,NASH,LA,80 Kelsea LeBeau,3,"2,5,16,20",2,1,0,0,4,3,4,3,1,0,0,0,1,1,0,0,0,0,39.3,30.17,13.1,10.06,29.38,2.06,9.79,0.69
LA @ NASH,Week 2,NASH,LA,26 Leah Shorb,3,"4,12,19",1,2,0,0,4,2,4,4,0,0,0,0,0,0,0,0,0,0,40.33,-8.02,10.08,-2.01,45.88,40.7,11.47,10.17
LA @ NASH,Week 2,NASH,LA,19 Claire Williams,3,"4,12,19",1,2,0,0,1,1,1,1,0,0,0,0,0,0,0,0,0,0,10.8,10.67,10.8,10.67,35.03,27.08,35.03,27.08
LA @ NASH,Week 2,NASH,LA,13 Sandy Taylor,3,"4,11,16",0,3,0,1,0,0,0,0,0,0,0,0,0,0,0,0,0,0,0,0,0,0,0,0,0,0
NY @ PHL,Week 2,NY,PHL,33 Valeria Cárdenas,18,"2,4,5,6,8,9,10,12,13,14,16,18,19,21,22,24,25,26,27",10,8,7,4,62,18,59,50,12,2,2,3,6,5,1,0,0,0,677.02,270.73,12.54,5.01,540.76,216.39,10.82,4.33
NY @ PHL,Week 2,NY,PHL,24 Jolie Krebs,16,"2,4,6,8,10,12,13,14,16,18,19,21,22,23,25,26,27",11,5,8,3,32,13,32,32,0,3,2,0,1,1,0,0,0,0,370.07,192.29,11.94,6.20,399.01,120.19,12.47,3.76
NY @ PHL,Week 2,NY,PHL,31 Eli Presberg,15,"1,3,5,7,11,12,14,17,18,19,21,22,23,25,26,27",8,7,5,3,35,14,35,33,2,2,0,0,4,4,0,0,0,0,408.18,177.48,13.17,5.73,410.53,14.70,12.44,0.45
NY @ PHL,Week 2,NY,PHL,20 Yina Cartagena,15,"2,4,5,6,8,11,13,16,17,18,19,21,22,25,26",12,3,8,1,62,15,62,47,15,6,1,0,3,2,1,0,0,0,730.10,350.06,12.59,6.04,448.65,31.57,9.55,0.67
NY @ PHL,Week 2,NY,PHL,00 Genny De Jesus,14,"2,4,6,8,10,11,12,13,14,16,18,19,21,23,27",10,4,8,2,5,3,4,5,0,0,1,1,0,0,0,0,0,0,31.05,1.39,7.76,0.35,62.38,32.29,12.48,6.46
NY @ PHL,Week 2,NY,PHL,03 Liv Player,12,"1,3,7,9,10,15,17,20,22,23,24,26,27",3,9,1,2,16,8,15,12,4,0,1,1,2,1,1,1,0,0,177.19,75.99,13.63,5.85,165.92,86.74,13.83,7.23
NY @ PHL,Week 2,NY,PHL,88 Nikki Hair,11,"1,5,7,9,10,11,12,14,17,20,24,27",2,9,1,3,2,2,1,2,0,0,0,1,0,0,0,0,0,0,8.90,-7.57,8.90,-7.57,35.25,34.91,17.63,17.45
NY @ PHL,Week 2,NY,PHL,07 Abby Hecko,11,"1,5,9,10,11,12,14,17,20,24,25,27",3,8,2,3,20,9,19,17,3,0,2,1,1,1,0,1,0,0,236.58,58.68,13.14,3.26,220.12,2.56,12.95,0.15
NY @ PHL,Week 2,NY,PHL,10 Ella Juengst,11,"1,3,7,9,11,15,20,22,23,24,26",3,8,2,2,9,6,9,9,0,0,1,0,2,2,0,1,0,0,60.29,-7.96,8.61,-1.14,117.94,75.88,13.10,8.43
NY @ PHL,Week 2,NY,PHL,66 Janine Hlavaty,11,"2,4,6,8,13,16,18,19,21,22,25",10,1,7,0,11,9,10,11,0,0,1,1,2,2,0,2,0,0,87.93,-11.75,10.99,-1.47,153.73,111.90,13.98,10.17
NY @ PHL,Week 2,NY,PHL,19 Eastelle Ding,10,"2,4,6,8,13,16,18,19,21,25",9,1,7,0,13,7,10,13,0,0,0,3,0,0,0,0,0,0,99.83,-4.68,11.09,-0.52,198.45,138.12,15.27,10.62
NY @ PHL,Week 2,NY,PHL,04 Marié Weverka,8,"1,5,7,11,15,17,20,24",2,6,1,0,3,3,3,3,0,0,0,0,0,0,0,0,0,0,50.63,-11.69,16.88,-3.90,41.55,27.84,13.85,9.28
NY @ PHL,Week 2,NY,PHL,26 Mari Malin,7,"2,4,6,8,13,16,20",5,2,4,0,11,4,11,11,0,0,1,0,0,0,0,0,0,0,119.76,2.95,10.89,0.27,107.43,-5.29,9.77,-0.48
NY @ PHL,Week 2,NY,PHL,21 Montana Roberts,6,"3,9,10,12,14,15",0,6,0,3,5,4,3,5,0,0,0,2,0,0,0,1,0,0,37.85,-8.85,12.62,-2.95,115.94,94.59,23.19,18.92
NY @ PHL,Week 2,NY,PHL,12 Casey Banta-Ryan,6,"3,9,15,17,23,24",2,4,1,1,3,2,3,3,0,0,0,0,2,1,1,0,0,0,13.37,8.63,6.69,4.31,34.45,23.10,11.48,7.70
NY @ PHL,Week 2,NY,PHL,09 Cassie Brown,6,"1,3,7,15,20,26",0,6,0,1,7,4,7,6,1,0,0,0,1,1,0,0,0,0,55.90,3.40,9.32,0.57,96.48,48.55,16.08,8.09
NY @ PHL,Week 2,NY,PHL,74 Sam Harris,5,"3,5,7,15,23",1,4,1,0,3,3,3,3,0,0,1,0,0,0,0,1,0,0,32.88,-10.13,10.96,-3.38,48.91,24.94,16.30,8.31
NY @ PHL,Week 2,PHL,NY,29 Sara Liang,17,"1,3,4,5,6,7,9,12,13,14,16,17,20,22,23,24,26,27",11,6,6,3,46,15,45,35,11,2,2,1,3,3,0,1,0,0,430.51,72.55,10.5,1.77,322.56,82.63,9.22,2.36
NY @ PHL,Week 2,PHL,NY,19 Grace Maroon,16,"1,4,5,6,7,9,12,13,14,16,17,20,22,24,25,26,27",10,6,5,3,19,8,17,19,0,1,0,2,2,1,1,0,0,0,127.88,-5.43,7.99,-0.34,223.38,175.98,11.76,9.26
NY @ PHL,Week 2,PHL,NY,22 Liz Hart,14,"1,5,6,7,9,12,13,16,17,20,21,23,24,26,27",9,5,5,3,15,10,13,15,0,2,1,2,0,0,0,0,0,0,162.55,100.21,13.55,8.35,154,124.45,10.27,8.3
NY @ PHL,Week 2,PHL,NY,05 Lindsay McKenna,14,"2,3,4,6,8,10,15,18,19,22,23,24,25,26,27",5,9,4,1,7,6,5,7,0,1,1,2,2,1,1,1,0,0,51.99,30.31,13,7.58,113.31,84.27,16.19,12.04
NY @ PHL,Week 2,PHL,NY,21 Linda Morse,15,"1,4,5,6,7,9,12,13,14,16,18,20,22,24,26",10,5,5,2,8,5,7,8,0,0,1,1,0,0,0,0,0,0,59.21,13.58,9.87,2.26,104.51,60.9,13.06,7.61
NY @ PHL,Week 2,PHL,NY,09 Sarah Hirannet,11,"2,3,8,10,11,15,18,19,21,23,25,27",3,8,3,1,1,1,1,1,0,0,1,0,1,0,1,0,0,0,6.69,5.65,6.69,5.65,14.91,2.64,14.91,2.64
NY @ PHL,Week 2,PHL,NY,20 Danielle Walsh,12,"1,4,5,7,9,12,13,14,16,17,20,24",9,3,5,2,38,12,38,30,8,1,2,0,7,4,3,1,0,0,348.41,187.28,10.25,5.51,259.59,-92.92,8.65,-3.1
NY @ PHL,Week 2,PHL,NY,27 Kit Asterin,11,"2,3,6,8,10,11,15,19,21,23,25,27",3,8,3,1,26,10,24,16,10,1,1,2,5,5,0,1,0,0,207.27,58.04,11.52,3.22,149.22,33.17,9.33,2.07
NY @ PHL,Week 2,PHL,NY,00 Emilie Mohler,11,"2,3,8,10,11,15,18,19,21,25,26,27",4,7,3,1,18,6,18,14,4,1,0,0,3,2,1,0,0,0,210.91,137.74,14.06,9.18,124.73,-33.81,8.91,-2.41
NY @ PHL,Week 2,PHL,NY,23 Natalie Bova,11,"2,5,7,11,15,18,19,21,22,23,25",3,8,3,2,10,5,10,10,0,1,0,0,1,1,0,0,0,0,72.06,7.43,8.01,0.83,87.43,27.38,8.74,2.74
NY @ PHL,Week 2,PHL,NY,01 Emily Shields,10,"1,6,7,9,12,14,17,20,21,26",7,3,3,2,8,6,8,8,0,1,1,0,2,2,0,0,0,0,73.47,51.82,12.24,8.64,108.79,67.91,13.6,8.49
NY @ PHL,Week 2,PHL,NY,15 Layne Dodge,9,"2,3,8,10,11,15,18,19,22",3,6,3,1,4,4,3,4,0,0,0,1,0,0,0,0,0,0,31.46,13.44,10.49,4.48,98.21,79.06,24.55,19.76
NY @ PHL,Week 2,PHL,NY,04 Eliana Harnage,8,"8,11,16,17,19,21,23,25",0,8,0,3,6,4,6,6,0,0,1,0,2,1,1,0,0,0,44.07,-9.51,8.81,-1.9,63.64,37.6,10.61,6.27
NY @ PHL,Week 2,PHL,NY,17 Allie Milligan,7,"1,5,9,12,14,20,24",7,0,4,0,12,4,12,10,2,0,0,0,0,0,0,0,0,0,88.16,14.44,7.35,1.2,78.88,-10.65,7.89,-1.07
NY @ PHL,Week 2,PHL,NY,08 Joanna Maida,4,"2,3,10,11",2,2,2,0,2,2,2,0,2,1,0,0,0,0,0,0,0,0,25.53,8.93,12.77,4.47,0,0,0,0
NY @ PHL,Week 2,PHL,NY,13 Melinda Alvey,4,"4,13,16,22",1,3,0,2,1,1,1,1,0,0,0,0,0,0,0,0,0,0,14.15,8.22,14.15,8.22,11.52,2.22,11.52,2.22
NY @ PHL,Week 2,PHL,NY,03 Rachel Alfano,4,"8,10,15,18",2,2,2,0,0,0,0,0,0,0,0,0,0,0,0,0,0,0,0,0,0,0,0,0,0,0
NY @ PHL,Week 2,PHL,NY,73 Chelsea Semper,2,"4,13",1,1,0,0,1,1,1,1,0,0,0,0,0,0,0,0,0,0,13.09,-5.65,13.09,-5.65,10.38,6.5,10.38,6.5
NY @ PHL,Week 2,PHL,NY,66 Jess Brand,2,"14,17",1,1,0,1,1,1,0,1,0,0,0,1,0,0,0,0,0,0,0,0,0,0,42.33,41.74,42.33,41.74
ATL @ DC,Week 3,ATL,DC,11 Quincy Booth,16,"2,3,5,7,8,9,10,16,17,18,20,21,23,25,28,29,30",14,2,6,0,38,15,37,28,10,2,0,1,5,5,0,1,0,0,435.35,173.67,14.04,5.6,363.87,105.53,13.0,3.77
ATL @ DC,Week 3,ATL,DC,05 Megan Jarriel,14,"2,3,5,7,8,10,16,18,20,21,23,25,28,29,30",13,1,6,0,19,10,17,19,0,0,1,2,2,0,2,1,0,0,157.52,10.23,9.27,0.6,235.97,162.29,12.42,8.54
ATL @ DC,Week 3,ATL,DC,10 Mia Griner,14,"3,4,6,7,9,10,13,17,19,20,23,24,27,28,30",9,5,3,0,17,7,17,14,3,0,0,0,2,2,0,0,0,0,227.42,9.28,15.16,0.62,187.02,94.89,13.36,6.78
ATL @ DC,Week 3,ATL,DC,26 Morgan Lally,14,"2,3,5,7,8,10,16,18,20,21,23,25,28,29,30",13,1,6,0,19,9,19,19,0,0,2,0,1,0,1,1,0,0,211.58,-2.44,11.14,-0.13,239.66,113.45,12.61,5.97
ATL @ DC,Week 3,ATL,DC,04 Chloe Greene,14,"2,3,5,7,8,10,16,18,20,21,23,25,28,29",13,1,6,0,36,12,36,30,6,1,1,0,2,2,0,0,0,0,435.99,196.56,13.62,6.14,360.08,27.43,12.0,0.91
ATL @ DC,Week 3,ATL,DC,14 Charlotte Doran,13,"1,3,7,9,11,12,13,14,17,20,23,27,28,30",8,5,4,0,14,9,12,11,3,0,0,2,3,3,0,1,0,0,135.12,78.1,15.01,8.68,196.93,48.63,17.9,4.42
ATL @ DC,Week 3,ATL,DC,33 Georgia Tse,13,"1,2,5,8,13,14,16,18,21,25,27,28,29",9,4,6,0,16,8,16,16,0,3,0,0,3,2,1,1,0,0,204.53,109.93,14.61,7.85,234.31,50.66,14.64,3.17
ATL @ DC,Week 3,ATL,DC,09 Liv Ford,11,"1,9,11,12,13,14,15,17,22,26,27,30",5,6,3,0,18,10,18,9,9,1,1,0,6,6,0,1,0,0,217.68,76.81,18.14,6.4,101.03,36.44,11.23,4.05
ATL @ DC,Week 3,ATL,DC,01 Charlie Hawkins,12,"2,5,8,10,15,16,18,21,22,25,26,29",10,2,5,0,25,9,25,22,3,0,0,0,2,2,0,0,0,0,318.79,164.12,13.86,7.14,264.23,21.67,12.01,0.99
ATL @ DC,Week 3,ATL,DC,44 Jordan Harn,10,"1,3,7,9,13,14,17,20,23,27,30",6,4,2,0,5,3,5,5,0,0,0,0,1,0,1,2,0,0,55.84,20.93,11.17,4.19,56.95,7.86,11.39,1.57
ATL @ DC,Week 3,ATL,DC,51 Lilli Popovich,11,"1,4,6,13,14,16,18,21,24,25,29",6,5,3,0,0,0,0,0,0,0,0,0,0,0,0,2,0,0,0.0,0.0,0.0,0.0,0.0,0.0,0.0,0.0
ATL @ DC,Week 3,ATL,DC,17 Christina Marsicano,10,"1,9,11,12,13,14,15,22,26,27",4,6,3,0,5,3,5,3,2,0,1,0,0,0,0,1,0,0,70.23,31.29,14.05,6.26,51.56,-11.24,17.19,-3.75
ATL @ DC,Week 3,ATL,DC,22 Anna Gustafson,10,"4,6,11,12,15,17,19,22,24,26",5,5,2,0,3,3,2,3,0,0,0,1,1,0,1,0,0,0,26.0,-10.5,13.0,-5.25,95.29,86.09,31.76,28.7
ATL @ DC,Week 3,ATL,DC,12 Emma Jaschke,10,"1,9,11,12,14,15,17,22,26,27",4,6,2,0,3,2,3,3,0,1,0,0,1,1,0,0,0,0,20.01,13.28,10.0,6.64,49.17,5.35,16.39,1.78
ATL @ DC,Week 3,ATL,DC,75 Sarah Kingsley-Hart,7,"4,6,11,12,15,22,26",4,3,2,0,1,1,1,1,0,0,0,0,0,0,0,0,0,0,8.51,-2.3,8.51,-2.3,8.49,6.37,8.49,6.37
ATL @ DC,Week 3,ATL,DC,06 Lylah Bannister,6,"2,5,8,10,19,24",4,2,2,0,7,3,6,7,0,0,1,1,2,2,0,0,0,0,49.68,-7.59,12.42,-1.9,90.77,66.65,12.97,9.52
ATL @ DC,Week 3,ATL,DC,32 Therese Doebler,6,"11,12,15,19,22,26",3,3,2,0,4,2,3,4,0,0,0,1,2,2,0,0,0,0,21.33,-9.35,21.33,-9.35,69.56,52.97,17.39,13.24
ATL @ DC,Week 3,ATL,DC,08 Dani Ortiz,4,"4,6,19,24",1,3,0,0,4,2,4,2,2,0,0,0,1,1,0,1,0,0,33.47,-12.4,11.16,-4.13,31.61,4.13,15.8,2.07
ATL @ DC,Week 3,ATL,DC,07 Allison Murphy,4,"4,6,19,24",1,3,0,0,0,0,0,0,0,0,0,0,0,0,0,0,0,0,0.0,0.0,0.0,0.0,0.0,0.0,0.0,0.0
ATL @ DC,Week 3,ATL,DC,25 Katie Sanders,4,"4,6,19,24",1,3,0,0,2,1,2,1,1,0,0,0,0,0,0,1,0,0,41.37,36.24,20.69,18.12,33.89,-3.32,33.89,-3.32
ATL @ DC,Week 3,DC,ATL,13 Tyler Smith,9,"1,4,10,12,15,18,21,24,27",3,6,3,3,53,9,53,47,6,1,2,0,4,3,1,1,0,0,558.34,148.67,11.17,2.97,465.43,35.83,9.90,0.76
ATL @ DC,Week 3,DC,ATL,20 Kira Flores,9,"1,4,8,10,12,18,21,24,27",3,6,3,3,41,8,40,34,7,4,1,1,0,0,0,0,0,0,483.51,164.12,12.09,4.10,392.00,82.63,11.53,2.43
ATL @ DC,Week 3,DC,ATL,15 Julia Harrs,9,"1,8,10,12,15,18,21,24,27",3,6,3,3,6,5,5,6,0,0,0,1,0,0,0,0,0,0,47.84,-7.18,9.57,-1.44,88.50,78.71,14.75,13.12
ATL @ DC,Week 3,DC,ATL,42 Lisi Lohre,8,"3,6,11,13,16,19,22,25,28",4,4,4,2,8,5,7,8,0,1,0,1,1,0,1,0,0,0,78.53,33.05,13.09,5.51,76.28,52.97,9.54,6.62
ATL @ DC,Week 3,DC,ATL,19 Allie Wallace,9,"1,4,8,10,15,18,21,24,27",2,7,2,4,10,5,10,10,0,0,3,0,2,1,1,0,0,0,90.79,11.18,10.09,1.24,164.16,113.66,16.42,11.37
ATL @ DC,Week 3,DC,ATL,77 Marika Koppinen,9,"2,5,7,9,14,17,20,23,26",2,7,2,4,6,5,4,6,0,0,1,2,3,1,2,0,0,0,22.85,-14.02,7.62,-4.67,137.89,120.97,22.98,20.16
ATL @ DC,Week 3,DC,ATL,33 Amanda Murphy,9,"2,5,7,9,14,17,20,23,26",2,7,2,4,12,7,11,12,0,2,1,1,0,0,0,0,0,0,139.51,90.36,12.68,8.21,141.30,80.13,11.77,6.68
ATL @ DC,Week 3,DC,ATL,17 Maggie Pendleton,9,"1,4,8,10,12,15,21,24,27",3,6,3,3,7,5,5,7,0,0,0,2,0,0,0,1,0,0,52.95,22.15,10.59,4.43,105.87,102.75,15.12,14.68
ATL @ DC,Week 3,DC,ATL,12 Clare Frantz,9,"4,8,10,12,15,18,21,24,27",2,7,2,4,13,7,11,13,0,1,0,2,0,0,0,0,0,0,115.94,28.11,10.54,2.56,154.33,80.13,11.87,6.16
ATL @ DC,Week 3,DC,ATL,08 Kat Ritzmann,9,"1,4,8,12,15,18,21,24,27",3,6,3,4,40,9,40,39,1,1,1,0,2,2,0,1,0,0,411.99,122.80,11.13,3.32,399.66,59.33,10.25,1.52
ATL @ DC,Week 3,DC,ATL,21 Jess Oh,7,"3,6,11,13,16,22,25,28",4,3,4,2,18,6,18,18,0,2,3,0,1,0,1,0,0,0,205.62,127.41,12.10,7.49,180.72,33.05,10.04,1.84
ATL @ DC,Week 3,DC,ATL,35 Jordan Sorensen,7,"3,6,11,13,16,19,25,28",3,4,3,2,4,4,2,4,0,0,1,2,1,0,1,0,0,0,29.81,22.62,14.90,11.31,62.15,60.69,15.54,15.17
ATL @ DC,Week 3,DC,ATL,09 Annelise Peters,8,"2,5,7,9,14,17,23,26",1,7,1,4,18,7,18,9,9,0,0,0,1,1,0,0,0,0,247.45,123.34,14.56,7.26,94.07,8.67,10.45,0.96
ATL @ DC,Week 3,DC,ATL,04 Ellen Mueller,7,"3,6,11,13,19,22,25,28",4,3,4,2,8,7,6,8,0,1,0,2,1,0,1,1,0,0,57.07,21.20,9.51,3.53,133.11,86.22,16.64,10.78
ATL @ DC,Week 3,DC,ATL,16 Marge Walker,8,"2,5,7,9,17,20,23,26",2,6,2,3,28,8,28,26,2,1,0,0,0,0,0,0,0,0,334.25,105.53,11.94,3.77,273.49,9.48,10.52,0.36
ATL @ DC,Week 3,DC,ATL,81 Sumi Onoe,8,"2,5,7,9,14,20,23,26",1,7,1,4,14,6,12,14,0,1,1,2,1,1,0,0,0,0,121.50,27.64,11.05,2.51,162.68,94.15,11.62,6.72
ATL @ DC,Week 3,DC,ATL,46 Graham Cunningham,7,"3,6,13,16,19,22,25,28",3,4,3,2,15,6,15,11,4,0,1,0,0,0,0,0,0,0,168.54,95.37,11.24,6.36,100.58,-2.51,9.14,-0.23
ATL @ DC,Week 3,DC,ATL,11 Tayara Romero,8,"2,5,7,9,14,17,20,23",2,6,2,4,17,6,16,16,1,0,0,1,1,0,1,0,0,0,172.47,58.66,10.78,3.67,214.10,80.40,13.38,5.02
ATL @ DC,Week 3,DC,ATL,01 Ashleigh Jentilet,8,"2,5,7,9,14,17,20,26",2,6,2,3,13,8,13,12,1,0,3,0,3,3,0,2,0,0,99.86,49.85,11.10,5.54,166.52,127.81,13.88,10.65
ATL @ DC,Week 3,DC,ATL,27 Jess Sourbeer,7,"3,6,11,16,19,22,25,28",4,3,4,1,19,6,19,16,3,1,0,0,0,0,0,0,0,0,218.21,64.48,12.12,3.58,153.71,46.40,9.61,2.90
ATL @ DC,Week 3,DC,ATL,66 Jackie Wang,8,"3,8,11,13,16,19,22,25",3,5,3,3,10,6,10,6,4,0,0,0,0,0,0,1,0,0,84.35,25.60,9.37,2.84,51.97,3.12,8.66,0.52
ATL @ DC,Week 3,DC,ATL,07 Kami Groom,6,"6,11,13,16,19,22,28",3,3,3,1,12,5,11,12,0,1,1,1,2,1,1,0,0,0,87.14,17.88,8.71,1.79,170.74,127.68,14.23,10.64
ATL @ DC,Week 3,DC,ATL,03 Sami Smalling,6,"1,4,10,12,15,18",2,4,2,3,22,5,21,21,1,0,0,1,1,1,0,2,0,0,221.64,77.15,11.08,3.86,213.03,13.95,10.14,0.66
ATL @ DC,Week 3,DC,ATL,23 Lisa Dang,5,"14,17,20,23,26",2,3,2,2,23,5,23,23,0,2,0,0,0,0,0,0,0,0,260.83,61.50,11.34,2.67,208.68,-18.76,9.07,-0.82
ATL @ RAL,Week 3,ATL,RAL,04 Chloe Greene,20,"2,5,7,9,11,14,16,20,21,25,27,28,30,31,32,33,34,35,38,39",14,6,11,0,51,15,51,41,10,4,2,0,5,5,0,1,0,0,822.8,384.52,17.89,8.36,505.72,-9.41,12.33,-0.23
ATL @ RAL,Week 3,ATL,RAL,11 Quincy Booth,20,"2,5,7,8,9,11,12,14,16,20,21,23,24,25,26,28,29,31,34,37",13,7,11,1,43,17,41,30,13,4,0,2,6,6,0,0,0,0,509.99,275.34,15.0,8.1,489.51,190.13,16.32,6.34
ATL @ RAL,Week 3,ATL,RAL,29 Soju Hokari,19,"1,4,10,13,17,18,19,21,23,26,27,30,32,33,35,36,37,38,39",12,7,8,0,23,11,23,17,6,2,2,0,2,2,0,1,0,0,377.75,142.92,17.99,6.81,267.69,34.61,15.75,2.04
ATL @ RAL,Week 3,ATL,RAL,09 Liv Ford,18,"3,4,6,8,12,13,15,17,19,22,23,24,25,26,32,36,37,38",8,10,5,1,20,9,20,16,4,2,1,0,4,4,0,0,0,0,298.88,171.57,19.93,11.44,224.59,67.33,14.04,4.21
ATL @ RAL,Week 3,ATL,RAL,26 Morgan Lally,17,"2,5,7,8,9,11,14,16,20,21,25,28,31,33,34,37,38",11,6,9,0,22,11,21,20,2,1,1,1,1,0,1,1,0,0,338.02,59.67,16.1,2.84,265.29,131.81,13.26,6.59
ATL @ RAL,Week 3,ATL,RAL,10 Mia Griner,16,"1,5,8,10,11,17,18,19,20,21,22,25,32,34,37,39",9,7,6,0,6,3,4,6,0,0,1,2,0,0,0,0,0,0,48.2,-20.12,12.05,-5.03,123.1,59.4,20.52,9.9
ATL @ RAL,Week 3,ATL,RAL,05 Megan Jarriel,16,"1,5,8,10,11,12,18,20,21,25,30,31,32,34,35,39",8,8,6,0,8,8,6,8,0,0,2,2,0,0,0,0,0,0,62.09,18.56,10.35,3.09,182.44,164.32,22.81,20.54
ATL @ RAL,Week 3,ATL,RAL,75 Sarah Kingsley-Hart,15,"2,4,7,9,13,14,16,17,23,26,28,31,35,37,39",14,1,10,0,7,5,6,7,0,0,0,1,1,0,1,0,0,0,64.42,-35.63,10.74,-5.94,111.36,67.12,15.91,9.59
ATL @ RAL,Week 3,ATL,RAL,17 Christina Marsicano,15,"3,4,12,13,15,17,19,22,24,26,27,29,33,36,39",6,9,2,1,2,2,2,2,0,0,0,0,0,0,0,0,0,0,8.81,1.15,8.81,1.15,42.26,25.2,21.13,12.6
ATL @ RAL,Week 3,ATL,RAL,14 Charlotte Doran,15,"3,5,6,8,11,15,20,21,22,27,29,30,34,36,37",6,9,5,0,20,7,20,18,2,1,1,0,1,1,0,1,0,0,252.35,86.22,13.28,4.54,251.81,59.88,13.99,3.33
ATL @ RAL,Week 3,ATL,RAL,33 Georgia Tse,13,"2,3,6,7,9,12,14,16,17,23,28,31,32",9,4,8,0,16,10,14,16,0,1,2,2,2,1,1,0,0,0,194.66,57.64,14.97,4.43,284.63,171.23,17.79,10.7
ATL @ RAL,Week 3,ATL,RAL,06 Lylah Bannister,12,"2,9,14,16,19,24,27,28,30,31,35,38",8,4,6,1,7,6,4,7,0,1,0,3,0,0,0,1,0,0,59.9,6.57,14.98,1.64,154.37,128.42,22.05,18.35
ATL @ RAL,Week 3,ATL,RAL,44 Jordan Harn,12,"3,5,6,8,11,15,20,22,27,29,34,36",3,9,2,0,5,4,5,5,0,0,0,0,1,0,1,0,0,0,66.19,-3.25,13.24,-0.65,77.02,10.57,15.4,2.11
ATL @ RAL,Week 3,ATL,RAL,01 Charlie Hawkins,11,"2,4,7,9,13,14,16,23,26,28,35",11,0,8,0,20,12,19,16,4,0,0,1,4,4,0,2,0,0,209.75,46.6,13.98,3.11,271.51,73.49,16.97,4.59
ATL @ RAL,Week 3,ATL,RAL,12 Emma Jaschke,11,"3,6,12,15,19,22,24,25,29,35,36",2,9,1,1,5,2,4,4,1,0,0,1,0,0,0,1,0,0,63.77,47.41,15.94,11.85,86.29,1.96,21.57,0.49
ATL @ RAL,Week 3,ATL,RAL,22 Anna Gustafson,10,"1,4,10,13,15,18,24,30,33,38",3,7,1,1,1,1,1,1,0,0,0,0,0,0,0,1,0,0,11.38,11.04,11.38,11.04,17.1,16.12,17.1,16.12
ATL @ RAL,Week 3,ATL,RAL,51 Lilli Popovich,10,"3,6,7,12,15,19,24,27,29,36",2,8,1,1,1,1,0,1,0,0,0,1,0,0,0,1,0,0,0.0,0.0,0.0,0.0,15.73,15.51,15.73,15.51
ATL @ RAL,Week 3,ATL,RAL,32 Therese Doebler,9,"4,6,13,17,23,26,30,32,38",7,2,5,0,4,3,4,4,0,0,1,0,0,0,0,0,0,0,61.12,8.26,15.28,2.07,82.22,59.94,20.55,14.99
ATL @ RAL,Week 3,ATL,RAL,08 Dani Ortiz,6,"1,10,18,22,33,39",1,5,0,0,0,0,0,0,0,0,0,0,1,0,1,0,0,0,0.0,0.0,0.0,0.0,0.0,0.0,0.0,0.0
ATL @ RAL,Week 3,ATL,RAL,07 Allison Murphy,5,"1,10,18,29,33",0,5,0,0,1,1,1,1,0,0,0,0,0,0,0,0,0,0,15.58,15.58,15.58,15.58,13.01,6.43,13.01,6.43
ATL @ RAL,Week 3,ATL,RAL,25 Katie Sanders,3,"1,10,18",0,3,0,0,0,0,0,0,0,0,0,0,0,0,0,0,0,0,0.0,0.0,0.0,0.0,0.0,0.0,0.0,0.0
ATL @ RAL,Week 3,RAL,ATL,34 Alex Barnett,20,"1,3,6,8,10,12,15,18,19,20,22,24,25,27,29,33,34,36,37,38",17,3,16,2,56,20,53,48,8,4,2,3,0,0,0,0,0,0,842.71,414.07,15.90,7.81,593.91,118.44,12.37,2.47
ATL @ RAL,Week 3,RAL,ATL,59 Audrey Lyman,19,"1,3,6,8,10,12,15,18,19,20,22,24,25,27,29,33,36,37,38",17,2,16,1,62,19,61,49,13,3,7,1,1,1,0,0,0,0,818.87,336.46,14.12,5.80,612.25,122.77,12.49,2.51
ATL @ RAL,Week 3,RAL,ATL,02 Claire Bidigare-Curtis,17,"1,3,6,9,12,15,17,19,21,24,25,28,30,31,35,37,38",9,8,8,1,12,6,11,12,0,0,2,1,2,2,0,0,0,0,102.07,41.52,11.34,4.61,184.42,117.35,15.37,9.78
ATL @ RAL,Week 3,RAL,ATL,21 Julia Hoffmann,14,"2,5,8,10,13,18,19,22,25,27,29,33,36,37,40",9,5,9,2,12,10,8,11,1,0,1,3,1,1,0,1,0,0,78.99,-14.69,11.28,-2.10,248.85,202.71,22.62,18.43
ATL @ RAL,Week 3,RAL,ATL,28 Claire Revere,15,"1,3,8,10,12,18,19,20,22,24,25,27,33,36,38",14,1,13,1,27,13,26,26,1,6,0,1,2,2,0,0,0,0,457.17,269.21,19.05,11.22,357.92,147.95,13.77,5.69
ATL @ RAL,Week 3,RAL,ATL,12 Katie Backus Meilstrup,15,"1,3,6,10,12,15,19,20,22,25,27,29,33,36,37",13,2,13,1,22,13,20,21,1,1,3,2,0,0,0,2,0,0,228.62,100.94,11.43,5.05,327.94,224.26,15.62,10.68
ATL @ RAL,Week 3,RAL,ATL,11 Dawn Culton,14,"2,5,9,13,17,21,24,26,30,32,35,37,38,39",2,12,1,2,10,6,10,7,3,2,1,0,3,3,0,2,0,0,162.73,119.40,23.25,17.06,79.04,39.39,11.29,5.63
ATL @ RAL,Week 3,RAL,ATL,88 Maddie Pletzke,13,"1,4,7,10,12,15,18,20,23,27,29,34,39",8,5,8,3,11,10,7,10,1,0,0,4,2,1,1,1,0,0,80.58,19.83,13.43,3.31,186.85,113.02,18.68,11.30
ATL @ RAL,Week 3,RAL,ATL,27 Mary Rippe,13,"3,6,8,11,14,16,20,22,24,26,32,33,36",8,5,7,1,13,8,12,12,1,2,0,1,1,1,0,2,0,0,182.70,94.77,16.61,8.62,200.18,105.06,16.68,8.76
ATL @ RAL,Week 3,RAL,ATL,45 Caitlin Gross,12,"3,6,8,12,15,18,22,24,27,29,36,38",12,0,11,0,16,8,15,14,2,1,2,1,0,0,0,0,0,0,208.09,83.72,13.87,5.58,224.13,81.32,16.01,5.81
ATL @ RAL,Week 3,RAL,ATL,17 Karen Ehrhardt,12,"1,6,8,10,15,18,19,20,25,29,33,38",11,1,11,1,21,10,20,21,0,1,1,1,1,0,1,0,0,0,232.96,46.39,11.65,2.32,332.26,162.02,15.82,7.72
ATL @ RAL,Week 3,RAL,ATL,48 Natalie Baumgarten,11,"2,5,9,13,17,21,26,30,32,35,39",0,11,0,2,2,2,2,2,0,1,0,0,0,0,0,0,0,0,25.37,7.62,12.68,3.81,61.03,52.91,30.52,26.45
ATL @ RAL,Week 3,RAL,ATL,15 Carmen Tormey,11,"2,5,9,13,17,21,26,30,32,35,39",0,11,0,2,3,2,3,3,0,0,0,0,0,0,0,0,0,0,41.32,12.35,13.77,4.12,37.26,1.03,12.42,0.34
ATL @ RAL,Week 3,RAL,ATL,09 Jinny Riedel,11,"2,5,9,13,17,21,26,30,32,35,39",0,11,0,2,4,3,4,2,2,0,1,0,0,0,0,1,0,0,40.60,31.77,10.15,7.94,20.11,-7.48,10.06,-3.74
ATL @ RAL,Week 3,RAL,ATL,22 Julia Zwierzynski,11,"2,5,9,13,17,21,26,30,32,35,39",0,11,0,2,1,1,0,1,0,0,0,1,0,0,0,0,0,0,0.00,0.00,0.00,0.00,10.24,9.95,10.24,9.95
ATL @ RAL,Week 3,RAL,ATL,24 Hannah Boettcher,10,"4,7,11,14,16,23,28,31,34,37,40",1,9,1,3,7,4,6,7,0,0,1,1,2,1,1,2,0,0,78.32,-28.55,15.66,-5.71,119.38,64.92,17.05,9.27
ATL @ RAL,Week 3,RAL,ATL,19 Sydney Kelley,11,"2,5,9,13,17,21,26,30,32,35,39",0,11,0,2,1,1,1,1,0,0,0,0,0,0,0,0,0,0,16.89,6.38,16.89,6.38,12.49,12.28,12.49,12.28
ATL @ RAL,Week 3,RAL,ATL,25 Meg Manning,9,"4,7,11,14,16,23,28,31,34,40",1,8,1,3,4,3,3,4,0,0,0,1,1,0,1,0,0,0,34.44,-10.43,11.48,-3.48,100.74,81.46,25.19,20.36
ATL @ RAL,Week 3,RAL,ATL,03 Lyra Olson,9,"4,7,11,14,16,23,28,31,34,40",1,8,1,3,15,8,14,9,6,1,0,1,2,2,0,2,0,0,179.47,109.32,17.95,10.93,100.83,43.23,11.20,4.80
ATL @ RAL,Week 3,RAL,ATL,18 Sarah McKee,9,"4,7,11,14,16,23,28,31,34,40",1,8,1,3,6,3,5,6,0,1,0,1,0,0,0,0,0,0,57.52,42.20,11.50,8.44,79.97,52.22,13.33,8.70
ATL @ RAL,Week 3,RAL,ATL,32 Annie Bocko,9,"4,7,11,14,16,23,28,31,34,40",1,8,1,3,6,4,6,5,1,0,1,0,0,0,0,0,0,0,55.93,13.66,11.19,2.73,85.87,20.18,17.17,4.04
ATL @ RAL,Week 3,RAL,ATL,14 Ellen Yu,8,"4,7,11,14,16,23,28,31,40",1,7,1,2,15,5,15,10,5,0,1,0,3,2,1,1,0,0,158.88,49.89,12.22,3.84,108.54,-19.15,10.85,-1.91
INDY @ ATX,Week 3,ATX,INDY,26 Amy Broome,14,"2,3,5,7,9,11,13,15,18,20,23,25,27,28",12,2,10,1,40,13,40,31,9,1,1,0,4,4,0,0,0,0,409.03,120.49,11.36,3.35,306.2,-51.02,9.88,-1.65
INDY @ ATX,Week 3,ATX,INDY,13 Emelia Marshall,14,"2,3,5,7,9,11,13,15,18,20,23,25,27,28",12,2,10,1,20,8,20,20,0,0,2,0,2,2,0,0,0,0,193.0,22.0,10.72,1.22,224.9,54.16,11.25,2.71
INDY @ ATX,Week 3,ATX,INDY,31 Nikki Gilbert,14,"2,3,5,7,9,11,13,15,18,20,23,25,27,28",12,2,10,1,9,8,7,9,0,0,2,2,2,0,2,0,0,0,84.91,54.1,12.13,7.73,162.79,96.29,18.09,10.7
INDY @ ATX,Week 3,ATX,INDY,34 Carley Garrett,14,"2,3,5,7,9,11,13,15,18,20,23,25,27,28",12,2,10,1,38,12,34,38,0,1,3,4,4,3,1,0,0,0,342.19,53.43,11.04,1.72,396.44,197.99,10.43,5.21
INDY @ ATX,Week 3,ATX,INDY,09 Summer Wilson,14,"2,3,5,7,9,11,13,15,18,20,23,25,27,28",12,2,10,1,59,15,59,44,15,5,0,0,2,2,0,1,0,0,768.54,346.97,13.97,6.31,445.23,-94.15,10.12,-2.14
INDY @ ATX,Week 3,ATX,INDY,69 Jaime Estes,14,"2,3,5,7,9,11,13,15,18,20,23,25,27,28",12,2,10,1,17,10,15,17,0,1,2,2,0,0,0,0,0,0,202.12,60.78,13.47,4.05,277.47,206.35,16.32,12.14
INDY @ ATX,Week 3,ATX,INDY,03 Madison Cannon,13,"2,3,5,7,9,11,13,15,18,20,23,27,28",11,2,9,1,19,10,16,19,0,3,0,3,1,1,0,0,0,0,140.14,46.87,10.01,3.35,341.0,296.35,17.95,15.6
INDY @ ATX,Week 3,ATX,INDY,06 Lo Guerin,8,"4,8,12,16,19,21,22,24,29",1,7,1,1,16,7,16,9,7,1,0,0,2,1,1,1,0,0,240.69,156.94,17.19,11.21,90.02,-31.36,10.0,-3.48
INDY @ ATX,Week 3,ATX,INDY,04 Mary Clare Robbins,8,"4,8,12,16,19,21,22,24,29",1,7,1,1,12,5,12,8,4,0,1,0,2,2,0,0,0,0,112.59,54.16,11.26,5.42,85.52,21.13,10.69,2.64
INDY @ ATX,Week 3,ATX,INDY,00 Maggie Rowell,7,"4,8,12,16,19,21,24,29",1,6,1,1,7,5,7,7,0,1,0,0,2,1,1,1,0,0,56.2,2.61,9.37,0.43,78.37,54.1,11.2,7.73
INDY @ ATX,Week 3,ATX,INDY,88 Madelyn Easton,7,"4,8,16,19,21,22,24,29",1,6,1,1,8,4,7,7,1,0,0,1,0,0,0,1,0,0,69.0,41.66,11.5,6.94,97.73,60.31,13.96,8.62
INDY @ ATX,Week 3,ATX,INDY,77 Kerry Younts,8,"1,6,10,14,17,22,25,26",2,6,1,0,2,2,2,2,0,0,0,0,0,0,0,0,0,0,33.02,12.3,16.51,6.15,37.77,36.58,18.89,18.29
INDY @ ATX,Week 3,ATX,INDY,10 Gabriella Cuina,7,"4,8,12,16,19,21,24,29",1,6,1,1,6,4,6,6,0,0,0,0,1,0,1,0,0,0,60.58,13.44,10.1,2.24,55.2,14.64,9.2,2.44
INDY @ ATX,Week 3,ATX,INDY,05 Elise Franke,7,"1,6,10,14,17,22,26",1,6,0,0,4,3,4,3,1,0,0,0,1,1,0,1,0,0,26.5,4.55,8.83,1.52,49.6,39.72,16.53,13.24
INDY @ ATX,Week 3,ATX,INDY,07 Shiru Liu,7,"1,6,10,14,17,22,26",1,6,0,0,12,4,12,5,7,0,0,0,3,3,0,0,0,0,108.05,37.91,13.51,4.74,46.33,-2.47,9.27,-0.49
INDY @ ATX,Week 3,ATX,INDY,16 Kinsey Neas,7,"1,6,10,14,17,22,26",1,6,0,0,2,1,2,2,0,0,0,0,1,1,0,1,0,0,9.33,5.82,9.33,5.82,36.9,21.46,18.45,10.73
INDY @ ATX,Week 3,ATX,INDY,42 Megan Duffy,6,"1,6,10,14,17,26",1,5,0,0,7,3,7,6,1,0,0,0,1,1,0,0,0,0,71.2,23.14,11.87,3.86,50.32,-19.93,8.39,-3.32
INDY @ ATX,Week 3,ATX,INDY,82 Sarah Downing,6,"1,6,10,14,17,26",1,5,0,0,5,4,5,4,1,0,0,0,4,3,1,0,0,0,28.12,-2.74,14.06,-1.37,41.56,7.62,10.39,1.91
INDY @ ATX,Week 3,ATX,INDY,17 Olympia Walker,6,"4,8,12,16,21,24",0,6,0,1,2,2,2,2,0,0,1,0,0,0,0,0,0,0,25.55,10.63,12.78,5.32,62.7,61.25,31.35,30.62
INDY @ ATX,Week 3,ATX,INDY,18 Briana Taylor,5,"4,12,19,21,24,29",1,4,1,1,5,4,4,4,1,0,0,1,1,1,0,2,0,0,40.57,-10.3,13.52,-3.43,81.17,56.64,20.29,14.16
INDY @ ATX,Week 3,ATX,INDY,02 Rachel Joy-Rocha,6,"1,6,10,14,17,26",1,5,0,0,1,1,1,1,0,0,0,0,0,0,0,0,0,0,8.68,1.4,8.68,1.4,22.42,-0.6,22.42,-0.6
INDY @ ATX,Week 3,ATX,INDY,70 Kas Gonzalez,4,"8,12,16,19,29",1,3,1,0,5,3,5,5,0,0,0,0,1,1,0,1,0,0,28.03,1.74,9.34,0.58,68.41,32.83,13.68,6.57
INDY @ ATX,Week 3,INDY,ATX,77 Katrina McGuire,19,"1,4,7,9,11,13,14,16,17,18,19,22,23,24,25,27,28,29,31",15,4,12,1,18,12,14,18,0,2,1,4,3,1,2,0,0,0,154.82,64.11,12.9,5.34,396.61,245.72,22.03,13.65
INDY @ ATX,Week 3,INDY,ATX,11 Tracey Lo,18,"1,4,7,9,11,13,14,16,17,18,19,22,23,24,25,27,29,31",15,3,12,1,32,18,30,12,20,3,4,2,13,13,0,0,0,0,372.78,280.76,23.3,17.55,160.15,50.47,13.35,4.21
INDY @ ATX,Week 3,INDY,ATX,09 Corinn Rains,18,"1,4,7,9,11,13,14,16,17,18,19,22,23,24,25,27,29,31",15,3,12,1,11,6,11,8,3,0,1,0,3,3,0,0,0,0,99.15,16.88,12.39,2.11,81.78,-25.83,10.22,-3.23
INDY @ ATX,Week 3,INDY,ATX,02 Maketa Mattimore,18,"1,4,7,9,11,13,14,16,17,18,19,22,23,24,25,27,29,31",15,3,12,1,13,9,10,13,0,2,1,3,1,1,0,0,0,0,156.2,52.69,17.36,5.85,279.08,221.84,21.47,17.06
INDY @ ATX,Week 3,INDY,ATX,18 Laura Grencser,17,"1,4,7,9,11,13,14,16,17,18,19,22,23,24,25,27,31",14,3,11,1,30,11,29,23,7,5,0,1,0,0,0,2,0,0,412.46,158.84,14.73,5.67,248.56,12.19,10.81,0.53
INDY @ ATX,Week 3,INDY,ATX,04 Rachel Mast,15,"1,4,7,11,13,14,17,18,19,23,24,25,27,29,31",12,3,10,1,7,5,6,7,0,0,2,1,0,0,0,1,0,0,69.59,34.87,13.92,6.97,101.95,73.07,14.56,10.44
INDY @ ATX,Week 3,INDY,ATX,16 Riely Kuznicki,13,"2,3,5,6,8,10,12,15,20,21,26,30,32",0,13,0,2,10,7,10,7,3,1,0,0,2,2,0,4,0,0,87.65,29.67,10.96,3.71,105.47,26.86,15.07,3.84
INDY @ ATX,Week 3,INDY,ATX,40 Claire Milton,11,"2,3,5,6,8,10,12,15,21,26,28",0,11,0,1,8,6,8,7,1,0,0,0,2,2,0,0,0,0,130.9,99.24,21.82,16.54,123.41,52.78,17.63,7.54
INDY @ ATX,Week 3,INDY,ATX,33 Jalyn Baumgartner,11,"2,5,6,8,10,12,15,20,21,30,32",0,11,0,2,4,3,3,4,0,0,0,1,0,0,0,1,0,0,30.97,-16.71,10.32,-5.57,60.06,33.93,15.02,8.48
INDY @ ATX,Week 3,INDY,ATX,32 Shani Rosenthal,11,"1,4,7,11,14,17,18,19,24,27,29",9,2,8,1,7,5,7,7,0,1,1,0,1,0,1,1,0,0,82.47,28.22,11.78,4.03,96.49,14.75,13.78,2.11
INDY @ ATX,Week 3,INDY,ATX,82 Riley Dickson,10,"2,3,6,12,15,20,26,28,30,32",0,10,0,2,5,3,5,5,0,1,0,0,0,0,0,0,0,0,64.26,1.11,12.85,0.22,69.14,42.37,13.83,8.47
INDY @ ATX,Week 3,INDY,ATX,06 Risa Umeno,10,"2,3,6,12,15,20,26,28,30,32",0,10,0,2,13,6,13,8,5,0,2,0,1,1,0,0,0,0,174.17,34.19,14.51,2.85,90.93,-31.97,11.37,-4.0
INDY @ ATX,Week 3,INDY,ATX,07 Annie Melink,10,"2,3,5,8,10,20,21,26,30,32",0,10,0,2,7,7,6,5,2,0,0,1,3,3,0,0,0,0,40.61,28.39,20.31,14.2,60.96,11.68,12.19,2.34
INDY @ ATX,Week 3,INDY,ATX,19 Melissa Gibbs,10,"3,5,8,10,20,21,26,28,30,32",0,10,0,1,3,3,3,2,1,0,0,0,0,0,0,0,0,0,41.85,15.6,13.95,5.2,77.35,70.59,38.68,35.3
INDY @ ATX,Week 3,INDY,ATX,23 Lili Hobday,10,"3,5,6,8,10,12,15,21,26,28",0,10,0,0,4,3,4,2,2,0,0,0,2,1,1,1,0,0,35.72,-0.94,11.91,-0.31,24.62,3.24,12.31,1.62
INDY @ ATX,Week 3,INDY,ATX,57 Ellie Jose,10,"5,6,8,10,12,15,20,21,30,32",0,10,0,1,8,5,8,4,4,0,0,0,2,2,0,1,0,0,94.45,22.34,15.74,3.72,55.98,15.43,13.99,3.86
INDY @ ATX,Week 3,INDY,ATX,27 Eliza Hutchins,8,"9,13,16,22,23,25,28,31",6,2,4,0,4,3,3,3,1,0,2,1,0,0,0,0,0,0,39.16,9.29,13.05,3.1,41.68,28.05,13.89,9.35
INDY @ ATX,Week 3,INDY,ATX,15 Sydney Loughran,4,"9,16,22,29",4,0,3,0,2,2,1,2,0,0,0,1,0,0,0,2,0,0,9.53,1.71,9.53,1.71,22.51,15.09,11.26,7.55
RAL @ NY,Week 4,NY,RAL,31 Eli Presberg,22,"1,3,4,5,6,8,10,11,13,15,17,18,20,22,23,24,26,28,29,31,35,36",16,6,13,1,72,18,70,62,10,4,1,2,4,4,0,1,0,0,913.92,367.43,14.06,5.65,707.48,171.13,11.41,2.76
RAL @ NY,Week 4,NY,RAL,24 Jolie Krebs,22,"1,3,5,6,8,11,13,15,17,20,21,22,24,26,27,28,29,31,33,34,35,36",17,5,14,1,67,18,65,58,9,4,5,2,4,3,1,0,0,0,875.24,384.35,14.35,6.30,572.99,97.81,9.88,1.69
RAL @ NY,Week 4,NY,RAL,00 Genny De Jesus,22,"1,3,5,6,8,11,13,15,17,20,21,22,24,26,27,28,29,31,33,34,35,36",17,5,14,1,29,15,24,29,0,2,2,5,3,1,2,0,0,0,253.32,69.76,11.01,3.03,399.71,194.68,13.78,6.71
RAL @ NY,Week 4,NY,RAL,10 Ella Juengst,21,"1,3,4,6,8,10,11,13,15,17,18,20,22,24,26,28,29,31,33,34,36",16,5,14,2,37,15,31,37,0,0,3,6,0,0,0,2,0,0,337.16,19.76,10.88,0.64,650.17,357.19,17.57,9.65
RAL @ NY,Week 4,NY,RAL,07 Abby Hecko,18,"2,4,7,9,10,12,13,15,16,19,23,25,27,28,30,32,34,35",3,15,2,2,22,6,22,20,2,3,1,0,1,1,0,0,0,0,214.26,72.93,10.20,3.47,253.33,93.69,12.67,4.68
RAL @ NY,Week 4,NY,RAL,04 Marié Weverka,17,"1,3,5,6,8,11,13,15,17,20,22,24,26,29,31,33,36",17,0,14,0,12,10,12,12,0,1,1,0,2,1,1,1,0,0,111.36,26.89,12.37,2.99,215.38,147.08,17.95,12.26
RAL @ NY,Week 4,NY,RAL,35 Grace Conerly,17,"2,3,5,6,7,9,11,12,14,16,19,22,25,26,30,31,32",8,9,6,1,12,6,12,11,1,1,1,0,0,0,0,0,0,0,197.71,95.53,16.48,7.96,135.78,12.92,12.34,1.17
RAL @ NY,Week 4,NY,RAL,26 Mari Malin,17,"1,3,5,6,8,11,13,15,17,20,22,24,26,29,31,33,36",17,0,14,0,39,17,39,30,9,0,0,0,2,2,0,0,0,0,371.71,89.58,10.05,2.42,304.40,28.39,10.15,0.95
RAL @ NY,Week 4,NY,RAL,03 Liv Player,15,"2,7,9,12,14,16,18,21,25,28,30,32,33,34,35",1,14,1,3,6,4,6,5,1,2,0,0,0,0,0,2,0,0,92.55,59.35,15.43,9.89,74.23,17.65,14.85,3.53
RAL @ NY,Week 4,NY,RAL,09 Cassie Brown,15,"2,4,7,9,10,12,14,16,18,19,23,25,28,30,32",1,14,0,2,10,6,9,5,5,0,0,1,3,3,0,1,0,0,96.84,49.05,16.14,8.17,65.26,2.95,13.05,0.59
RAL @ NY,Week 4,NY,RAL,88 Nikki Hair,12,"2,7,9,12,14,16,19,23,25,30,32,35",1,11,0,1,0,0,0,0,0,0,0,0,0,0,0,0,0,0,0.00,0.00,0.00,0.00,0.00,0.00,0.00,0.00
RAL @ NY,Week 4,NY,RAL,05 Emily Wang,11,"2,4,9,10,14,18,21,23,25,27,30",0,11,0,2,3,3,3,3,0,0,0,0,0,0,0,0,0,0,23.47,-8.68,7.82,-2.89,45.87,7.68,15.29,2.56
RAL @ NY,Week 4,NY,RAL,12 Casey Banta-Ryan,11,"2,7,9,12,14,16,19,25,30,32,35",1,10,0,1,1,1,1,1,0,0,1,0,0,0,0,0,0,0,7.40,7.29,7.40,7.29,9.98,6.57,9.98,6.57
RAL @ NY,Week 4,NY,RAL,19 Eastelle Ding,10,"1,5,7,8,12,16,19,21,27,32",4,6,1,0,3,2,3,3,0,0,0,0,0,0,0,0,0,0,32.62,-14.20,10.87,-4.73,43.62,30.23,14.54,10.08
RAL @ NY,Week 4,NY,RAL,74 Sam Harris,8,"4,10,14,18,21,23,27,34",0,8,0,2,3,2,3,3,0,0,0,0,0,0,0,0,0,0,34.21,13.70,11.40,4.57,38.40,11.08,12.80,3.69
RAL @ NY,Week 4,NY,RAL,99 Chelsea Leeder,8,"4,10,18,19,21,23,27,34",1,7,0,2,1,1,1,1,0,0,0,0,0,0,0,0,0,0,18.73,-8.02,18.73,-8.02,16.19,15.92,16.19,15.92
RAL @ NY,Week 4,NY,RAL,66 Janine Hlavaty,6,"17,20,24,29,33,36",6,0,5,0,3,3,2,3,0,0,1,1,1,1,0,0,0,0,8.39,8.18,8.39,8.18,56.09,37.91,18.70,12.64
RAL @ NY,Week 4,RAL,NY,34 Alex Barnett,19,"2,4,7,9,10,12,14,16,18,19,21,23,25,27,28,30,32,33,35,36",17,2,14,1,49,21,46,43,6,4,3,3,1,1,0,0,0,0,715.12,235.45,15.89,5.23,546.74,148.77,12.71,3.46
RAL @ NY,Week 4,RAL,NY,45 Caitlin Gross,18,"2,4,7,9,10,12,14,16,18,19,21,23,25,27,28,30,32,35,36",17,1,14,1,20,12,19,20,0,2,2,1,1,1,0,0,0,0,276.9,141.71,15.38,7.87,347.15,140.88,17.36,7.04
RAL @ NY,Week 4,RAL,NY,59 Audrey Lyman,18,"2,4,7,9,10,12,14,16,18,19,21,23,25,27,28,30,32,35,36",17,1,14,1,50,18,48,36,14,3,4,2,2,1,1,0,0,0,690.04,280.32,15.33,6.23,572.61,140.27,15.91,3.9
RAL @ NY,Week 4,RAL,NY,88 Maddie Pletzke,18,"2,4,7,9,10,12,14,16,18,19,21,23,25,27,28,30,32,35,36",17,1,14,1,11,9,9,10,1,0,1,2,0,0,0,0,0,0,124.13,13.59,13.79,1.51,185.16,135.05,18.52,13.5
RAL @ NY,Week 4,RAL,NY,21 Julia Hoffmann,18,"2,4,7,9,10,12,14,16,18,19,21,23,25,27,28,30,32,35,36",17,1,14,1,6,6,4,6,0,0,0,2,3,2,1,0,0,0,26.77,-8.85,13.39,-4.43,119.48,100.74,19.91,16.79
RAL @ NY,Week 4,RAL,NY,06 Jenny Wei,18,"2,4,7,9,10,12,14,16,18,19,21,23,25,27,28,30,32,35,36",17,1,14,1,30,17,27,29,1,4,2,3,1,0,1,0,0,0,455.4,207.38,16.87,7.68,442.31,183.57,15.25,6.33
RAL @ NY,Week 4,RAL,NY,02 Claire Bidigare-Curtis,18,"2,4,7,9,10,12,14,16,18,19,21,23,25,27,28,30,32,35,36",17,1,14,1,25,14,23,24,1,2,2,2,1,1,0,1,0,0,265.03,164.9,12.62,7.85,357,201,14.87,8.37
RAL @ NY,Week 4,RAL,NY,11 Dawn Culton,14,"1,3,5,8,11,13,15,20,22,24,26,29,31,34",1,13,0,2,6,4,5,6,0,0,0,0,3,1,2,1,0,0,86.32,51.67,21.58,12.92,77.94,41.79,12.99,6.97
RAL @ NY,Week 4,RAL,NY,27 Mary Rippe,13,"1,3,6,8,13,15,17,22,26,29,31,33,34",1,12,0,1,2,2,2,2,0,0,0,0,1,0,1,3,0,0,8.78,7.82,8.78,7.82,24.67,-2.54,12.33,-1.27
RAL @ NY,Week 4,RAL,NY,24 Hannah Boettcher,13,"1,3,6,8,11,13,17,20,22,26,31,33,34",1,12,0,1,3,3,2,2,0,0,0,0,0,0,0,3,0,0,21.32,-16.26,10.66,-8.13,87.18,84.89,29.06,28.3
RAL @ NY,Week 4,RAL,NY,22 Julia Zwierzynski,13,"1,5,6,11,13,15,20,22,24,26,29,33,34",1,12,0,1,2,2,2,2,0,0,0,0,2,2,0,0,0,0,0,0,0,0,45.41,25.87,22.7,12.94
RAL @ NY,Week 4,RAL,NY,25 Meg Manning,11,"1,5,6,8,13,17,20,24,29,31,34",1,10,0,2,1,1,0,1,0,0,0,1,1,0,1,1,0,0,0,0,0,0,33.52,33.35,33.52,33.35
RAL @ NY,Week 4,RAL,NY,15 Carmen Tormey,10,"3,5,8,13,17,20,24,26,31,34",1,9,0,2,3,3,3,1,2,1,0,0,1,1,0,0,0,0,60.19,59.98,30.09,29.99,11.12,10.16,11.12,10.16
RAL @ NY,Week 4,RAL,NY,18 Sarah McKee,10,"3,5,6,11,15,17,20,24,29,33",0,10,0,1,1,1,1,0,1,0,0,0,0,0,0,0,0,0,11.54,-3.77,11.54,-3.77,0,0,0,0
RAL @ NY,Week 4,RAL,NY,09 Jinny Riedel,10,"1,5,8,11,15,17,22,26,29,33",0,10,0,2,11,7,10,4,7,0,2,0,1,1,0,0,0,0,126.85,50.3,14.09,5.59,59.81,-7,14.95,-1.75
RAL @ NY,Week 4,RAL,NY,32 Annie Bocko,8,"3,6,11,15,20,22,26,31",0,8,0,0,1,1,1,0,1,0,0,0,1,1,0,0,0,0,0,0,0,0,0,0,0,0
RAL @ NY,Week 4,RAL,NY,14 Ellen Yu,8,"1,5,8,13,17,24,29,34",1,7,0,2,5,3,5,2,3,0,0,0,1,1,0,0,0,0,59.13,41.59,19.71,13.86,17.42,-10.98,8.71,-5.49
RAL @ NY,Week 4,RAL,NY,43 Claire Hackl,8,"3,6,11,15,22,24,31,33",0,8,0,0,0,0,0,0,0,0,0,0,0,0,0,0,0,0,0,0,0,0,0,0,0,0
DC @ LA,Week 5,DC,LA,01 Ashleigh Jentilet,17,"2,4,6,8,10,12,14,16,18,20,22,24,26,27,28,29,33",7,10,7,5,9,7,6,9,0,1,1,3,3,1,2,3,0,0,43.66,20.86,8.73,4.17,269.23,232.26,29.91,25.81
DC @ LA,Week 5,DC,LA,42 Lisi Lohre,16,"4,6,8,10,12,14,15,18,20,22,24,26,27,28,29,31",7,9,7,5,6,6,4,5,1,0,1,2,0,0,0,1,0,0,63.01,44.5,21,14.83,103.42,94.08,20.68,18.82
DC @ LA,Week 5,DC,LA,27 Jess Sourbeer,16,"2,4,6,8,10,14,15,18,20,22,24,26,28,29,31,33",8,8,8,4,27,14,25,14,13,3,3,2,3,3,0,0,0,0,317.76,252.85,15.89,12.64,190.96,92.93,13.64,6.64
DC @ LA,Week 5,DC,LA,33 Amanda Murphy,16,"2,4,6,8,10,12,15,18,20,22,24,26,27,29,31,33",6,10,6,5,13,9,11,13,0,2,2,2,0,0,0,1,0,0,118.45,58.25,11.84,5.83,190.65,144.34,14.67,11.1
DC @ LA,Week 5,DC,LA,81 Sumi Onoe,16,"2,6,8,10,12,14,15,18,22,24,26,27,28,29,31,33",7,9,7,4,6,4,5,6,0,0,0,1,1,1,0,0,0,0,49.46,45.79,12.37,11.45,83.36,64.48,13.89,10.75
DC @ LA,Week 5,DC,LA,11 Tayara Romero,16,"2,4,8,10,12,14,15,18,20,22,26,27,28,29,31,33",7,9,7,4,8,5,6,8,0,0,1,2,3,1,2,0,0,0,51.34,23.5,10.27,4.7,105.25,60.28,13.16,7.54
DC @ LA,Week 5,DC,LA,66 Jackie Wang,15,"2,4,6,8,12,14,15,20,22,24,27,28,29,31,33",7,8,7,4,13,10,11,8,5,5,0,2,3,2,1,1,0,0,197.41,179.76,21.93,19.97,79.08,63.67,9.89,7.96
DC @ LA,Week 5,DC,LA,09 Annelise Peters,15,"2,4,6,10,12,14,15,18,20,24,26,27,28,31,33",7,8,7,5,18,12,18,10,8,2,3,0,3,2,1,0,0,0,260.58,168.05,17.37,11.2,128.14,79.04,12.81,7.9
DC @ LA,Week 5,DC,LA,04 Ellen Mueller,14,"1,3,5,9,11,13,16,19,21,23,25,30,32,34,35",5,9,5,2,11,7,10,11,0,0,1,1,0,0,0,2,0,0,119.12,56.15,11.91,5.62,129.86,95.3,11.81,8.66
DC @ LA,Week 5,DC,LA,21 Jess Oh,14,"1,3,7,9,11,13,16,17,19,23,25,30,32,34,35",6,8,5,3,9,8,9,9,0,0,1,0,0,0,0,0,0,0,88.84,34.34,11.11,4.29,102.68,70.51,11.41,7.83
DC @ LA,Week 5,DC,LA,46 Graham Cunningham,13,"3,5,7,9,13,16,19,21,23,25,30,32,34,35",3,10,3,3,11,7,11,8,3,0,0,0,2,2,0,0,0,0,107.12,41.11,11.9,4.57,96,25.26,12,3.16
DC @ LA,Week 5,DC,LA,13 Tyler Smith,13,"1,3,5,7,11,13,16,17,21,23,30,32,34,35",5,8,4,3,29,12,28,18,11,4,0,1,4,3,1,1,0,0,340.24,181.73,13.61,7.27,190.04,26.35,10.56,1.46
DC @ LA,Week 5,DC,LA,12 Clare Frantz,13,"1,3,7,9,11,13,16,17,21,23,25,30,34,35",6,7,5,3,14,9,12,13,1,1,2,2,0,0,0,1,0,0,150.41,98.82,12.53,8.24,187.81,135.6,14.45,10.43
DC @ LA,Week 5,DC,LA,15 Julia Harris,12,"1,5,7,9,11,17,19,21,25,30,32,34,35",5,7,4,1,7,7,7,6,1,1,1,0,1,1,0,2,0,0,60.5,5.42,10.08,0.9,88.37,51.82,14.73,8.64
DC @ LA,Week 5,DC,LA,17 Maggie Pendleton,11,"3,5,7,11,13,17,19,21,23,32,34,35",3,8,2,2,5,4,5,4,1,1,1,0,1,0,1,2,0,0,47.35,18.76,9.47,3.75,77.77,73.83,19.44,18.46
DC @ LA,Week 5,DC,LA,03 Sami Smalling,12,"1,3,5,9,11,16,17,19,23,25,30,32",6,6,5,2,28,9,25,25,3,1,1,3,4,4,0,0,0,0,255.87,151.38,12.79,7.57,250.76,78.44,10.03,3.14
DC @ LA,Week 5,DC,LA,10 Sydney Rehder,9,"1,5,7,9,13,17,19,21,25",3,6,2,1,9,5,9,7,2,0,1,0,1,1,0,0,0,0,90.41,24.11,11.3,3.01,88.13,17.2,12.59,2.46
NASH @ ATX,Week 5,NASH,ATX,15 Sylvia Brown,8,"1,3,4,7,8,11,13,15,17",4,4,0,0,31,6,31,27,4,0,0,0,3,3,0,0,0,0,366.32,33.26,13.08,1.19,301.21,41.72,11.16,1.55
NASH @ ATX,Week 5,NASH,ATX,16 Emily Branson,9,"2,4,5,6,9,10,12,14,16",8,1,3,1,35,9,32,26,9,0,0,3,4,4,0,1,0,0,401.83,134.3,14.88,4.97,374.64,108.31,14.41,4.17
NASH @ ATX,Week 5,NASH,ATX,27 Katharine Gilbert,9,"2,4,5,9,10,11,13,14,16",7,2,3,1,54,12,54,44,10,1,0,0,6,6,0,2,0,0,762.66,242.03,15.89,5.04,502.35,39.69,11.42,0.9
NASH @ ATX,Week 5,NASH,ATX,06 Rebecca Fagan,7,"1,3,4,7,8,11,13,17",4,3,0,0,6,4,6,5,1,0,0,0,1,1,0,2,0,0,52.95,8.53,10.59,1.71,84.11,53.78,16.82,10.76
NASH @ ATX,Week 5,NASH,ATX,91 Savannah Sillivant,8,"2,4,5,6,10,12,14,16",7,1,2,1,10,6,9,10,0,0,0,1,4,2,2,0,0,0,118.32,52.43,16.9,7.49,172.99,76,17.3,7.6
NASH @ ATX,Week 5,NASH,ATX,22 Becca Henley,8,"2,4,5,9,10,12,14,16",7,1,3,1,20,9,20,18,2,0,2,0,3,2,1,2,0,0,198.12,34.88,11.65,2.05,318.67,201.65,17.7,11.2
NASH @ ATX,Week 5,NASH,ATX,08 Grace Robinson,8,"2,5,6,9,10,12,14,16",7,1,3,1,18,10,18,17,1,1,1,0,2,2,0,1,0,0,204.41,39.76,14.6,2.84,280.21,123.19,16.48,7.25
NASH @ ATX,Week 5,NASH,ATX,20 Noel Holmes,6,"1,3,7,11,13,15,17",2,4,0,0,21,6,21,19,2,0,0,0,4,4,0,1,0,0,185.74,28.92,10.93,1.7,224.78,-13.61,11.83,-0.72
NASH @ ATX,Week 5,NASH,ATX,96 Natalie Wilson,7,"1,4,6,7,11,13,15",4,3,0,0,8,4,8,8,0,0,0,0,1,1,0,1,0,0,86.61,20.86,12.37,2.98,103.41,65.84,12.93,8.23
NASH @ ATX,Week 5,NASH,ATX,61 Madison Oakman,5,"1,3,8,11,15,17",1,4,0,0,8,3,8,3,5,0,0,0,2,2,0,2,0,0,96.5,26.96,16.08,4.49,49.76,15.1,16.59,5.03
NASH @ ATX,Week 5,NASH,ATX,01 Tori Radcliffe,6,"2,5,6,8,9,10",5,1,2,1,16,6,16,14,2,0,0,0,4,3,1,1,0,0,143.75,63.88,11.06,4.91,215.47,76.17,15.39,5.44
NASH @ ATX,Week 5,NASH,ATX,03 Sara Mog,6,"2,5,9,10,12,14",5,1,3,1,37,9,37,28,9,2,0,0,4,4,0,1,0,0,467.61,166.69,14.17,5.05,366.35,-36.71,13.08,-1.31
NASH @ ATX,Week 5,NASH,ATX,80 Kelsea LeBeau,5,"6,8,12,14,16",5,0,1,0,9,3,9,7,2,0,1,0,1,1,0,0,0,0,101.44,-17.01,12.68,-2.13,101.03,27.66,14.43,3.95
NASH @ ATX,Week 5,NASH,ATX,26 Leah Shorb,4,"3,6,8,11,17",2,2,0,0,3,2,3,3,0,0,0,0,1,1,0,1,0,0,39.97,25.6,19.99,12.8,43.32,25.13,14.44,8.38
NASH @ ATX,Week 5,NASH,ATX,13 Sandy Taylor,4,"1,3,7,13",2,2,0,0,0,0,0,0,0,0,0,0,0,0,0,0,0,0,0,0,0,0,0,0,0,0
NASH @ ATX,Week 5,NASH,ATX,21 Elena Rubino,3,"7,8,15",2,1,0,0,3,3,3,3,0,0,0,0,3,3,0,0,0,0,0,0,0,0,57.65,55,19.22,18.33
NASH @ ATX,Week 5,NASH,ATX,17 Rachel Barr,3,"9,12,16",3,0,1,0,6,3,6,6,0,0,0,0,0,0,0,1,0,0,61.57,36.31,10.26,6.05,88.31,49.99,14.72,8.33
NASH @ ATX,Week 5,NASH,ATX,18 Morgan Butts,2,"7,15",1,1,0,0,0,0,0,0,0,0,0,0,0,0,0,0,0,0,0,0,0,0,0,0,0,0
NASH @ ATX,Week 5,NASH,ATX,07 Mary Cowart,1,"15,17",0,1,0,0,1,1,1,1,0,0,0,0,0,0,0,0,0,0,16.3,11.04,16.3,11.04,14.7,14.02,14.7,14.02
NASH @ ATX,Week 5,NASH,ATX,71 Mattea Swegles,2,"3,13",1,1,0,0,0,0,0,0,0,0,0,0,0,0,0,0,0,0,0,0,0,0,0,0,0,0
NASH @ ATX,Week 5,NASH,ATX,23 Breanna Snipes,1,"1,17",0,1,0,0,1,1,1,1,0,0,0,0,0,0,0,0,0,0,16.31,-2.51,16.31,-2.51,11.59,8.33,11.59,8.33
NY @ MINN,Week 5,MINN,NY,04 Erica Baken,19,"2,4,6,7,9,11,13,14,17,18,20,22,24,25,26,28,30,33,35",18,1,10,0,40,18,39,28,12,1,2,1,6,6,0,0,0,0,540.45,293.98,16.38,8.91,352.5,118.52,12.59,4.23
NY @ MINN,Week 5,MINN,NY,03 Makella Daley,19,"2,4,7,9,11,13,14,17,18,20,22,23,24,25,26,28,30,33,35",18,1,10,0,36,19,36,26,10,1,3,0,2,2,0,0,0,0,500.76,254.64,14.73,7.49,323.12,24.93,12.43,0.96
NY @ MINN,Week 5,MINN,NY,07 Danielle Byers,17,"2,4,7,11,13,14,17,18,20,22,24,25,26,28,30,33,35",16,1,9,0,18,14,17,18,0,2,1,1,3,2,1,1,0,0,259.24,101.87,17.28,6.79,291.95,112.37,16.22,6.24
NY @ MINN,Week 5,MINN,NY,02 Steph Wood,17,"2,5,9,13,14,17,18,19,20,22,24,25,26,28,30,33,35",15,2,8,0,18,12,15,18,0,2,1,3,2,2,0,1,0,0,171.98,78.44,13.23,6.03,320.75,253.12,17.82,14.06
NY @ MINN,Week 5,MINN,NY,30 Louise Beck,17,"2,4,7,9,11,13,14,17,20,22,24,25,26,28,30,33,35",16,1,10,0,13,8,12,11,2,0,1,1,1,1,0,0,0,0,147.7,56.94,13.43,5.18,165.08,29.73,15.01,2.7
NY @ MINN,Week 5,MINN,NY,21 Sarah Mondschein,15,"1,3,6,8,10,12,15,16,18,19,21,23,29,31,34,37",6,9,1,0,5,5,5,3,2,1,0,0,3,2,1,1,0,0,44.25,43.82,14.75,14.61,50.4,49.38,16.8,16.46
NY @ MINN,Week 5,MINN,NY,53 Emma Piorier,15,"2,4,7,9,11,14,20,22,24,25,26,28,30,33,35",14,1,10,0,19,14,16,19,0,0,1,3,1,0,1,1,0,0,239.01,87.04,14.94,5.44,331.2,226.32,17.43,11.91
NY @ MINN,Week 5,MINN,NY,10 Jane Koch,13,"1,3,6,8,10,12,18,19,21,27,29,32,34,37",2,11,0,0,0,0,0,0,0,0,0,0,0,0,0,1,0,0,0,0,0,0,0,0,0,0
NY @ MINN,Week 5,MINN,NY,05 Steph Rupp,12,"1,5,6,8,12,15,16,19,23,27,31,36",6,6,1,1,6,6,6,2,4,0,0,0,2,2,0,0,0,0,66.09,24.38,16.52,6.1,26.6,2.64,13.3,1.32
NY @ MINN,Week 5,MINN,NY,49 Elly Fireside-Ostergaard,12,"1,3,6,10,12,16,19,21,27,29,32,36",2,10,0,1,1,1,1,1,0,1,0,0,0,0,0,1,0,0,12.4,12.4,12.4,12.4,9.25,9.21,9.25,9.21
NY @ MINN,Week 5,MINN,NY,55 Courtney Walbe,12,"1,5,6,8,12,15,16,19,27,31,32,36",5,7,1,1,5,4,5,2,3,0,0,0,2,2,0,0,0,0,32.09,28.04,16.05,14.02,23.68,4.13,11.84,2.07
NY @ MINN,Week 5,MINN,NY,44 Sarah Meckstroth,11,"2,4,7,9,11,14,18,20,23,25,30",10,1,5,0,9,7,9,9,0,2,0,0,1,1,0,0,0,0,117.29,34.56,14.66,4.32,166.21,143.2,18.47,15.91
NY @ MINN,Week 5,MINN,NY,11 Rachel Johnson,9,"3,5,10,15,21,23,29,31,34,37",4,5,1,0,6,4,6,4,2,0,0,0,1,1,0,0,0,0,83.92,37.52,16.78,7.5,56.36,38.88,14.09,9.72
NY @ MINN,Week 5,MINN,NY,20 Aria Kischner,10,"4,7,11,13,15,17,22,26,31,35",10,0,5,0,6,6,5,6,0,1,1,1,1,1,0,0,0,0,54.94,22.58,13.73,5.65,98.7,58.28,16.45,9.71
NY @ MINN,Week 5,MINN,NY,24 Allegra Johnson McKee,10,"5,9,13,15,17,23,24,28,31,33",10,0,5,0,5,4,5,5,0,1,1,0,0,0,0,0,0,0,84.01,47.28,16.8,9.46,96.05,22.76,19.21,4.55
NY @ MINN,Week 5,MINN,NY,17 Madelyn Lander,8,"6,8,19,21,29,32,34,36,37",1,7,0,1,0,0,0,0,0,0,0,0,0,0,0,0,0,0,0,0,0,0,0,0,0,0
NY @ MINN,Week 5,MINN,NY,77 Anik Regan,9,"3,5,10,15,16,23,27,31,36",5,4,1,1,2,1,1,2,0,0,0,1,0,0,0,0,0,0,17.34,5.01,17.34,5.01,33.85,23.44,16.92,11.72
NY @ MINN,Week 5,MINN,NY,08 Eugenia Garza,7,"3,10,12,21,29,32,34,37",0,7,0,0,0,0,0,0,0,0,0,0,0,0,0,0,0,0,0,0,0,0,0,0,0,0
NY @ MINN,Week 5,MINN,NY,32 Melissa LaFrance,6,"1,8,12,21,29,34,37",0,6,0,0,0,0,0,0,0,0,0,0,0,0,0,0,0,0,0,0,0,0,0,0,0,0
NY @ MINN,Week 5,MINN,NY,14 Jess Hendrickson,7,"3,10,16,27,32,34,36",1,6,0,1,0,0,0,0,0,0,0,0,0,0,0,0,0,0,0,0,0,0,0,0,0,0
NY @ MINN,Week 5,MINN,NY,15 Frankie Saraniti,5,"8,16,27,32,36,37",1,4,0,1,2,1,1,2,0,0,1,1,0,0,0,0,0,0,9.25,9.21,9.25,9.21,35.02,20.79,17.51,10.4
NY @ MINN,Week 5,MINN,NY,12 Shelby Meyer,1,1,0,1,0,0,0,0,0,0,0,0,0,0,0,0,0,0,0,0,0,0,0,0,0,0,0,0
