match,week,team,opponent,Created,Point,Our score at pull,Opponent's score at pull,Started on offense?,Scored?,Possessions,Passes,Turnovers,Thrower errors,Receiver errors,Defensive blocks,Opposition errors,Secondary assist,Assist,Goal
ATX @ ATL,Week 1,ATL,ATX,4/10/2025 16:24,1,0,0,1,0,1,7,1,1,0,0,0,NA,NA,NA
ATX @ ATL,Week 1,ATL,ATX,4/10/2025 16:37,2,0,1,1,0,3,20,3,3,0,2,0,NA,NA,NA
ATX @ ATL,Week 1,ATL,ATX,4/10/2025 17:26,3,0,2,1,1,2,14,1,1,0,1,0,33 Georgia Tse,29 Soju Hokari,26 Morgan Lally
ATX @ ATL,Week 1,ATL,ATX,4/10/2025 17:46,4,1,2,0,0,0,0,0,0,0,0,0,NA,NA,NA
ATX @ ATL,Week 1,ATL,ATX,4/10/2025 17:57,5,1,3,1,1,2,13,1,0,1,1,0,04 Chloe Greene,33 Georgia Tse,57 Ximena Montana
ATX @ ATL,Week 1,ATL,ATX,4/10/2025 18:03,6,2,3,0,0,3,13,3,3,0,1,2,NA,NA,NA
ATX @ ATL,Week 1,ATL,ATX,4/10/2025 18:23,7,2,4,1,1,1,11,0,0,0,0,0,11 Quincy Booth,29 Soju Hokari,11 Quincy Booth
ATX @ ATL,Week 1,ATL,ATX,4/10/2025 18:27,8,3,4,0,1,1,9,0,0,0,0,1,09 Liv Ford,75 Sarah Kingsley-Hart,57 Ximena Montana
ATX @ ATL,Week 1,ATL,ATX,4/10/2025 18:37,9,4,4,0,0,2,2,2,1,1,1,1,NA,NA,NA
ATX @ ATL,Week 1,ATL,ATX,4/10/2025 18:46,10,4,5,1,1,5,25,4,3,2,2,2,NA,08 Dani Ortiz,09 Liv Ford
ATX @ ATL,Week 1,ATL,ATX,4/10/2025 19:11,11,5,5,0,1,2,2,1,1,0,1,1,NA,11 Quincy Booth,26 Morgan Lally
ATX @ ATL,Week 1,ATL,ATX,4/10/2025 22:07,12,6,5,0,0,1,4,1,1,0,1,0,NA,NA,NA
ATX @ ATL,Week 1,ATL,ATX,4/10/2025 22:29,13,6,6,1,1,3,14,2,2,0,1,1,06 Lylah Bannister,25 Katie Sanders,11 Quincy Booth
ATX @ ATL,Week 1,ATL,ATX,4/10/2025 22:54,14,7,6,0,0,3,6,3,2,2,1,2,NA,NA,NA
ATX @ ATL,Week 1,ATL,ATX,4/10/2025 23:12,15,7,7,1,0,3,22,3,2,2,2,0,NA,NA,NA
ATX @ ATL,Week 1,ATL,ATX,4/10/2025 23:21,16,7,8,1,0,2,18,1,1,0,1,0,NA,NA,NA
ATX @ ATL,Week 1,ATL,ATX,4/10/2025 23:34,17,7,8,0,1,4,24,3,3,0,3,1,33 Georgia Tse,11 Quincy Booth,05 Megan Jarriel
ATX @ ATL,Week 1,ATL,ATX,4/10/2025 23:55,18,8,8,0,1,1,6,0,0,0,1,0,09 Liv Ford,11 Quincy Booth,51 Lilli Popovich
ATX @ ATL,Week 1,ATL,ATX,4/11/2025 0:05,19,9,8,0,1,1,1,0,0,0,1,0,NA,04 Chloe Greene,57 Ximena Montana
ATX @ ATL,Week 1,ATL,ATX,4/11/2025 0:09,20,10,8,0,1,3,17,2,1,1,1,2,12 Emma Jaschke,26 Morgan Lally,14 Charlotte Doran
ATX @ ATL,Week 1,ATL,ATX,4/11/2025 0:20,21,11,8,0,0,1,0,0,0,0,0,1,NA,NA,NA
ATX @ ATL,Week 1,ATX,ATL,2025-04-14 17:47:34,1,0,0,0,1,1,9,0,0,0,0,1,07 Shiru Liu,NA,00 Margaret Rowell
ATX @ ATL,Week 1,ATX,ATL,2025-04-14 17:58:11,2,1,0,0,1,3,26,2,2,0,2,1,09 Summer Wilson,04 Mary Clare Robbins,10 Gabriella Cuina
ATX @ ATL,Week 1,ATX,ATL,2025-04-14 18:07:52,3,2,0,0,0,1,3,1,1,0,0,1,NA,NA,NA
ATX @ ATL,Week 1,ATX,ATL,2025-04-14 18:11:54,4,2,1,1,1,1,14,0,0,0,0,0,NA,NA,09 Summer Wilson
ATX @ ATL,Week 1,ATX,ATL,2025-04-14 18:16:42,5,3,1,0,0,1,1,1,1,0,0,1,NA,NA,NA
ATX @ ATL,Week 1,ATX,ATL,2025-04-14 18:20:00,6,3,2,1,0,1,14,1,1,0,0,0,NA,NA,NA
ATX @ ATL,Week 1,ATX,ATL,2025-04-14 18:26:07,7,3,3,1,1,3,25,2,2,0,1,1,34 Carley Garrett,05 Elise Franke,26 Amy Broome
ATX @ ATL,Week 1,ATX,ATL,2025-04-14 18:37:45,8,4,3,0,0,0,0,0,0,0,0,0,NA,NA,NA
ATX @ ATL,Week 1,ATX,ATL,2025-04-14 18:39:09,9,4,4,1,0,1,8,1,1,0,0,0,NA,NA,NA
ATX @ ATL,Week 1,ATX,ATL,2025-04-14 18:43:32,10,4,5,1,1,3,5,2,2,0,1,1,NA,07 Shiru Liu,00 Margaret Rowell
ATX @ ATL,Week 1,ATX,ATL,2025-04-14 18:47:27,11,5,5,0,0,4,13,4,4,0,2,2,NA,NA,NA
ATX @ ATL,Week 1,ATX,ATL,2025-04-14 18:55:46,12,5,6,1,0,2,7,2,2,0,0,1,NA,NA,NA
ATX @ ATL,Week 1,ATX,ATL,2025-04-14 19:00:16,13,5,7,1,1,2,18,1,1,0,0,1,NA,NA,NA
ATX @ ATL,Week 1,ATX,ATL,2025-04-14 19:08:59,14,6,7,0,1,1,1,0,0,0,0,1,NA,07 Shiru Liu,16 Kinsey Neas
ATX @ ATL,Week 1,ATX,ATL,2025-04-14 19:10:04,15,7,7,0,0,2,30,2,2,1,0,2,NA,NA,NA
ATX @ ATL,Week 1,ATX,ATL,2025-04-14 22:57:55,16,7,8,1,1,3,16,3,3,0,1,2,NA,NA,NA
ATX @ ATL,Week 1,ATX,ATL,2025-04-14 23:07:49,17,8,8,0,1,3,12,2,2,0,0,3,16 Kinsey Neas,NA,05 Elise Franke
ATX @ ATL,Week 1,ATX,ATL,2025-04-14 23:18:11,18,9,8,0,0,1,18,1,1,0,0,1,NA,NA,NA
ATX @ ATL,Week 1,ATX,ATL,2025-04-14 23:28:41,19,9,9,1,0,4,10,4,4,0,0,3,NA,NA,NA
ATX @ ATL,Week 1,ATX,ATL,2025-04-14 23:50:55,20,9,10,1,0,1,27,1,1,0,0,0,NA,NA,NA
ATX @ ATL,Week 1,ATX,ATL,2025-04-14 23:57:56,21,9,11,1,0,1,5,1,1,0,0,0,NA,NA,NA
ATX @ ATL,Week 1,ATX,ATL,2025-04-15 00:00:29,22,9,12,1,0,3,33,3,1,3,0,2,NA,NA,NA
ATX @ ATL,Week 1,ATX,ATL,2025-04-15 00:10:03,23,9,13,1,0,1,11,1,1,0,0,0,NA,NA,NA
PHL @ INDY,Week 1,INDY,PHL,4/6/2025 18:30,1,0,0,0,0,0,0,0,0,0,0,0,NA,NA,NA
PHL @ INDY,Week 1,INDY,PHL,4/6/2025 20:48,2,0,1,1,1,3,19,2,2,0,1,1,11 Tracey Lo,18 Laura Grencser,27 Eliza Hutchins
PHL @ INDY,Week 1,INDY,PHL,4/6/2025 20:56,3,1,1,0,0,2,8,2,2,0,1,1,NA,NA,NA
PHL @ INDY,Week 1,INDY,PHL,4/6/2025 21:02,4,1,2,1,1,3,22,2,2,0,1,1,04 Rachel Mast,11 Tracey Lo,04 Rachel Mast
PHL @ INDY,Week 1,INDY,PHL,4/6/2025 21:08,5,2,2,0,0,0,0,0,0,0,0,0,NA,NA,NA
PHL @ INDY,Week 1,INDY,PHL,4/6/2025 21:09,6,2,3,1,0,2,8,2,0,2,0,1,NA,NA,NA
PHL @ INDY,Week 1,INDY,PHL,4/6/2025 21:15,7,2,4,1,1,2,7,1,1,0,0,1,77 Katrina McGuire,18 Laura Grencser,77 Katrina McGuire
PHL @ INDY,Week 1,INDY,PHL,4/6/2025 21:18,8,3,4,0,0,3,17,2,2,0,0,3,NA,NA,NA
PHL @ INDY,Week 1,INDY,PHL,4/6/2025 21:26,9,3,5,1,0,2,13,2,1,1,1,0,NA,NA,NA
PHL @ INDY,Week 1,INDY,PHL,4/6/2025 21:30,10,3,6,1,1,1,12,0,0,0,0,0,32 Shani Rosenthal,18 Laura Grencser,77 Katrina McGuire
PHL @ INDY,Week 1,INDY,PHL,4/6/2025 21:33,11,4,6,0,0,0,0,0,0,0,0,0,NA,NA,NA
PHL @ INDY,Week 1,INDY,PHL,4/6/2025 21:34,12,4,7,1,0,1,7,1,1,0,0,0,NA,NA,NA
PHL @ INDY,Week 1,INDY,PHL,4/6/2025 21:36,13,4,8,0,1,3,15,2,2,0,2,1,04 Rachel Mast,18 Laura Grencser,27 Eliza Hutchins
PHL @ INDY,Week 1,INDY,PHL,4/6/2025 21:48,14,5,8,0,0,0,0,0,0,0,0,0,NA,NA,NA
PHL @ INDY,Week 1,INDY,PHL,4/6/2025 21:56,15,5,9,1,1,4,13,3,2,1,0,3,18 Laura Grencser,77 Katrina McGuire,18 Laura Grencser
PHL @ INDY,Week 1,INDY,PHL,4/6/2025 22:09,16,6,9,0,1,1,7,0,0,0,0,1,18 Laura Grencser,11 Tracey Lo,91 Samantha Phillips
PHL @ INDY,Week 1,INDY,PHL,4/6/2025 22:19,17,7,9,0,1,1,12,0,0,0,0,1,18 Laura Grencser,11 Tracey Lo,77 Katrina McGuire
PHL @ INDY,Week 1,INDY,PHL,4/6/2025 22:28,18,8,9,1,1,1,7,0,0,0,0,0,18 Laura Grencser,04 Rachel Mast,19 Melissa Gibbs
PHL @ INDY,Week 1,INDY,PHL,4/6/2025 22:35,19,9,9,0,0,0,0,0,0,0,0,0,NA,NA,NA
PHL @ INDY,Week 1,INDY,PHL,4/6/2025 22:37,20,9,10,1,0,3,18,3,3,0,2,0,NA,NA,NA
PHL @ INDY,Week 1,INDY,PHL,4/6/2025 22:46,21,9,11,1,0,2,3,2,2,0,0,1,NA,NA,NA
PHL @ INDY,Week 1,INDY,PHL,4/6/2025 22:52,22,9,12,1,1,2,28,1,1,0,1,0,11 Tracey Lo,18 Laura Grencser,15 Sydney Loughran
PHL @ INDY,Week 1,INDY,PHL,4/6/2025 23:01,23,10,12,0,0,1,2,1,1,0,0,1,NA,NA,NA
PHL @ INDY,Week 1,INDY,PHL,4/6/2025 23:04,24,10,13,1,0,1,13,1,1,0,0,0,NA,NA,NA
PHL @ INDY,Week 1,INDY,PHL,4/6/2025 23:08,25,10,14,1,0,0,0,0,0,0,0,0,NA,NA,NA
PHL @ INDY,Week 1,PHL,INDY,2025-04-08 12:46:36,1,0,0,1,1,1,13,0,0,0,0,0,66 Jess Brand,09 Sarah Hirannet,66 Jess Brand
PHL @ INDY,Week 1,PHL,INDY,2025-04-08 12:52:53,2,1,0,0,0,2,8,2,2,0,2,0,NA,NA,NA
PHL @ INDY,Week 1,PHL,INDY,2025-04-08 13:00:01,3,1,1,1,1,3,25,2,2,0,1,1,NA,29 Sara Liang,19 Grace Maroon
PHL @ INDY,Week 1,PHL,INDY,2025-04-08 13:06:32,4,2,1,0,0,2,11,2,2,0,1,1,NA,NA,NA
PHL @ INDY,Week 1,PHL,INDY,2025-04-08 13:15:26,5,2,2,1,0,1,5,1,0,1,0,0,NA,NA,NA
PHL @ INDY,Week 1,PHL,INDY,2025-04-08 13:32:40,6,2,3,0,1,2,5,1,0,1,1,1,99 Veronica Kolegue-Spalaris,27 Kit Asterin,22 Liz Hart
PHL @ INDY,Week 1,PHL,INDY,2025-04-08 13:35:38,7,3,3,0,0,1,3,1,1,0,0,1,NA,NA,NA
PHL @ INDY,Week 1,PHL,INDY,2025-04-08 13:38:52,8,3,4,1,1,4,28,3,2,1,2,1,29 Sara Liang,19 Grace Maroon,29 Sara Liang
PHL @ INDY,Week 1,PHL,INDY,2025-04-08 13:51:29,9,4,4,0,1,2,11,1,1,0,1,1,21 Linda Morse,23 Natalie Bova,22 Liz Hart
PHL @ INDY,Week 1,PHL,INDY,2025-04-08 13:55:33,10,5,4,0,0,0,0,0,0,0,0,0,NA,NA,NA
PHL @ INDY,Week 1,PHL,INDY,2025-04-08 13:58:37,11,5,5,1,1,1,10,0,0,0,0,0,23 Natalie Bova,99 Veronica Kolegue-Spalaris,29 Sara Liang
PHL @ INDY,Week 1,PHL,INDY,2025-04-08 14:01:17,12,6,5,0,0,1,0,0,0,0,1,0,NA,NA,NA
PHL @ INDY,Week 1,PHL,INDY,2025-04-08 14:04:17,13,6,6,1,0,3,15,2,2,1,0,2,NA,NA,NA
PHL @ INDY,Week 1,PHL,INDY,2025-04-08 14:21:32,14,6,7,1,1,1,11,0,0,0,0,0,19 Grace Maroon,17 Allie Milligan,19 Grace Maroon
PHL @ INDY,Week 1,PHL,INDY,2025-04-08 14:25:30,15,7,7,0,0,3,13,3,1,2,1,2,NA,NA,NA
PHL @ INDY,Week 1,PHL,INDY,2025-04-08 14:33:58,16,7,8,1,0,1,6,1,0,1,0,0,NA,NA,NA
PHL @ INDY,Week 1,PHL,INDY,2025-04-08 14:38:31,17,7,9,1,0,1,10,1,1,1,0,0,NA,NA,NA
PHL @ INDY,Week 1,PHL,INDY,2025-04-08 14:46:58,18,7,10,0,0,0,0,0,0,0,0,0,NA,NA,NA
PHL @ INDY,Week 1,PHL,INDY,2025-04-08 14:48:49,19,7,11,1,1,1,11,0,0,0,0,0,00 Emilie Mohler,09 Sarah Hirannet,73 Chelsea Semper
PHL @ INDY,Week 1,PHL,INDY,2025-04-08 14:52:48,20,8,11,0,1,3,18,2,2,0,1,2,03 Rachel Alfano,23 Natalie Bova,21 Linda Morse
PHL @ INDY,Week 1,PHL,INDY,2025-04-08 15:01:49,21,9,11,0,1,2,7,1,0,1,2,0,NA,29 Sara Liang,19 Grace Maroon
PHL @ INDY,Week 1,PHL,INDY,2025-04-08 15:06:24,22,10,11,0,0,1,2,1,1,0,1,0,NA,NA,NA
PHL @ INDY,Week 1,PHL,INDY,2025-04-08 15:11:09,23,10,12,1,1,2,6,1,1,0,1,0,27 Kit Asterin,23 Natalie Bova,21 Linda Morse
PHL @ INDY,Week 1,PHL,INDY,2025-04-08 15:14:26,24,11,12,0,0,1,3,0,0,0,0,1,NA,NA,NA
PHL @ INDY,Week 1,PHL,INDY,2025-04-08 15:17:01,25,11,13,1,0,0,0,0,0,0,0,0,NA,NA,NA
RAL @ LA,Week 1,LA,RAL,2025-04-06 11:43:24,1,0,0,1,1,6,18,5,4,1,3,2,01 Maggie O'Connor,25 Samantha Wool,03 Chip Yen
RAL @ LA,Week 1,LA,RAL,2025-04-06 12:06:13,2,1,0,0,0,3,9,3,2,1,1,2,NA,NA,NA
RAL @ LA,Week 1,LA,RAL,2025-04-06 12:32:10,3,1,1,1,1,3,14,2,1,1,0,2,NA,93 Naomi Guzman,24 Avalon Igawa
RAL @ LA,Week 1,LA,RAL,2025-04-06 12:42:09,4,2,1,0,0,0,0,0,0,0,0,0,NA,NA,NA
RAL @ LA,Week 1,LA,RAL,2025-04-06 12:53:42,5,2,2,0,1,8,26,6,6,0,3,4,34 Amanda Ring,15 Violet Wei,24 Avalon Igawa
RAL @ LA,Week 1,LA,RAL,2025-04-06 13:18:32,6,3,2,0,0,1,2,1,1,0,0,1,NA,NA,NA
RAL @ LA,Week 1,LA,RAL,2025-04-06 13:23:52,7,3,3,1,1,2,13,1,1,0,1,0,25 Samantha Wool,01 Maggie O'Connor,11 Emily Ash
RAL @ LA,Week 1,LA,RAL,2025-04-06 13:28:04,8,4,3,1,0,5,29,5,4,2,0,5,NA,NA,NA
RAL @ LA,Week 1,LA,RAL,2025-04-06 14:21:29,9,4,4,1,1,1,6,0,0,0,0,0,89 Lexy Roy,44 Nadine Meister,93 Naomi Guzman
RAL @ LA,Week 1,LA,RAL,2025-04-06 14:30:47,10,5,4,0,0,2,6,2,2,0,0,2,NA,NA,NA
RAL @ LA,Week 1,LA,RAL,2025-04-06 14:38:33,11,5,5,1,1,3,24,2,2,0,2,0,01 Maggie O'Connor,25 Samantha Wool,20 Madee Shade
RAL @ LA,Week 1,LA,RAL,2025-04-06 14:43:52,12,6,5,0,0,1,6,1,1,0,1,0,NA,NA,NA
RAL @ LA,Week 1,LA,RAL,2025-04-06 14:46:56,13,6,6,0,0,2,13,2,2,0,0,1,NA,NA,NA
RAL @ LA,Week 1,LA,RAL,2025-04-06 14:55:47,14,6,7,0,0,2,5,2,2,0,1,1,NA,NA,NA
RAL @ LA,Week 1,LA,RAL,2025-04-06 20:01:58,15,6,8,0,0,4,19,4,3,1,2,1,NA,NA,NA
RAL @ LA,Week 1,LA,RAL,2025-04-06 20:16:54,16,6,9,1,1,1,15,0,0,0,0,0,44 Nadine Meister,25 Samantha Wool,01 Maggie O'Connor
RAL @ LA,Week 1,LA,RAL,2025-04-06 20:20:22,17,7,9,0,0,1,2,1,0,1,1,0,NA,NA,NA
RAL @ LA,Week 1,LA,RAL,2025-04-07 22:01:25,18,7,10,1,0,1,11,1,1,0,0,0,NA,NA,NA
RAL @ LA,Week 1,LA,RAL,2025-04-07 22:04:28,19,7,11,1,1,1,3,0,0,0,0,0,07 Jessica Martinez,24 Avalon Igawa,26 Cameron Helm
RAL @ LA,Week 1,LA,RAL,2025-04-07 22:06:44,20,8,11,1,1,1,12,0,0,0,0,1,44 Nadine Meister,01 Maggie O'Connor,50 Lilet Brooks
RAL @ LA,Week 1,LA,RAL,2025-04-07 22:13:18,21,9,11,0,0,0,0,0,0,0,0,0,NA,NA,NA
RAL @ LA,Week 1,RAL,LA,2025-04-05 22:33:39,1,0,0,0,0,5,15,5,3,2,1,4,NA,NA,NA
RAL @ LA,Week 1,RAL,LA,2025-04-05 22:50:11,2,0,1,1,1,4,10,3,2,1,0,3,NA,59 Audrey Lyman,06 Jenny Wei
RAL @ LA,Week 1,RAL,LA,2025-04-05 22:56:15,3,1,1,0,0,2,5,2,2,0,0,2,NA,NA,NA
RAL @ LA,Week 1,RAL,LA,2025-04-05 23:02:00,4,1,2,1,1,1,5,0,0,0,0,0,45 Caitlin Gross,59 Audrey Lyman,06 Jenny Wei
RAL @ LA,Week 1,RAL,LA,2025-04-05 23:04:08,5,2,2,1,0,1,2,1,1,0,0,1,NA,NA,NA
RAL @ LA,Week 1,RAL,LA,2025-04-06 13:12:56,6,2,3,1,0,6,21,6,4,2,0,5,NA,NA,NA
RAL @ LA,Week 1,RAL,LA,2025-04-06 13:31:14,7,2,4,1,1,2,8,1,0,1,1,0,18 Sarah McKee,09 Jinny Riedel,48 Natalie Baumgarten
RAL @ LA,Week 1,RAL,LA,2025-04-06 13:36:09,8,3,4,0,0,1,3,1,1,0,0,1,NA,NA,NA
RAL @ LA,Week 1,RAL,LA,2025-04-06 13:40:18,9,3,5,1,0,3,15,3,1,2,1,1,NA,NA,NA
RAL @ LA,Week 1,RAL,LA,2025-04-06 13:52:06,10,3,6,0,1,3,3,2,2,0,2,1,NA,09 Jinny Riedel,48 Natalie Baumgarten
RAL @ LA,Week 1,RAL,LA,2025-04-06 13:57:51,11,4,6,0,0,0,0,0,0,0,0,0,NA,NA,NA
RAL @ LA,Week 1,RAL,LA,2025-04-06 13:59:29,12,4,7,1,1,3,14,2,1,1,2,0,45 Caitlin Gross,15 Carmen Tormey,88 Maddie Pletzke
RAL @ LA,Week 1,RAL,LA,2025-04-06 14:06:37,13,5,7,0,0,2,3,2,2,0,0,2,NA,NA,NA
RAL @ LA,Week 1,RAL,LA,2025-04-06 14:10:29,14,5,8,1,1,2,8,1,1,0,1,0,59 Audrey Lyman,06 Jenny Wei,21 Julia Hoffmann
RAL @ LA,Week 1,RAL,LA,2025-04-06 14:13:35,15,6,8,0,1,2,18,1,0,1,0,2,02 Claire Bidigare-Curtis,06 Jenny Wei,02 Claire Bidigare-Curtis
RAL @ LA,Week 1,RAL,LA,2025-04-06 14:21:28,16,7,8,1,1,3,10,2,2,0,1,1,45 Caitlin Gross,15 Carmen Tormey,88 Maddie Pletzke
RAL @ LA,Week 1,RAL,LA,2025-04-06 18:49:07,17,8,8,0,1,4,17,3,2,1,2,2,88 Maddie Pletzke,21 Julia Hoffmann,15 Carmen Tormey
RAL @ LA,Week 1,RAL,LA,2025-04-06 19:01:52,18,9,8,0,0,0,0,0,0,0,0,0,NA,NA,NA
RAL @ LA,Week 1,RAL,LA,2025-04-06 19:03:45,19,9,9,1,1,2,11,1,1,0,0,1,06 Jenny Wei,88 Maddie Pletzke,21 Julia Hoffmann
RAL @ LA,Week 1,RAL,LA,2025-04-06 19:08:41,20,10,9,0,1,1,3,0,0,0,0,1,48 Natalie Baumgarten,24 Hannah Boettcher,43 Claire Hackl
RAL @ LA,Week 1,RAL,LA,2025-04-06 19:11:37,21,11,9,0,0,0,0,0,0,0,0,0,NA,NA,NA
RAL @ LA,Week 1,RAL,LA,2025-04-06 19:13:32,22,11,10,1,0,1,3,1,1,0,0,0,NA,NA,NA
RAL @ LA,Week 1,RAL,LA,2025-04-06 19:18:41,23,11,11,1,1,1,3,0,0,0,0,0,15 Carmen Tormey,06 Jenny Wei,NA
RAL @ LA,Week 1,RAL,LA,2025-04-06 19:20:58,24,12,11,0,0,0,0,0,0,0,0,0,NA,NA,NA
LA @ NASH,Week 2,LA,NASH,2025-04-13 15:21:00,1,0,0,1,1,2,9,1,1,0,0,1,50 Lilet Brooks,25 Samantha Wool,03 Chip Yen
LA @ NASH,Week 2,LA,NASH,2025-04-13 15:27:18,2,1,0,0,1,2,12,1,1,0,0,2,89 Lexy Roy,26 Cameron Helm,19 Sophie Havranek
LA @ NASH,Week 2,LA,NASH,2025-04-13 15:51:20,3,2,0,0,0,4,10,4,3,2,2,2,NA,NA,NA
LA @ NASH,Week 2,LA,NASH,2025-04-13 16:01:14,4,2,1,1,1,1,6,0,0,0,0,0,03 Chip Yen,01 Maggie O'Connor,03 Chip Yen
LA @ NASH,Week 2,LA,NASH,2025-04-13 16:08:32,5,3,1,0,1,4,29,3,3,1,0,4,16 Karli Steiner,09 Arenaria Cramer,23 Frances Lebar
LA @ NASH,Week 2,LA,NASH,2025-04-13 16:29:51,6,4,1,0,1,1,10,0,0,0,0,1,44 Nadine Meister,93 Naomi Guzman,02 Iman Haq
LA @ NASH,Week 2,LA,NASH,2025-04-13 16:37:34,7,5,1,0,1,2,18,1,1,1,2,0,25 Samantha Wool,11 Emily Ash,03 Chip Yen
LA @ NASH,Week 2,LA,NASH,2025-04-13 16:45:28,8,6,1,0,1,2,4,1,1,0,1,1,07 Jessica Martinez,16 Karli Steiner,04 Amy Lee
LA @ NASH,Week 2,LA,NASH,2025-04-13 16:48:42,9,7,1,0,0,0,0,0,0,0,0,0,NA,NA,NA
LA @ NASH,Week 2,LA,NASH,2025-04-13 16:52:22,10,7,2,1,0,2,7,2,2,0,0,1,NA,NA,NA
LA @ NASH,Week 2,LA,NASH,2025-04-13 17:09:05,11,7,3,1,0,6,18,6,5,1,2,3,NA,NA,NA
LA @ NASH,Week 2,LA,NASH,2025-04-13 17:23:02,12,7,4,1,1,1,4,0,0,0,0,0,09 Arenaria Cramer,16 Karli Steiner,89 Lexy Roy
LA @ NASH,Week 2,LA,NASH,2025-04-13 17:25:26,13,8,4,0,1,3,18,2,2,0,2,1,09 Arenaria Cramer,16 Karli Steiner,26 Cameron Helm
LA @ NASH,Week 2,LA,NASH,2025-04-13 17:42:12,14,9,4,0,1,1,9,0,0,0,0,1,19 Sophie Havranek,89 Lexy Roy,23 Frances Lebar
LA @ NASH,Week 2,LA,NASH,2025-04-13 17:45:55,15,10,4,0,0,0,0,0,0,0,0,0,NA,NA,NA
LA @ NASH,Week 2,LA,NASH,2025-04-13 17:47:22,16,10,5,1,1,1,3,0,0,0,0,0,25 Samantha Wool,01 Maggie O'Connor,00 Stephanie Pritchard
LA @ NASH,Week 2,LA,NASH,2025-04-13 17:50:12,17,11,5,0,1,2,9,1,1,0,1,1,93 Naomi Guzman,16 Karli Steiner,26 Cameron Helm
LA @ NASH,Week 2,LA,NASH,2025-04-13 17:56:10,18,12,5,0,1,1,4,0,0,0,0,1,20 Madee Shade,23 Frances Lebar,17 Rachel Johnston
LA @ NASH,Week 2,LA,NASH,2025-04-13 17:58:52,19,13,5,1,1,3,7,2,0,2,0,3,25 Samantha Wool,11 Emily Ash,03 Chip Yen
LA @ NASH,Week 2,LA,NASH,2025-04-13 18:07:35,20,14,5,0,0,1,1,1,1,0,1,0,NA,NA,NA
LA @ NASH,Week 2,NASH,LA,2025-04-13 15:23:42,1,0,0,0,0,1,3,1,1,0,0,1,NA,NA,NA
LA @ NASH,Week 2,NASH,LA,2025-04-13 15:33:55,2,0,1,1,0,2,12,2,2,0,1,0,NA,NA,NA
LA @ NASH,Week 2,NASH,LA,2025-04-13 15:48:03,3,0,2,1,1,5,23,4,4,0,3,1,96 Natalie Wilson,15 Sylvia Brown,96 Natalie Wilson
LA @ NASH,Week 2,NASH,LA,2025-04-13 15:56:00,4,1,2,0,0,0,0,0,0,0,0,0,NA,NA,NA
LA @ NASH,Week 2,NASH,LA,2025-04-13 15:59:31,5,1,3,1,0,4,18,4,3,1,1,2,NA,NA,NA
LA @ NASH,Week 2,NASH,LA,2025-04-13 16:12:02,6,1,4,1,0,1,10,1,1,0,0,0,NA,NA,NA
LA @ NASH,Week 2,NASH,LA,2025-04-13 16:15:40,7,1,5,1,0,2,9,2,2,0,1,0,NA,NA,NA
LA @ NASH,Week 2,NASH,LA,2025-04-13 16:22:29,8,1,6,1,0,2,7,2,2,0,1,0,NA,NA,NA
LA @ NASH,Week 2,NASH,LA,2025-04-13 16:26:35,9,1,7,1,1,1,7,0,0,0,0,0,06 Rebecca Fagan,16 Emily Branson,22 Becca Henley
LA @ NASH,Week 2,NASH,LA,2025-04-13 16:31:46,10,2,7,0,1,2,6,1,0,1,0,2,15 Sylvia Brown,06 Rebecca Fagan,18 Morgan Butts
LA @ NASH,Week 2,NASH,LA,2025-04-13 17:38:33,11,3,7,0,1,6,41,5,5,0,2,4,42 Emma Patterson,15 Sylvia Brown,61 Madison Oakman
LA @ NASH,Week 2,NASH,LA,2025-04-13 17:55:58,12,4,7,0,0,0,0,0,0,0,0,0,NA,NA,NA
LA @ NASH,Week 2,NASH,LA,2025-04-13 17:57:06,13,4,8,1,0,3,21,3,3,0,1,1,NA,NA,NA
LA @ NASH,Week 2,NASH,LA,2025-04-13 18:05:19,14,4,9,1,0,1,1,1,1,0,0,0,NA,NA,NA
LA @ NASH,Week 2,NASH,LA,2025-04-13 18:07:11,15,4,10,1,1,1,5,0,0,0,0,0,15 Sylvia Brown,01 Tori Radcliffe,22 Becca Henley
LA @ NASH,Week 2,NASH,LA,2025-04-13 18:08:43,16,5,10,0,0,0,0,0,0,0,0,0,NA,NA,NA
LA @ NASH,Week 2,NASH,LA,2025-04-13 18:10:50,17,5,11,1,0,2,9,2,2,0,1,0,NA,NA,NA
LA @ NASH,Week 2,NASH,LA,2025-04-13 21:39:55,18,5,12,1,0,1,10,1,1,0,0,0,NA,NA,NA
LA @ NASH,Week 2,NASH,LA,2025-04-13 21:43:24,19,5,13,1,0,3,27,3,2,1,0,2,NA,NA,NA
LA @ NASH,Week 2,NASH,LA,2025-04-13 21:51:45,20,5,14,1,0,1,3,1,1,0,1,0,NA,NA,NA
NY @ PHL,Week 2,NY,PHL,2025-04-14 14:44:48,1,0,0,0,0,1,10,1,1,0,0,1,NA,NA,NA
NY @ PHL,Week 2,NY,PHL,2025-04-14 21:26:40,2,0,1,1,1,1,7,0,0,0,0,0,20 Yina Cartagena,24 Jolie Krebs,33 Valeria Cárdenas
NY @ PHL,Week 2,NY,PHL,2025-04-14 21:28:56,3,1,1,0,0,1,1,1,0,1,0,1,NA,NA,NA
NY @ PHL,Week 2,NY,PHL,2025-04-14 21:31:23,4,1,2,1,1,1,3,0,0,0,0,0,24 Jolie Krebs,20 Yina Cartagena,19 Eastelle Ding
NY @ PHL,Week 2,NY,PHL,2025-04-14 21:34:38,5,2,2,0,0,1,1,1,1,0,0,1,NA,NA,NA
NY @ PHL,Week 2,NY,PHL,2025-04-14 21:37:44,6,2,3,1,1,1,11,0,0,0,0,0,26 Mari Malin,20 Yina Cartagena,33 Valeria Cárdenas
NY @ PHL,Week 2,NY,PHL,2025-04-14 21:41:16,7,3,3,0,0,1,6,1,1,0,1,0,NA,NA,NA
NY @ PHL,Week 2,NY,PHL,2025-04-14 21:44:32,8,3,4,1,1,2,11,1,1,0,1,0,00 Genny De Jesus,20 Yina Cartagena,19 Eastelle Ding
NY @ PHL,Week 2,NY,PHL,2025-04-14 21:47:46,9,4,4,0,1,1,13,0,0,0,1,0,03 Liv Player,33 Valeria Cárdenas,21 Montana Roberts
NY @ PHL,Week 2,NY,PHL,2025-04-14 21:51:58,10,5,4,0,0,0,0,0,0,0,0,0,NA,NA,NA
NY @ PHL,Week 2,NY,PHL,2025-04-14 21:53:53,11,5,5,1,1,4,34,3,2,1,1,2,10 Ella Juengst,20 Yina Cartagena,07 Abby Hecko
NY @ PHL,Week 2,NY,PHL,2025-04-14 22:09:04,12,6,5,0,1,1,6,0,0,0,0,1,07 Abby Hecko,33 Valeria Cárdenas,21 Montana Roberts
NY @ PHL,Week 2,NY,PHL,2025-04-14 22:11:38,13,7,5,0,0,5,46,5,4,1,1,4,NA,NA,NA
NY @ PHL,Week 2,NY,PHL,2025-04-14 22:21:24,14,7,6,0,1,2,9,1,1,0,0,2,07 Abby Hecko,31 Eli Presberg,88 Nikki Hair
NY @ PHL,Week 2,NY,PHL,2025-04-14 22:29:22,15,8,6,0,0,1,6,1,1,0,0,1,NA,NA,NA
NY @ PHL,Week 2,NY,PHL,2025-04-14 22:32:42,16,8,7,1,0,1,7,1,0,1,0,0,NA,NA,NA
NY @ PHL,Week 2,NY,PHL,2025-04-14 22:35:45,17,8,8,1,0,4,33,4,4,0,1,2,NA,NA,NA
NY @ PHL,Week 2,NY,PHL,2025-04-14 22:51:20,18,8,9,1,1,1,7,0,0,0,0,0,33 Valeria Cárdenas,31 Eli Presberg,66 Janine Hlavaty
NY @ PHL,Week 2,NY,PHL,2025-04-14 22:53:11,19,9,9,1,1,2,24,1,1,0,0,1,24 Jolie Krebs,20 Yina Cartagena,19 Eastelle Ding
NY @ PHL,Week 2,NY,PHL,2025-04-14 23:04:07,20,10,9,0,0,0,0,0,0,0,0,0,NA,NA,NA
NY @ PHL,Week 2,NY,PHL,2025-04-14 23:06:06,21,10,10,1,0,1,9,1,1,0,0,0,NA,NA,NA
NY @ PHL,Week 2,NY,PHL,2025-04-14 23:10:21,22,10,11,1,0,1,5,1,1,0,0,0,NA,NA,NA
NY @ PHL,Week 2,NY,PHL,2025-04-14 23:13:16,23,10,12,1,1,1,12,0,0,0,0,0,74 Sam Harris,24 Jolie Krebs,00 Genny De Jesus
NY @ PHL,Week 2,NY,PHL,2025-04-14 23:15:31,24,11,12,0,0,1,2,1,1,0,0,1,NA,NA,NA
NY @ PHL,Week 2,NY,PHL,2025-04-14 23:19:23,25,11,13,1,1,1,7,0,0,0,0,0,66 Janine Hlavaty,24 Jolie Krebs,33 Valeria Cárdenas
NY @ PHL,Week 2,NY,PHL,2025-04-14 23:20:42,26,12,13,0,1,1,16,0,0,0,1,0,33 Valeria Cárdenas,20 Yina Cartagena,03 Liv Player
NY @ PHL,Week 2,NY,PHL,2025-04-14 23:27:32,27,13,13,0,0,0,0,0,0,0,0,1,NA,NA,NA
NY @ PHL,Week 2,PHL,NY,4/13/25 9:36,1,0,0,1,1,2,11,1,1,0,0,1,29 Sara Liang,01 Emily Shields,21 Linda Morse
NY @ PHL,Week 2,PHL,NY,4/13/25 9:40,2,1,0,0,0,0,0,0,0,0,0,0,NA,NA,NA
NY @ PHL,Week 2,PHL,NY,4/13/25 9:43,3,1,1,1,1,2,10,1,0,1,0,1,09 Sarah Hirannet,27 Kit Asterin,05 Lindsay McKenna
NY @ PHL,Week 2,PHL,NY,4/13/25 9:46,4,2,1,0,0,0,0,0,0,0,0,0,NA,NA,NA
NY @ PHL,Week 2,PHL,NY,4/13/25 9:47,5,2,2,1,1,2,15,1,1,0,1,0,20 Danielle Walsh,29 Sara Liang,19 Grace Maroon
NY @ PHL,Week 2,PHL,NY,4/13/25 9:52,6,3,2,0,0,0,0,0,0,0,0,0,NA,NA,NA
NY @ PHL,Week 2,PHL,NY,4/13/25 10:23,7,3,3,1,1,2,13,1,1,0,0,1,21 Linda Morse,19 Grace Maroon,29 Sara Liang
NY @ PHL,Week 2,PHL,NY,4/13/25 10:26,8,4,3,0,0,1,1,1,1,0,1,0,NA,NA,NA
NY @ PHL,Week 2,PHL,NY,4/13/25 10:28,9,4,4,1,0,1,2,1,1,1,0,0,NA,NA,NA
NY @ PHL,Week 2,PHL,NY,4/13/25 10:38,10,4,5,1,1,1,1,0,0,0,0,0,NA,08 Joanna Maida,27 Kit Asterin
NY @ PHL,Week 2,PHL,NY,4/13/25 10:41,11,5,5,0,0,3,25,3,2,1,0,3,NA,NA,NA
NY @ PHL,Week 2,PHL,NY,4/13/25 10:54,12,5,6,1,0,1,6,1,1,0,0,0,NA,NA,NA
NY @ PHL,Week 2,PHL,NY,4/13/25 10:58,13,5,7,1,0,6,14,5,4,1,0,5,NA,NA,NA
NY @ PHL,Week 2,PHL,NY,4/13/25 11:13,14,5,8,1,0,2,34,2,1,1,0,1,NA,NA,NA
NY @ PHL,Week 2,PHL,NY,4/14/25 12:22,15,5,9,1,1,2,13,1,1,0,0,1,27 Kit Asterin,05 Lindsay McKenna,27 Kit Asterin
NY @ PHL,Week 2,PHL,NY,4/14/25 12:27,16,6,9,0,1,1,10,0,0,0,0,1,22 Liz Hart,20 Danielle Walsh,22 Liz Hart
NY @ PHL,Week 2,PHL,NY,4/14/25 12:30,17,7,9,0,1,4,7,3,3,1,1,3,20 Danielle Walsh,22 Liz Hart,66 Jess Brand
NY @ PHL,Week 2,PHL,NY,4/14/25 12:40,18,8,9,0,0,0,0,0,0,0,0,0,NA,NA,NA
NY @ PHL,Week 2,PHL,NY,4/14/25 12:41,19,8,10,0,0,1,4,1,1,1,0,1,NA,NA,NA
NY @ PHL,Week 2,PHL,NY,4/14/25 12:50,20,8,11,1,1,1,6,0,0,0,0,0,01 Emily Shields,22 Liz Hart,19 Grace Maroon
NY @ PHL,Week 2,PHL,NY,4/14/25 12:52,21,9,11,0,1,1,20,0,0,0,0,1,04 Eliana Harnage,00 Emilie Mohler,22 Liz Hart
NY @ PHL,Week 2,PHL,NY,4/14/25 12:56,22,10,11,0,1,1,5,0,0,0,1,0,29 Sara Liang,23 Natalie Bova,15 Layne Dodge
NY @ PHL,Week 2,PHL,NY,4/14/25 12:59,23,11,11,0,0,0,0,0,0,0,0,0,NA,NA,NA
NY @ PHL,Week 2,PHL,NY,4/14/25 13:00,24,11,12,1,1,2,8,1,1,0,0,1,05 Lindsay McKenna,29 Sara Liang,05 Lindsay McKenna
NY @ PHL,Week 2,PHL,NY,4/14/25 13:06,25,12,12,0,0,0,0,0,0,0,0,0,NA,NA,NA
NY @ PHL,Week 2,PHL,NY,4/14/25 13:07,26,12,13,1,0,1,1,1,1,0,0,0,NA,NA,NA
NY @ PHL,Week 2,PHL,NY,4/14/25 13:12,27,12,14,1,0,1,5,1,0,1,0,0,NA,NA,NA
ATL @ DC,Week 3,ATL,DC,4/21/25 19:49,1,0,0,0,0,1,1,1,1,0,0,1,NA,NA,NA
ATL @ DC,Week 3,ATL,DC,4/21/25 19:59,2,0,1,1,0,2,4,2,2,1,1,0,NA,NA,NA
ATL @ DC,Week 3,ATL,DC,4/21/25 20:04,3,0,2,1,0,1,9,1,1,0,0,0,NA,NA,NA
ATL @ DC,Week 3,ATL,DC,4/21/25 20:10,4,0,3,1,0,2,7,2,2,0,0,1,NA,NA,NA
ATL @ DC,Week 3,ATL,DC,4/21/25 20:20,5,0,4,1,1,2,41,1,1,0,1,0,26 Morgan Lally,04 Chloe Greene,05 Megan Jarriel
ATL @ DC,Week 3,ATL,DC,4/21/25 20:31,6,1,4,0,0,0,0,0,0,0,0,0,NA,NA,NA
ATL @ DC,Week 3,ATL,DC,4/21/25 20:41,7,1,5,1,0,1,7,1,1,0,0,0,NA,NA,NA
ATL @ DC,Week 3,ATL,DC,4/21/25 20:53,8,1,6,1,1,1,21,0,0,0,0,0,06 Lylah Bannister,33 Georgia Tse,06 Lylah Bannister
ATL @ DC,Week 3,ATL,DC,4/21/25 20:59,9,2,6,0,0,1,5,1,1,1,1,0,NA,NA,NA
ATL @ DC,Week 3,ATL,DC,4/22/25 17:44,10,2,7,1,0,4,28,4,2,2,1,2,NA,NA,NA
ATL @ DC,Week 3,ATL,DC,4/22/25 17:59,11,2,8,1,1,1,2,0,0,0,0,0,17 Christina Marsicano,09 Liv Ford,22 Anna Gustafson
ATL @ DC,Week 3,ATL,DC,4/22/25 18:02,12,3,8,0,0,0,0,0,0,0,0,0,NA,NA,NA
ATL @ DC,Week 3,ATL,DC,4/22/25 18:05,13,3,9,1,0,2,2,1,1,0,1,0,NA,NA,NA
ATL @ DC,Week 3,ATL,DC,4/22/25 18:08,14,4,9,0,0,0,0,0,0,0,0,0,NA,NA,NA
ATL @ DC,Week 3,ATL,DC,4/22/25 18:10,15,4,10,1,0,1,3,1,1,1,0,0,NA,NA,NA
ATL @ DC,Week 3,ATL,DC,4/22/25 18:13,16,4,11,1,0,2,9,2,2,0,0,1,NA,NA,NA
ATL @ DC,Week 3,ATL,DC,4/22/25 18:18,17,4,12,1,0,3,14,3,3,0,1,1,NA,NA,NA
ATL @ DC,Week 3,ATL,DC,4/22/25 18:23,18,4,13,1,1,1,7,0,0,0,0,0,04 Chloe Greene,11 Quincy Booth,05 Megan Jarriel
ATL @ DC,Week 3,ATL,DC,4/22/25 18:27,19,5,13,0,0,2,7,2,2,0,1,1,NA,NA,NA
ATL @ DC,Week 3,ATL,DC,4/22/25 18:32,20,5,14,1,0,1,6,1,1,0,0,0,NA,NA,NA
ATL @ DC,Week 3,ATL,DC,4/22/25 18:34,21,5,15,1,1,1,5,0,0,0,0,0,05 Megan Jarriel,33 Georgia Tse,11 Quincy Booth
ATL @ DC,Week 3,ATL,DC,4/22/25 19:17,22,6,15,0,0,0,0,0,0,0,0,0,NA,NA,NA
ATL @ DC,Week 3,ATL,DC,4/22/25 19:20,23,6,16,1,1,2,7,1,1,0,1,0,NA,11 Quincy Booth,14 Charlotte Doran
ATL @ DC,Week 3,ATL,DC,4/22/25 19:37,24,7,16,0,0,1,1,1,1,0,1,0,NA,NA,NA
ATL @ DC,Week 3,ATL,DC,4/22/25 19:40,25,7,17,1,0,1,1,1,0,1,0,0,NA,NA,NA
ATL @ DC,Week 3,ATL,DC,4/22/25 19:44,26,7,18,1,1,2,11,1,1,0,1,0,09 Liv Ford,12 Emma Jaschke,32 Therese Doebler
ATL @ DC,Week 3,ATL,DC,4/22/25 19:48,27,8,18,0,0,1,2,1,1,0,1,0,NA,NA,NA
ATL @ DC,Week 3,ATL,DC,4/22/25 19:51,28,8,19,1,1,2,9,1,1,0,1,0,26 Morgan Lally,33 Georgia Tse,14 Charlotte Doran
ATL @ DC,Week 3,ATL,DC,4/22/25 19:58,29,9,19,0,0,1,16,1,1,0,1,0,NA,NA,NA
ATL @ DC,Week 3,ATL,DC,4/22/25 20:03,30,9,20,1,0,1,4,1,1,0,0,0,NA,NA,NA
ATL @ DC,Week 3,DC,ATL,2025-04-19 21:15:39,1,0,0,1,1,2,15,1,1,0,1,0,13 Tyler Smith,20 Kira Flores,03 Sami Smalling
ATL @ DC,Week 3,DC,ATL,2025-04-19 21:36:07,2,1,0,0,1,2,10,1,1,1,0,2,01 Ashleigh Jentilet,33 Amanda Murphy,81 Sumi Onoe
ATL @ DC,Week 3,DC,ATL,2025-04-19 21:42:19,3,2,0,0,1,1,5,0,0,0,1,0,35 Jordan Sorensen,04 Ellen Mueller,42 Lisi Lohre
ATL @ DC,Week 3,DC,ATL,2025-04-19 21:45:40,4,3,0,0,1,2,66,1,0,1,1,1,19 Allie Wallace,20 Kira Flores,17 Maggie Pendleton
ATL @ DC,Week 3,DC,ATL,2025-04-19 21:57:31,5,4,0,0,0,1,5,1,1,1,0,1,NA,NA,NA
ATL @ DC,Week 3,DC,ATL,2025-04-19 22:02:01,6,4,1,1,1,1,23,0,0,0,0,0,07 Kami Groom,21 Jess Oh,35 Jordan Sorensen
ATL @ DC,Week 3,DC,ATL,2025-04-19 22:07:17,7,5,1,0,0,1,0,0,0,0,1,0,NA,NA,NA
ATL @ DC,Week 3,DC,ATL,2025-04-19 22:13:45,8,5,2,0,1,2,19,1,1,0,0,1,19 Allie Wallace,20 Kira Flores,12 Clare Frantz
ATL @ DC,Week 3,DC,ATL,2025-04-19 22:22:48,9,6,2,0,1,4,29,3,1,3,0,4,77 Marika Koppinen,81 Sumi Onoe,33 Amanda Murphy
ATL @ DC,Week 3,DC,ATL,2025-04-19 22:38:15,10,7,2,0,0,0,0,0,0,0,0,0,NA,NA,NA
ATL @ DC,Week 3,DC,ATL,2025-04-19 22:39:25,11,7,3,1,1,1,12,0,0,0,0,0,21 Jess Oh,27 Jess Sourbeer,04 Ellen Mueller
ATL @ DC,Week 3,DC,ATL,2025-04-19 22:43:58,12,8,3,1,1,2,38,1,1,0,0,2,13 Tyler Smith,08 Kat Ritzmann,12 Clare Frantz
ATL @ DC,Week 3,DC,ATL,2025-04-19 22:54:25,13,9,3,0,1,1,10,0,0,0,0,1,21 Jess Oh,42 Lisi Lohre,07 Kami Groom
ATL @ DC,Week 3,DC,ATL,2025-04-19 22:57:47,14,10,3,0,1,2,11,1,1,0,0,2,81 Sumi Onoe,33 Amanda Murphy,77 Marika Koppinen
ATL @ DC,Week 3,DC,ATL,2025-04-19 23:03:49,15,11,3,0,1,3,15,2,2,0,2,1,19 Allie Wallace,12 Clare Frantz,15 Julia Harrs
ATL @ DC,Week 3,DC,ATL,2025-04-19 23:11:22,16,12,3,0,0,0,0,0,0,0,0,0,NA,NA,NA
ATL @ DC,Week 3,DC,ATL,2025-04-19 23:15:52,17,12,4,1,1,3,28,2,1,1,1,1,01 Ashleigh Jentilet,16 Marge Walker,11 Tayara Romero
ATL @ DC,Week 3,DC,ATL,2025-04-19 23:23:45,18,13,4,0,1,1,17,0,0,0,0,1,20 Kira Flores,13 Tyler Smith,20 Kira Flores
ATL @ DC,Week 3,DC,ATL,2025-04-19 23:28:28,19,14,4,0,0,0,0,0,0,0,0,0,NA,NA,NA
ATL @ DC,Week 3,DC,ATL,2025-04-19 23:30:13,20,14,5,1,1,1,33,0,0,0,0,0,01 Ashleigh Jentilet,23 Lisa Dang,81 Sumi Onoe
ATL @ DC,Week 3,DC,ATL,2025-04-19 23:36:47,21,15,5,0,0,1,8,1,1,0,0,1,NA,NA,NA
ATL @ DC,Week 3,DC,ATL,2025-04-19 23:40:36,22,15,6,1,1,2,19,1,0,1,0,1,21 Jess Oh,07 Kami Groom,04 Ellen Mueller
ATL @ DC,Week 3,DC,ATL,2025-04-19 23:46:16,23,16,6,0,1,1,5,0,0,0,0,1,33 Amanda Murphy,23 Lisa Dang,77 Marika Koppinen
ATL @ DC,Week 3,DC,ATL,2025-04-19 23:48:12,24,17,6,0,0,1,6,1,1,0,0,1,NA,NA,NA
ATL @ DC,Week 3,DC,ATL,2025-04-19 23:50:40,25,17,7,1,1,2,8,1,0,1,0,1,46 Graham Cunningham,21 Jess Oh,35 Jordan Sorensen
ATL @ DC,Week 3,DC,ATL,2025-04-19 23:54:00,26,18,7,0,0,1,3,1,1,0,1,0,NA,NA,NA
ATL @ DC,Week 3,DC,ATL,2025-04-19 23:56:41,27,18,8,1,1,2,13,1,1,1,1,0,08 Kat Ritzmann,20 Kira Flores,17 Maggie Pendleton
ATL @ DC,Week 3,DC,ATL,2025-04-20 00:01:47,28,19,8,0,0,0,0,0,0,0,0,1,NA,NA,NA
INDY @ ATX,Week 3,ATX,INDY,2025-04-22 00:11:12,1,0,0,0,0,2,3,2,1,1,1,1,NA,NA,NA
INDY @ ATX,Week 3,ATX,INDY,2025-04-22 00:21:30,2,0,1,1,0,2,15,2,1,1,0,1,NA,NA,NA
INDY @ ATX,Week 3,ATX,INDY,2025-04-22 00:32:40,3,0,2,1,1,7,20,6,6,0,1,5,31 Nikki Gilbert,03 Madison Cannon,34 Carley Garrett
INDY @ ATX,Week 3,ATX,INDY,2025-04-22 00:48:37,4,1,2,0,0,0,0,0,0,0,0,0,NA,NA,NA
INDY @ ATX,Week 3,ATX,INDY,2025-04-22 00:50:05,5,1,3,1,1,3,11,2,2,0,0,2,69 Jaime Estes,09 Summer Wilson,34 Carley Garrett
INDY @ ATX,Week 3,ATX,INDY,2025-04-22 00:57:41,6,2,3,0,0,0,0,0,0,0,0,0,NA,NA,NA
INDY @ ATX,Week 3,ATX,INDY,2025-04-22 00:58:43,7,2,4,1,1,3,13,2,2,0,1,1,34 Carley Garrett,03 Madison Cannon,69 Jaime Estes
INDY @ ATX,Week 3,ATX,INDY,2025-04-22 01:03:56,8,3,4,0,0,2,11,2,1,1,1,1,NA,NA,NA
INDY @ ATX,Week 3,ATX,INDY,2025-04-22 01:09:42,9,3,5,1,1,1,5,0,0,0,0,0,34 Carley Garrett,09 Summer Wilson,31 Nikki Gilbert
INDY @ ATX,Week 3,ATX,INDY,2025-04-22 01:11:28,10,4,5,0,0,0,0,0,0,0,0,0,NA,NA,NA
INDY @ ATX,Week 3,ATX,INDY,2025-04-22 01:12:30,11,4,6,1,1,4,28,3,2,1,1,2,13 Emelia Marshall,03 Madison Cannon,34 Carley Garrett
INDY @ ATX,Week 3,ATX,INDY,2025-04-22 01:25:45,12,5,6,0,0,0,0,0,0,0,0,0,NA,NA,NA
INDY @ ATX,Week 3,ATX,INDY,2025-04-22 01:28:25,13,5,7,1,1,1,2,0,0,0,0,0,26 Amy Broome,09 Summer Wilson,69 Jaime Estes
INDY @ ATX,Week 3,ATX,INDY,2025-04-22 01:29:46,14,6,7,0,0,1,2,1,1,0,1,0,NA,NA,NA
INDY @ ATX,Week 3,ATX,INDY,2025-04-22 01:31:29,15,6,8,1,1,1,1,0,0,0,0,0,NA,09 Summer Wilson,34 Carley Garrett
INDY @ ATX,Week 3,ATX,INDY,2025-04-22 01:32:19,16,7,8,0,0,1,6,1,0,1,0,1,NA,NA,NA
INDY @ ATX,Week 3,ATX,INDY,2025-04-22 01:34:59,17,7,9,1,0,1,20,1,0,1,0,0,NA,NA,NA
INDY @ ATX,Week 3,ATX,INDY,2025-04-22 01:41:34,18,7,10,1,0,1,26,1,1,0,0,0,NA,NA,NA
INDY @ ATX,Week 3,ATX,INDY,2025-04-22 01:47:36,19,7,11,1,1,3,22,2,2,0,2,0,04 Mary Clare Robbins,06 Lo Guerin,88 Madelyn Easton
INDY @ ATX,Week 3,ATX,INDY,2025-04-22 01:53:35,20,8,11,0,1,4,37,3,2,1,0,4,13 Emelia Marshall,34 Carley Garrett,03 Madison Cannon
INDY @ ATX,Week 3,ATX,INDY,2025-04-22 02:02:06,21,9,11,0,1,1,3,0,0,0,0,1,17 Olympia Walker,00 Maggie Rowell,18 Briana Taylor
INDY @ ATX,Week 3,ATX,INDY,2025-04-22 02:05:01,22,10,11,0,0,0,0,0,0,0,0,0,NA,NA,NA
INDY @ ATX,Week 3,ATX,INDY,2025-04-22 02:06:39,23,10,12,1,1,2,17,1,1,0,0,1,31 Nikki Gilbert,69 Jaime Estes,03 Madison Cannon
INDY @ ATX,Week 3,ATX,INDY,2025-04-22 02:10:18,24,11,12,0,0,0,0,0,0,0,0,0,NA,NA,NA
INDY @ ATX,Week 3,ATX,INDY,2025-04-22 02:11:56,25,11,13,1,1,2,16,1,1,0,0,1,69 Jaime Estes,26 Amy Broome,31 Nikki Gilbert
INDY @ ATX,Week 3,ATX,INDY,2025-04-22 02:15:23,26,12,13,0,0,2,11,2,2,0,0,2,NA,NA,NA
INDY @ ATX,Week 3,ATX,INDY,2025-04-22 02:18:49,27,12,14,1,1,1,10,0,0,0,0,0,34 Carley Garrett,09 Summer Wilson,03 Madison Cannon
INDY @ ATX,Week 3,ATX,INDY,2025-04-22 02:20:45,28,13,14,0,0,1,3,1,1,0,1,0,NA,NA,NA
INDY @ ATX,Week 3,ATX,INDY,2025-04-22 02:23:40,29,13,15,1,0,1,1,1,1,0,0,0,NA,NA,NA
INDY @ ATX,Week 3,INDY,ATX,4/20/25 9:22,1,0,0,1,1,3,26,2,2,0,1,1,11 Tracey Lo,18 Laura Grencser,77 Katrina McGuire
INDY @ ATX,Week 3,INDY,ATX,4/20/25 9:59,2,1,0,0,1,2,7,1,1,0,1,1,06 Risa Umeno,82 Riley Dickson,33 Jalyn Baumgartner
INDY @ ATX,Week 3,INDY,ATX,4/20/25 10:04,3,2,0,0,0,6,18,6,5,1,0,6,NA,NA,NA
INDY @ ATX,Week 3,INDY,ATX,4/20/25 10:27,4,2,1,1,1,1,2,0,0,0,0,0,09 Corinn Rains,11 Tracey Lo,02 Maketa Mattimore
INDY @ ATX,Week 3,INDY,ATX,4/20/25 10:28,5,3,1,0,0,2,5,2,2,0,1,1,NA,NA,NA
INDY @ ATX,Week 3,INDY,ATX,4/20/25 10:33,6,3,2,0,0,0,0,0,0,0,0,0,NA,NA,NA
INDY @ ATX,Week 3,INDY,ATX,4/20/25 10:36,7,3,3,1,1,1,3,0,0,0,0,0,77 Katrina McGuire,32 Shani Rosenthal,77 Katrina McGuire
INDY @ ATX,Week 3,INDY,ATX,4/20/25 10:38,8,4,3,0,0,2,6,2,2,0,0,2,NA,NA,NA
INDY @ ATX,Week 3,INDY,ATX,4/20/25 10:42,9,4,4,1,1,3,4,2,2,0,1,1,27 Eliza Hutchins,18 Laura Grencser,77 Katrina McGuire
INDY @ ATX,Week 3,INDY,ATX,4/20/25 10:45,10,5,4,0,0,0,0,0,0,0,0,0,NA,NA,NA
INDY @ ATX,Week 3,INDY,ATX,4/20/25 10:46,11,5,5,1,1,1,2,0,0,0,0,0,11 Tracey Lo,77 Katrina McGuire,11 Tracey Lo
INDY @ ATX,Week 3,INDY,ATX,4/20/25 10:47,12,6,5,0,0,3,20,3,2,1,1,2,NA,NA,NA
INDY @ ATX,Week 3,INDY,ATX,4/20/25 11:37,13,6,6,1,0,1,3,1,1,0,0,0,NA,NA,NA
INDY @ ATX,Week 3,INDY,ATX,4/20/25 11:38,14,6,7,1,1,1,4,0,0,0,0,0,04 Rachel Mast,02 Maketa Mattimore,77 Katrina McGuire
INDY @ ATX,Week 3,INDY,ATX,4/20/25 15:26,15,7,7,0,0,0,0,0,0,0,0,0,NA,NA,NA
INDY @ ATX,Week 3,INDY,ATX,4/20/25 15:27,16,7,8,1,1,2,4,1,1,0,1,0,11 Tracey Lo,18 Laura Grencser,15 Sydney Loughran
INDY @ ATX,Week 3,INDY,ATX,4/20/25 15:29,17,8,8,0,0,0,0,0,0,0,0,0,NA,NA,NA
INDY @ ATX,Week 3,INDY,ATX,4/20/25 15:29,18,8,9,1,1,2,2,1,1,0,0,1,NA,11 Tracey Lo,18 Laura Grencser
INDY @ ATX,Week 3,INDY,ATX,4/20/25 15:31,19,9,9,0,1,1,11,0,0,0,1,0,04 Rachel Mast,18 Laura Grencser,02 Maketa Mattimore
INDY @ ATX,Week 3,INDY,ATX,4/20/25 15:39,20,10,9,0,1,1,2,0,0,0,0,1,06 Risa Umeno,16 Riely Kuznicki,07 Annie Melink
INDY @ ATX,Week 3,INDY,ATX,4/20/25 15:41,21,11,9,0,0,2,3,2,2,0,1,1,NA,NA,NA
INDY @ ATX,Week 3,INDY,ATX,4/20/25 15:44,22,11,10,1,0,3,10,3,3,0,1,1,NA,NA,NA
INDY @ ATX,Week 3,INDY,ATX,4/20/25 15:49,23,11,11,0,0,1,1,1,1,0,0,1,NA,NA,NA
INDY @ ATX,Week 3,INDY,ATX,4/20/25 15:54,24,11,12,1,0,1,3,1,1,0,0,0,NA,NA,NA
INDY @ ATX,Week 3,INDY,ATX,4/20/25 16:00,25,11,13,1,1,1,2,0,0,0,0,0,11 Tracey Lo,02 Maketa Mattimore,04 Rachel Mast
INDY @ ATX,Week 3,INDY,ATX,4/20/25 16:01,26,12,13,0,0,1,5,1,1,0,1,0,NA,NA,NA
INDY @ ATX,Week 3,INDY,ATX,4/20/25 16:09,27,12,14,1,1,1,5,0,0,0,0,0,32 Shani Rosenthal,18 Laura Grencser,02 Maketa Mattimore
INDY @ ATX,Week 3,INDY,ATX,4/20/25 16:12,28,13,14,0,0,1,2,1,0,1,0,1,NA,NA,NA
INDY @ ATX,Week 3,INDY,ATX,4/20/25 16:17,29,13,15,1,1,3,7,2,1,1,2,0,02 Maketa Mattimore,77 Katrina McGuire,11 Tracey Lo
INDY @ ATX,Week 3,INDY,ATX,4/20/25 16:23,30,14,15,0,0,0,0,0,0,0,0,0,NA,NA,NA
INDY @ ATX,Week 3,INDY,ATX,4/20/25 16:24,31,14,16,1,1,2,8,1,1,0,0,1,27 Eliza Hutchins,11 Tracey Lo,27 Eliza Hutchins
INDY @ ATX,Week 3,INDY,ATX,4/20/25 17:57,32,15,16,0,0,1,6,1,0,1,1,0,NA,NA,NA
INDY @ ATX,Week 3,INDY,ATX,4/20/25 18:00,33,15,17,1,0,0,0,0,0,0,0,0,NA,NA,NA
