match,week,team,opponent,Created,Point,Possession,Started point on offense?,Scored?,Start X (0 -> 1 = left sideline -> right sideline),Start Y (0 -> 1 = back of opponent endzone -> back of own endzone),Initiator,Passes,Secondary assist,Assist,Goal,Thrower error,Receiver error,Stalled out
ATX @ ATL,Week 1,ATL,ATX,4/10/2025 16:25,1,1,1,0,0.66388893,0.65246916,09 Liv Ford,7,NA,NA,NA,33 Georgia Tse,NA,NA
ATX @ ATL,Week 1,ATL,ATX,4/10/2025 16:44,2,1,1,0,0.7611111,0.9037037,01 Charlie Hawkins,8,NA,NA,NA,17 Christina Marsicano,NA,NA
ATX @ ATL,Week 1,ATL,ATX,4/10/2025 17:14,2,2,1,0,0.5375,0.5753086,19 Elle Mayer,10,NA,NA,NA,32 Therese Doebler,NA,NA
ATX @ ATL,Week 1,ATL,ATX,4/10/2025 17:23,2,3,1,0,0.37638888,0.42530864,05 Megan Jarriel,2,NA,NA,NA,25 Katie Sanders,NA,NA
ATX @ ATL,Week 1,ATL,ATX,4/10/2025 17:33,3,1,1,0,0.42222226,0.61049384,29 Soju Hokari,4,NA,NA,NA,57 Ximena Montana,NA,NA
ATX @ ATL,Week 1,ATL,ATX,4/10/2025 17:38,3,2,1,1,0.22916667,0.62222224,57 Ximena Montana,10,33 Georgia Tse,29 Soju Hokari,26 Morgan Lally,NA,NA,NA
ATX @ ATL,Week 1,ATL,ATX,4/10/2025 17:57,5,1,1,0,0.7277778,0.55246913,09 Liv Ford,3,NA,NA,NA,NA,33 Georgia Tse,NA
ATX @ ATL,Week 1,ATL,ATX,4/10/2025 18:01,5,2,1,1,0.1902778,0.51851857,57 Ximena Montana,10,04 Chloe Greene,33 Georgia Tse,57 Ximena Montana,NA,NA,NA
ATX @ ATL,Week 1,ATL,ATX,4/10/2025 18:08,6,1,0,0,0.06666667,0.8104938,09 Liv Ford,8,NA,NA,NA,09 Liv Ford,NA,NA
ATX @ ATL,Week 1,ATL,ATX,4/10/2025 18:20,6,2,0,0,0.9388889,0.17716049,09 Liv Ford,1,NA,NA,NA,09 Liv Ford,NA,NA
ATX @ ATL,Week 1,ATL,ATX,4/10/2025 18:22,6,3,0,0,0.24583334,0.57839507,29 Soju Hokari,4,NA,NA,NA,14 Charlotte Doran,NA,NA
ATX @ ATL,Week 1,ATL,ATX,4/10/2025 18:25,7,1,1,1,0.49861106,0.67098767,29 Soju Hokari,11,11 Quincy Booth,29 Soju Hokari,11 Quincy Booth,NA,NA,NA
ATX @ ATL,Week 1,ATL,ATX,4/10/2025 18:29,8,1,0,1,0.022222264,0.47098768,11 Quincy Booth,9,09 Liv Ford,75 Sarah Kingsley-Hart,57 Ximena Montana,NA,NA,NA
ATX @ ATL,Week 1,ATL,ATX,4/10/2025 18:44,9,1,0,0,0.7,0.7148148,04 Chloe Greene,1,NA,NA,NA,NA,14 Charlotte Doran,NA
ATX @ ATL,Week 1,ATL,ATX,4/10/2025 18:45,9,2,0,0,0.96111107,0.8117284,14 Charlotte Doran,1,NA,NA,NA,14 Charlotte Doran,NA,NA
ATX @ ATL,Week 1,ATL,ATX,4/10/2025 18:49,10,1,1,0,0.09861113,0.57345676,25 Katie Sanders,9,NA,NA,NA,NA,01 Charlie Hawkins,NA
ATX @ ATL,Week 1,ATL,ATX,4/10/2025 18:53,10,2,1,0,0.4125,0.7432099,17 Christina Marsicano,3,NA,NA,NA,19 Elle Mayer,NA,NA
ATX @ ATL,Week 1,ATL,ATX,4/10/2025 18:57,10,3,1,0,0.8972223,0.78888893,14 Charlotte Doran,6,NA,NA,NA,14 Charlotte Doran,NA,NA
ATX @ ATL,Week 1,ATL,ATX,4/10/2025 19:05,10,4,1,0,0.8013889,0.47098768,29 Soju Hokari,6,NA,NA,NA,08 Dani Ortiz,09 Liv Ford,NA
ATX @ ATL,Week 1,ATL,ATX,4/10/2025 19:11,10,5,1,1,0.31944448,0.26481482,08 Dani Ortiz,1,NA,08 Dani Ortiz,09 Liv Ford,NA,NA,NA
ATX @ ATL,Week 1,ATL,ATX,4/10/2025 22:04,11,1,0,0,0.108333334,0.7024691,11 Quincy Booth,1,NA,NA,NA,11 Quincy Booth,NA,NA
ATX @ ATL,Week 1,ATL,ATX,4/10/2025 22:07,11,2,0,1,0.23333333,0.28148147,11 Quincy Booth,1,NA,11 Quincy Booth,26 Morgan Lally,NA,NA,NA
ATX @ ATL,Week 1,ATL,ATX,4/10/2025 22:26,12,1,0,0,0.87083334,0.71728396,01 Charlie Hawkins,4,NA,NA,NA,57 Ximena Montana,NA,NA
ATX @ ATL,Week 1,ATL,ATX,4/10/2025 22:43,13,1,1,0,0.16944447,0.59197533,01 Charlie Hawkins,1,NA,NA,NA,01 Charlie Hawkins,NA,NA
ATX @ ATL,Week 1,ATL,ATX,4/10/2025 22:44,13,2,1,0,0.21944447,0.70987654,01 Charlie Hawkins,5,NA,NA,NA,25 Katie Sanders,NA,NA
ATX @ ATL,Week 1,ATL,ATX,4/10/2025 22:51,13,3,1,1,0.49444446,0.6401235,11 Quincy Booth,8,06 Lylah Bannister,25 Katie Sanders,11 Quincy Booth,NA,NA,NA
ATX @ ATL,Week 1,ATL,ATX,4/10/2025 22:58,14,1,0,0,0.5069444,0.8493827,29 Soju Hokari,2,NA,NA,NA,14 Charlotte Doran,29 Soju Hokari,NA
ATX @ ATL,Week 1,ATL,ATX,4/10/2025 23:06,14,2,0,0,0.8625,0.67839503,14 Charlotte Doran,3,NA,NA,NA,NA,04 Chloe Greene,NA
ATX @ ATL,Week 1,ATL,ATX,4/10/2025 23:11,14,3,0,0,0.9458333,0.8191358,04 Chloe Greene,1,NA,NA,NA,04 Chloe Greene,NA,NA
ATX @ ATL,Week 1,ATL,ATX,4/10/2025 23:14,15,1,1,0,0.3625,0.59074074,11 Quincy Booth,2,NA,NA,NA,09 Liv Ford,NA,NA
ATX @ ATL,Week 1,ATL,ATX,4/10/2025 23:16,15,2,1,0,0.33472225,0.6314815,75 Sarah Kingsley-Hart,10,NA,NA,NA,NA,09 Liv Ford,NA
ATX @ ATL,Week 1,ATL,ATX,4/10/2025 23:18,15,3,1,0,0.54444444,0.7537037,11 Quincy Booth,10,NA,NA,NA,57 Ximena Montana,51 Lilli Popovich,NA
ATX @ ATL,Week 1,ATL,ATX,4/10/2025 23:29,16,1,1,0,0.11666667,0.59320986,29 Soju Hokari,18,NA,NA,NA,17 Christina Marsicano,NA,NA
ATX @ ATL,Week 1,ATL,ATX,4/10/2025 23:37,17,1,0,0,0.70277774,0.52160496,12 Emma Jaschke,6,NA,NA,NA,14 Charlotte Doran,NA,NA
ATX @ ATL,Week 1,ATL,ATX,4/10/2025 23:42,17,2,0,0,0.08611107,0.73209876,04 Chloe Greene,2,NA,NA,NA,26 Morgan Lally,NA,NA
ATX @ ATL,Week 1,ATL,ATX,4/10/2025 23:44,17,3,0,0,0.08611107,0.8067901,14 Charlotte Doran,5,NA,NA,NA,44 Jordan Harn,NA,NA
ATX @ ATL,Week 1,ATL,ATX,4/10/2025 23:49,17,4,0,1,0.41111106,0.74691355,11 Quincy Booth,11,33 Georgia Tse,11 Quincy Booth,05 Megan Jarriel,NA,NA,NA
ATX @ ATL,Week 1,ATL,ATX,4/10/2025 23:59,18,1,0,1,0.33888894,0.6969136,10 Mia Griner,6,09 Liv Ford,11 Quincy Booth,51 Lilli Popovich,NA,NA,NA
ATX @ ATL,Week 1,ATL,ATX,4/11/2025 0:09,19,1,0,1,0.4694444,0.5728395,04 Chloe Greene,1,NA,04 Chloe Greene,57 Ximena Montana,NA,NA,NA
ATX @ ATL,Week 1,ATL,ATX,4/11/2025 0:13,20,1,0,0,0.6944445,0.6216049,29 Soju Hokari,5,NA,NA,NA,NA,19 Elle Mayer,NA
ATX @ ATL,Week 1,ATL,ATX,4/11/2025 0:14,20,2,0,0,0.4875,0.8469136,29 Soju Hokari,6,NA,NA,NA,09 Liv Ford,NA,NA
ATX @ ATL,Week 1,ATL,ATX,4/11/2025 0:19,20,3,0,1,0.0652778,0.46358025,04 Chloe Greene,6,12 Emma Jaschke,26 Morgan Lally,14 Charlotte Doran,NA,NA,NA
ATX @ ATL,Week 1,ATL,ATX,4/11/2025 0:22,21,1,0,0,0.9166667,0.8493827,11 Quincy Booth,0,NA,NA,NA,NA,NA,NA
PHL @ INDY,Week 1,INDY,PHL,4/6/25 20:48,2,1,1,0,0.4729021,0.55749804,11 Tracey Lo,3,NA,NA,NA,11 Tracey Lo,NA,NA
PHL @ INDY,Week 1,INDY,PHL,4/6/25 20:50,2,2,1,0,0.9047203,0.8045843,11 Tracey Lo,1,NA,NA,NA,11 Tracey Lo,NA,NA
PHL @ INDY,Week 1,INDY,PHL,4/6/25 20:51,2,3,1,1,0.2561189,0.6818182,18 Laura Grencser,15,11 Tracey Lo,18 Laura Grencser,27 Eliza Hutchins,NA,NA,NA
PHL @ INDY,Week 1,INDY,PHL,4/6/25 20:58,3,1,0,0,0.77185315,0.5979021,07 Annie Melink,7,NA,NA,NA,40 Claire Milton,NA,NA
PHL @ INDY,Week 1,INDY,PHL,4/6/25 21:01,3,2,0,0,0.04632867,0.8411033,06 Risa Umeno,1,NA,NA,NA,06 Risa Umeno,NA,NA
PHL @ INDY,Week 1,INDY,PHL,4/6/25 21:03,4,1,1,0,0.07080419,0.5808081,17 Kristin Dudley,5,NA,NA,NA,11 Tracey Lo,NA,NA
PHL @ INDY,Week 1,INDY,PHL,4/6/25 21:04,4,2,1,0,0.8050699,0.82944834,32 Shani Rosenthal,2,NA,NA,NA,11 Tracey Lo,NA,NA
PHL @ INDY,Week 1,INDY,PHL,4/6/25 21:06,4,3,1,1,0.1826923,0.63131315,18 Laura Grencser,15,04 Rachel Mast,11 Tracey Lo,04 Rachel Mast,NA,NA,NA
PHL @ INDY,Week 1,INDY,PHL,4/6/25 21:12,6,1,1,0,0.5061189,0.66239315,18 Laura Grencser,5,NA,NA,NA,NA,82 Riley Dickson,NA
PHL @ INDY,Week 1,INDY,PHL,4/6/25 21:14,6,2,1,0,0.87674826,0.75174826,11 Tracey Lo,3,NA,NA,NA,NA,27 Eliza Hutchins,NA
PHL @ INDY,Week 1,INDY,PHL,4/6/25 21:16,7,1,1,0,0.08304196,0.61499614,18 Laura Grencser,4,NA,NA,NA,04 Rachel Mast,NA,NA
PHL @ INDY,Week 1,INDY,PHL,4/6/25 21:17,7,2,1,1,0.6127622,0.26689976,11 Tracey Lo,3,77 Katrina McGuire,18 Laura Grencser,77 Katrina McGuire,NA,NA,NA
PHL @ INDY,Week 1,INDY,PHL,4/6/25 21:19,8,1,0,0,0.7666084,0.67871016,07 Annie Melink,8,NA,NA,NA,77 Katrina McGuire,NA,NA
PHL @ INDY,Week 1,INDY,PHL,4/6/25 21:22,8,2,0,0,0.29458043,0.66239315,09 Corinn Rains,5,NA,NA,NA,NA,NA,23 Lili Hobday
PHL @ INDY,Week 1,INDY,PHL,4/6/25 21:23,8,3,0,0,0.5568182,0.7393162,77 Katrina McGuire,4,NA,NA,NA,09 Corinn Rains,NA,NA
PHL @ INDY,Week 1,INDY,PHL,4/6/25 21:27,9,1,1,0,0.4589161,0.55827504,11 Tracey Lo,1,NA,NA,NA,NA,32 Shani Rosenthal,NA
PHL @ INDY,Week 1,INDY,PHL,4/6/25 21:28,9,2,1,0,0.32255244,0.8333333,18 Laura Grencser,12,NA,NA,NA,18 Laura Grencser,NA,NA
PHL @ INDY,Week 1,INDY,PHL,4/6/25 21:31,10,1,1,1,0.6896853,0.6802642,11 Tracey Lo,12,32 Shani Rosenthal,18 Laura Grencser,77 Katrina McGuire,NA,NA,NA
PHL @ INDY,Week 1,INDY,PHL,4/6/25 21:35,12,1,1,0,0.29807693,0.75796425,17 Kristin Dudley,7,NA,NA,NA,32 Shani Rosenthal,NA,NA
PHL @ INDY,Week 1,INDY,PHL,4/6/25 21:41,13,1,0,0,0.56555945,0.67171717,77 Katrina McGuire,2,NA,NA,NA,17 Kristin Dudley,NA,NA
PHL @ INDY,Week 1,INDY,PHL,4/6/25 21:43,13,2,0,0,0.40821677,0.487568,11 Tracey Lo,6,NA,NA,NA,04 Rachel Mast,NA,NA
PHL @ INDY,Week 1,INDY,PHL,4/6/25 21:46,13,3,0,1,0.33828673,0.491453,18 Laura Grencser,7,04 Rachel Mast,18 Laura Grencser,27 Eliza Hutchins,NA,NA,NA
PHL @ INDY,Week 1,INDY,PHL,4/6/25 21:57,15,1,1,0,0.60402095,0.63752913,11 Tracey Lo,1,NA,NA,NA,NA,91 Samantha Phillips,NA
PHL @ INDY,Week 1,INDY,PHL,4/6/25 21:58,15,2,1,0,0.7124126,0.6033411,11 Tracey Lo,8,NA,NA,NA,18 Laura Grencser,NA,NA
PHL @ INDY,Week 1,INDY,PHL,4/6/25 22:05,15,3,1,0,0.2631119,0.31507382,18 Laura Grencser,2,NA,NA,NA,11 Tracey Lo,NA,NA
PHL @ INDY,Week 1,INDY,PHL,4/6/25 22:08,15,4,1,1,0.7263986,0.34071484,18 Laura Grencser,2,18 Laura Grencser,77 Katrina McGuire,18 Laura Grencser,NA,NA,NA
PHL @ INDY,Week 1,INDY,PHL,4/6/25 22:10,16,1,0,1,0.34527972,0.3997669,23 Lili Hobday,7,18 Laura Grencser,11 Tracey Lo,91 Samantha Phillips,NA,NA,NA
PHL @ INDY,Week 1,INDY,PHL,4/6/25 22:21,17,1,0,1,0.60926574,0.44172496,06 Risa Umeno,12,18 Laura Grencser,11 Tracey Lo,77 Katrina McGuire,NA,NA,NA
PHL @ INDY,Week 1,INDY,PHL,4/6/25 22:33,18,1,1,1,0.30506992,0.63131315,18 Laura Grencser,7,18 Laura Grencser,04 Rachel Mast,19 Melissa Gibbs,NA,NA,NA
PHL @ INDY,Week 1,INDY,PHL,4/6/25 22:39,20,1,1,0,0.4868881,0.6080031,18 Laura Grencser,13,NA,NA,NA,18 Laura Grencser,NA,NA
PHL @ INDY,Week 1,INDY,PHL,4/6/25 22:43,20,2,1,0,0.631993,0.46503496,09 Corinn Rains,3,NA,NA,NA,77 Katrina McGuire,NA,NA
PHL @ INDY,Week 1,INDY,PHL,4/6/25 22:44,20,3,1,0,0.7736014,0.3041958,11 Tracey Lo,2,NA,NA,NA,18 Laura Grencser,NA,NA
PHL @ INDY,Week 1,INDY,PHL,4/6/25 22:49,21,1,1,0,0.7666084,0.77428126,10 Lexie Thomas,2,NA,NA,NA,11 Tracey Lo,NA,NA
PHL @ INDY,Week 1,INDY,PHL,4/6/25 22:51,21,2,1,0,0.9256993,0.82323235,11 Tracey Lo,1,NA,NA,NA,11 Tracey Lo,NA,NA
PHL @ INDY,Week 1,INDY,PHL,4/6/25 22:53,22,1,1,0,0.31905594,0.6919192,11 Tracey Lo,1,NA,NA,NA,11 Tracey Lo,NA,NA
PHL @ INDY,Week 1,INDY,PHL,4/6/25 22:54,22,2,1,1,0.23513986,0.75563323,11 Tracey Lo,27,11 Tracey Lo,18 Laura Grencser,15 Sydney Loughran,NA,NA,NA
PHL @ INDY,Week 1,INDY,PHL,4/6/25 23:03,23,1,0,0,0.9431818,0.41064492,77 Katrina McGuire,2,NA,NA,NA,07 Annie Melink,NA,NA
PHL @ INDY,Week 1,INDY,PHL,4/6/25 23:05,24,1,1,0,0.24562937,0.6655012,11 Tracey Lo,13,NA,NA,NA,11 Tracey Lo,NA,NA
PHL @ INDY,Week 1,PHL,INDY,4/8/2025 12:50,1,1,1,1,0.9458414,0.53180844,00 Emilie Mohler,13,66 Jess Brand,09 Sarah Hirannet,66 Jess Brand,NA,NA,NA
PHL @ INDY,Week 1,PHL,INDY,4/8/2025 12:56,2,1,0,0,0.43326885,0.45604002,27 Kit Asterin,6,NA,NA,NA,15 Layne Dodge,NA,NA
PHL @ INDY,Week 1,PHL,INDY,4/8/2025 12:57,2,2,0,0,0.21663442,0.5389564,08 Joanna Maida,2,NA,NA,NA,27 Kit Asterin,NA,NA
PHL @ INDY,Week 1,PHL,INDY,4/8/2025 13:01,3,1,1,0,0.6344294,0.463188,17 Allie Milligan,16,NA,NA,NA,00 Emilie Mohler,NA,NA
PHL @ INDY,Week 1,PHL,INDY,4/8/2025 13:04,3,2,1,0,0.20889749,0.8191565,29 Sara Liang,8,NA,NA,NA,48 Caroline Weinberg,NA,NA
PHL @ INDY,Week 1,PHL,INDY,4/8/2025 13:06,3,3,1,1,0.43713734,0.1901358,29 Sara Liang,1,NA,29 Sara Liang,19 Grace Maroon,NA,NA,NA
PHL @ INDY,Week 1,PHL,INDY,4/8/2025 13:09,4,1,0,0,0.058027077,0.6847748,27 Kit Asterin,7,NA,NA,NA,23 Natalie Bova,NA,NA
PHL @ INDY,Week 1,PHL,INDY,4/8/2025 13:12,4,2,0,0,0.061895553,0.6497498,27 Kit Asterin,4,NA,NA,NA,23 Natalie Bova,NA,NA
PHL @ INDY,Week 1,PHL,INDY,4/8/2025 13:17,5,1,1,0,0.55705994,0.5768406,17 Allie Milligan,5,NA,NA,NA,NA,00 Emilie Mohler,NA
PHL @ INDY,Week 1,PHL,INDY,4/8/2025 13:34,6,1,0,0,0.78723407,0.40814868,27 Kit Asterin,2,NA,NA,NA,NA,33 Jana Graham,NA
PHL @ INDY,Week 1,PHL,INDY,4/8/2025 13:35,6,2,0,1,0.032882012,0.34024304,08 Joanna Maida,3,99 Veronica Kolegue-Spalaris,27 Kit Asterin,22 Liz Hart,NA,NA,NA
PHL @ INDY,Week 1,PHL,INDY,4/8/2025 13:37,7,1,0,0,0.7814313,0.81987137,29 Sara Liang,3,NA,NA,NA,29 Sara Liang,NA,NA
PHL @ INDY,Week 1,PHL,INDY,4/8/2025 13:39,8,1,1,0,0.5415861,0.47105074,27 Kit Asterin,1,NA,NA,NA,27 Kit Asterin,NA,NA
PHL @ INDY,Week 1,PHL,INDY,4/8/2025 13:41,8,2,1,0,0.24177949,0.7455325,08 Joanna Maida,2,NA,NA,NA,27 Kit Asterin,NA,NA
PHL @ INDY,Week 1,PHL,INDY,4/8/2025 13:42,8,3,1,0,0.123791106,0.41029307,27 Kit Asterin,7,NA,NA,NA,NA,21 Linda Morse,NA
PHL @ INDY,Week 1,PHL,INDY,4/8/2025 13:46,8,4,1,1,0.07736944,0.62115794,29 Sara Liang,18,29 Sara Liang,19 Grace Maroon,29 Sara Liang,NA,NA,NA
PHL @ INDY,Week 1,PHL,INDY,4/8/2025 13:52,9,1,0,0,0.3384913,0.5611151,08 Joanna Maida,4,NA,NA,NA,27 Kit Asterin,NA,NA
PHL @ INDY,Week 1,PHL,INDY,4/8/2025 13:54,9,2,0,1,0.76208895,0.5932809,22 Liz Hart,7,21 Linda Morse,23 Natalie Bova,22 Liz Hart,NA,NA,NA
PHL @ INDY,Week 1,PHL,INDY,4/8/2025 13:59,11,1,1,1,0.07736944,0.66404575,29 Sara Liang,10,23 Natalie Bova,99 Veronica Kolegue-Spalaris,29 Sara Liang,NA,NA,NA
PHL @ INDY,Week 1,PHL,INDY,4/8/2025 14:04,12,1,0,0,0.12572534,0.8691923,NA,0,NA,NA,NA,NA,NA,NA
PHL @ INDY,Week 1,PHL,INDY,4/8/2025 14:11,13,1,1,0,0.31334624,0.65117943,23 Natalie Bova,10,NA,NA,NA,23 Natalie Bova,22 Liz Hart,NA
PHL @ INDY,Week 1,PHL,INDY,4/8/2025 14:16,13,2,1,0,0.06963249,0.49035025,27 Kit Asterin,2,NA,NA,NA,23 Natalie Bova,NA,NA
PHL @ INDY,Week 1,PHL,INDY,4/8/2025 14:18,13,3,1,0,0.827853,0.8127234,27 Kit Asterin,3,NA,NA,NA,NA,NA,NA
PHL @ INDY,Week 1,PHL,INDY,4/8/2025 14:23,14,1,1,1,0.48355898,0.43388134,00 Emilie Mohler,11,19 Grace Maroon,17 Allie Milligan,19 Grace Maroon,NA,NA,NA
PHL @ INDY,Week 1,PHL,INDY,4/8/2025 14:26,15,1,0,0,0.76208895,0.6197284,08 Joanna Maida,6,NA,NA,NA,NA,03 Rachel Alfano,NA
PHL @ INDY,Week 1,PHL,INDY,4/8/2025 14:28,15,2,0,0,0.95357835,0.72480345,29 Sara Liang,4,NA,NA,NA,NA,29 Sara Liang,NA
PHL @ INDY,Week 1,PHL,INDY,4/8/2025 14:32,15,3,0,0,0.98839456,0.8091494,29 Sara Liang,3,NA,NA,NA,73 Chelsea Semper,NA,NA
PHL @ INDY,Week 1,PHL,INDY,4/8/2025 14:35,16,1,1,0,0.9477756,0.44603288,27 Kit Asterin,6,NA,NA,NA,NA,27 Kit Asterin,NA
PHL @ INDY,Week 1,PHL,INDY,4/8/2025 14:43,17,1,1,0,0.69052225,0.5968549,29 Sara Liang,10,NA,NA,NA,00 Emilie Mohler,19 Grace Maroon,NA
PHL @ INDY,Week 1,PHL,INDY,4/8/2025 14:50,19,1,1,1,0.99613154,0.52466047,00 Emilie Mohler,11,00 Emilie Mohler,09 Sarah Hirannet,73 Chelsea Semper,NA,NA,NA
PHL @ INDY,Week 1,PHL,INDY,4/8/2025 14:54,20,1,0,0,0.054158606,0.7305218,27 Kit Asterin,9,NA,NA,NA,27 Kit Asterin,NA,NA
PHL @ INDY,Week 1,PHL,INDY,4/8/2025 14:58,20,2,0,0,0.99032885,0.7541101,29 Sara Liang,2,NA,NA,NA,27 Kit Asterin,NA,NA
PHL @ INDY,Week 1,PHL,INDY,4/8/2025 15:00,20,3,0,1,0.30174083,0.76411724,29 Sara Liang,7,03 Rachel Alfano,23 Natalie Bova,21 Linda Morse,NA,NA,NA
PHL @ INDY,Week 1,PHL,INDY,4/8/2025 15:04,21,1,0,0,0.93810445,0.3817012,29 Sara Liang,6,NA,NA,NA,NA,48 Caroline Weinberg,NA
PHL @ INDY,Week 1,PHL,INDY,4/8/2025 15:06,21,2,0,1,0.22243714,0.18,29 Sara Liang,1,NA,29 Sara Liang,19 Grace Maroon,NA,NA,NA
PHL @ INDY,Week 1,PHL,INDY,4/8/2025 15:07,22,1,0,0,0.6711799,0.39814153,17 Allie Milligan,2,NA,NA,NA,73 Chelsea Semper,NA,NA
PHL @ INDY,Week 1,PHL,INDY,4/8/2025 15:12,23,1,1,0,0.59574467,0.6154396,27 Kit Asterin,2,NA,NA,NA,29 Sara Liang,NA,NA
PHL @ INDY,Week 1,PHL,INDY,4/8/2025 15:13,23,2,1,1,0.06769826,0.42744818,27 Kit Asterin,4,27 Kit Asterin,23 Natalie Bova,21 Linda Morse,NA,NA,NA
PHL @ INDY,Week 1,PHL,INDY,4/8/2025 15:16,24,1,0,0,0.7466151,0.656183,29 Sara Liang,3,NA,NA,NA,NA,NA,NA
RAL @ LA,Week 1,LA,RAL,4/6/2025 11:48,1,1,1,0,0.27777773,0.4802469,01 Maggie O'Connor,1,NA,NA,NA,01 Maggie O'Connor,NA,NA
RAL @ LA,Week 1,LA,RAL,4/6/2025 11:49,1,2,1,0,0.8888889,0.5092592,01 Maggie O'Connor,3,NA,NA,NA,20 Madee Shade,NA,NA
RAL @ LA,Week 1,LA,RAL,4/6/2025 11:51,1,3,1,0,0.12083333,0.39135802,01 Maggie O'Connor,4,NA,NA,NA,25 Samantha Wool,NA,NA
RAL @ LA,Week 1,LA,RAL,4/6/2025 11:52,1,4,1,0,0.4819444,0.53209877,25 Samantha Wool,2,NA,NA,NA,NA,50 Lilet Brooks,NA
RAL @ LA,Week 1,LA,RAL,4/6/2025 11:53,1,5,1,0,0.23888887,0.57469136,25 Samantha Wool,6,NA,NA,NA,50 Lilet Brooks,NA,NA
RAL @ LA,Week 1,LA,RAL,4/6/2025 12:04,1,6,1,1,0.3,0.1685185,01 Maggie O'Connor,2,01 Maggie O'Connor,25 Samantha Wool,03 Chip Yen,NA,NA,NA
RAL @ LA,Week 1,LA,RAL,4/6/2025 12:25,2,1,0,0,0.5986111,0.82160497,16 Karli Steiner,6,NA,NA,NA,NA,40 Veronica Yee,NA
RAL @ LA,Week 1,LA,RAL,4/6/2025 12:30,2,2,0,0,0.6777778,0.8333334,41 Natalie So,2,NA,NA,NA,16 Karli Steiner,NA,NA
RAL @ LA,Week 1,LA,RAL,4/6/2025 12:30,2,3,0,0,0.8986111,0.8401235,16 Karli Steiner,1,NA,NA,NA,16 Karli Steiner,NA,NA
RAL @ LA,Week 1,LA,RAL,4/6/2025 12:36,3,1,1,0,0.23888887,0.57901233,93 Naomi Guzman,7,NA,NA,NA,NA,34 Amanda Ring,NA
RAL @ LA,Week 1,LA,RAL,4/6/2025 12:38,3,2,1,0,0.8111111,0.49074072,93 Naomi Guzman,6,NA,NA,NA,93 Naomi Guzman,NA,NA
RAL @ LA,Week 1,LA,RAL,4/6/2025 12:41,3,3,1,1,0.30555552,0.21296294,93 Naomi Guzman,1,NA,93 Naomi Guzman,24 Avalon Igawa,NA,NA,NA
RAL @ LA,Week 1,LA,RAL,4/6/2025 12:54,5,1,0,0,0.5194444,0.42469135,16 Karli Steiner,3,NA,NA,NA,16 Karli Steiner,NA,NA
RAL @ LA,Week 1,LA,RAL,4/6/2025 12:55,5,2,0,0,0.6097222,0.22530863,07 Jessica Martinez,0,NA,NA,NA,NA,NA,NA
RAL @ LA,Week 1,LA,RAL,4/6/2025 12:59,5,3,0,0,0.7472222,0.8308642,93 Naomi Guzman,4,NA,NA,NA,26 Cameron Helm,NA,NA
RAL @ LA,Week 1,LA,RAL,4/6/2025 13:00,5,4,0,0,0.038888868,0.16728395,93 Naomi Guzman,1,NA,NA,NA,93 Naomi Guzman,NA,NA
RAL @ LA,Week 1,LA,RAL,4/6/2025 13:01,5,5,0,0,0.2375,0.43765432,34 Amanda Ring,5,NA,NA,NA,02 Iman Haq,NA,NA
RAL @ LA,Week 1,LA,RAL,4/6/2025 13:02,5,6,0,0,0.7013889,0.3691358,93 Naomi Guzman,1,NA,NA,NA,93 Naomi Guzman,NA,NA
RAL @ LA,Week 1,LA,RAL,4/6/2025 13:16,5,7,0,0,0.3,0.554321,34 Amanda Ring,7,NA,NA,NA,15 Violet Wei,NA,NA
RAL @ LA,Week 1,LA,RAL,4/6/2025 13:17,5,8,0,1,0.22777773,0.61728394,44 Nadine Meister,5,34 Amanda Ring,15 Violet Wei,24 Avalon Igawa,NA,NA,NA
RAL @ LA,Week 1,LA,RAL,4/6/2025 13:23,6,1,0,0,0.19583334,0.8567901,16 Karli Steiner,2,NA,NA,NA,41 Natalie So,NA,NA
RAL @ LA,Week 1,LA,RAL,4/6/2025 13:26,7,1,1,0,0.21111107,0.56666666,25 Samantha Wool,6,NA,NA,NA,01 Maggie O'Connor,NA,NA
RAL @ LA,Week 1,LA,RAL,4/6/2025 13:27,7,2,1,1,0.60833335,0.45617285,01 Maggie O'Connor,7,25 Samantha Wool,01 Maggie O'Connor,11 Emily Ash,NA,NA,NA
RAL @ LA,Week 1,LA,RAL,4/6/2025 13:30,8,1,1,0,0.7680556,0.6851852,93 Naomi Guzman,2,NA,NA,NA,34 Amanda Ring,NA,NA
RAL @ LA,Week 1,LA,RAL,4/6/2025 13:36,8,2,1,0,0.12361113,0.53271604,25 Samantha Wool,13,NA,NA,NA,01 Maggie O'Connor,NA,NA
RAL @ LA,Week 1,LA,RAL,4/6/2025 14:12,8,3,1,0,0.31666666,0.77037036,01 Maggie O'Connor,6,NA,NA,NA,NA,50 Lilet Brooks,NA
RAL @ LA,Week 1,LA,RAL,4/6/2025 14:13,8,4,1,0,0.9527778,0.858642,01 Maggie O'Connor,5,NA,NA,NA,01 Maggie O'Connor,50 Lilet Brooks,NA
RAL @ LA,Week 1,LA,RAL,4/6/2025 14:21,8,5,1,0,0.7,0.7882716,01 Maggie O'Connor,3,NA,NA,NA,20 Madee Shade,NA,NA
RAL @ LA,Week 1,LA,RAL,4/6/2025 14:28,9,1,1,1,0.26111108,0.43209878,44 Nadine Meister,6,89 Lexy Roy,44 Nadine Meister,93 Naomi Guzman,NA,NA,NA
RAL @ LA,Week 1,LA,RAL,4/6/2025 14:34,10,1,0,0,0.7805556,0.8265432,16 Karli Steiner,5,NA,NA,NA,41 Natalie So,NA,NA
RAL @ LA,Week 1,LA,RAL,4/6/2025 14:38,10,2,0,0,0.5027778,0.75555557,16 Karli Steiner,1,NA,NA,NA,16 Karli Steiner,NA,NA
RAL @ LA,Week 1,LA,RAL,4/6/2025 14:40,11,1,1,0,0.5111111,0.43518516,25 Samantha Wool,9,NA,NA,NA,25 Samantha Wool,NA,NA
RAL @ LA,Week 1,LA,RAL,4/6/2025 14:41,11,2,1,0,0.1,0.70864195,01 Maggie O'Connor,6,NA,NA,NA,25 Samantha Wool,NA,NA
RAL @ LA,Week 1,LA,RAL,4/6/2025 14:43,11,3,1,1,0.6569444,0.44753087,50 Lilet Brooks,9,01 Maggie O'Connor,25 Samantha Wool,20 Madee Shade,NA,NA,NA
RAL @ LA,Week 1,LA,RAL,4/6/2025 14:45,12,1,0,0,0.5,0.8117284,93 Naomi Guzman,6,NA,NA,NA,44 Nadine Meister,NA,NA
RAL @ LA,Week 1,LA,RAL,4/6/2025 14:49,13,1,0,0,0.27083334,0.5833333,41 Natalie So,7,NA,NA,NA,16 Karli Steiner,NA,NA
RAL @ LA,Week 1,LA,RAL,4/6/2025 14:50,13,2,0,0,0.23333333,0.33888888,16 Karli Steiner,6,NA,NA,NA,16 Karli Steiner,NA,NA
RAL @ LA,Week 1,LA,RAL,4/6/2025 19:56,14,1,0,0,0.9444445,0.8382716,01 Maggie O'Connor,4,NA,NA,NA,25 Samantha Wool,NA,NA
RAL @ LA,Week 1,LA,RAL,4/6/2025 20:01,14,2,0,0,0.74861115,0.55864197,01 Maggie O'Connor,1,NA,NA,NA,01 Maggie O'Connor,NA,NA
RAL @ LA,Week 1,LA,RAL,4/6/2025 20:07,15,1,0,0,0.47083333,0.5080247,93 Naomi Guzman,4,NA,NA,NA,05 Sharon Tseng,NA,NA
RAL @ LA,Week 1,LA,RAL,4/6/2025 20:10,15,2,0,0,0.52916664,0.44629627,16 Karli Steiner,2,NA,NA,NA,NA,16 Karli Steiner,NA
RAL @ LA,Week 1,LA,RAL,4/6/2025 20:11,15,3,0,0,0.4847222,0.67037034,24 Avalon Igawa,6,NA,NA,NA,26 Cameron Helm,NA,NA
RAL @ LA,Week 1,LA,RAL,4/6/2025 20:15,15,4,0,0,0.27931035,0.6069423,01 Maggie O'Connor,7,NA,NA,NA,50 Lilet Brooks,NA,NA
RAL @ LA,Week 1,LA,RAL,4/6/2025 20:18,16,1,1,1,0.80833334,0.7259259,44 Nadine Meister,15,44 Nadine Meister,25 Samantha Wool,01 Maggie O'Connor,NA,NA,NA
RAL @ LA,Week 1,LA,RAL,4/7/2025 22:01,17,1,0,0,0.052777734,0.72962964,05 Sharon Tseng,2,NA,NA,NA,NA,26 Cameron Helm,NA
RAL @ LA,Week 1,LA,RAL,4/7/2025 22:03,18,1,1,0,0.6611111,0.69074076,44 Nadine Meister,11,NA,NA,NA,44 Nadine Meister,NA,NA
RAL @ LA,Week 1,LA,RAL,4/7/2025 22:05,19,1,1,1,0.11388887,0.58395064,93 Naomi Guzman,3,07 Jessica Martinez,24 Avalon Igawa,26 Cameron Helm,NA,NA,NA
RAL @ LA,Week 1,LA,RAL,4/7/2025 22:10,20,1,1,1,0.81805557,0.82345676,25 Samantha Wool,12,44 Nadine Meister,01 Maggie O'Connor,50 Lilet Brooks,NA,NA,NA
RAL @ LA,Week 1,RAL,LA,2025-04-05 22:38:00,1,1,0,0,0.5010917,0.47330096,18 Sarah McKee,2,NA,NA,NA,09 Jinny Riedel,NA,NA
RAL @ LA,Week 1,RAL,LA,2025-04-05 22:41:35,1,2,0,0,0.6476793,0.8289556,09 Jinny Riedel,2,NA,NA,NA,NA,18 Sarah McKee,NA
RAL @ LA,Week 1,RAL,LA,2025-04-05 22:42:36,1,3,0,0,0.0021097045,0.83208257,43 Claire Hackl,4,NA,NA,NA,09 Jinny Riedel,NA,NA
RAL @ LA,Week 1,RAL,LA,2025-04-05 22:45:23,1,4,0,0,0.23417722,0.7338962,09 Jinny Riedel,5,NA,NA,NA,09 Jinny Riedel,NA,NA
RAL @ LA,Week 1,RAL,LA,2025-04-05 22:48:06,1,5,0,0,0.18495077,0.83208257,09 Jinny Riedel,2,NA,NA,NA,NA,43 Claire Hackl,NA
RAL @ LA,Week 1,RAL,LA,2025-04-05 22:50:57,2,1,1,0,0.49859354,0.48999375,59 Audrey Lyman,6,NA,NA,NA,59 Audrey Lyman,NA,NA
RAL @ LA,Week 1,RAL,LA,2025-04-05 22:53:20,2,2,1,0,0.009142053,0.57129455,59 Audrey Lyman,1,NA,NA,NA,59 Audrey Lyman,NA,NA
RAL @ LA,Week 1,RAL,LA,2025-04-05 22:54:41,2,3,1,0,0.49437413,0.23671044,59 Audrey Lyman,2,NA,NA,NA,NA,88 Maddie Pletzke,NA
RAL @ LA,Week 1,RAL,LA,2025-04-05 22:56:02,2,4,1,1,0.010548524,0.22732958,59 Audrey Lyman,1,NA,59 Audrey Lyman,06 Jenny Wei,NA,NA,NA
RAL @ LA,Week 1,RAL,LA,2025-04-05 22:58:34,3,1,0,0,0.98945147,0.8258287,09 Jinny Riedel,4,NA,NA,NA,43 Claire Hackl,NA,NA
RAL @ LA,Week 1,RAL,LA,2025-04-05 23:01:03,3,2,0,0,0.013361462,0.83208257,09 Jinny Riedel,1,NA,NA,NA,09 Jinny Riedel,NA,NA
RAL @ LA,Week 1,RAL,LA,2025-04-05 23:02:53,4,1,1,1,0.3002813,0.48123828,59 Audrey Lyman,5,45 Caitlin Gross,59 Audrey Lyman,06 Jenny Wei,NA,NA,NA
RAL @ LA,Week 1,RAL,LA,2025-04-05 23:06:12,5,1,1,0,0.009142053,0.83270794,59 Audrey Lyman,2,NA,NA,NA,24 Hannah Boettcher,NA,NA
RAL @ LA,Week 1,RAL,LA,2025-04-06 13:18:50,6,1,1,0,0.52391,0.8345841,06 Jenny Wei,15,NA,NA,NA,NA,88 Maddie Pletzke,NA
RAL @ LA,Week 1,RAL,LA,2025-04-06 13:24:50,6,2,1,0,0.61814344,0.83208257,59 Audrey Lyman,1,NA,NA,NA,NA,02 Claire Bidigare-Curtis,NA
RAL @ LA,Week 1,RAL,LA,2025-04-06 13:26:09,6,3,1,0,0.7700422,0.8302064,06 Jenny Wei,1,NA,NA,NA,06 Jenny Wei,NA,NA
RAL @ LA,Week 1,RAL,LA,2025-04-06 13:27:39,6,4,1,0,0.5843882,0.83145714,59 Audrey Lyman,1,NA,NA,NA,59 Audrey Lyman,NA,NA
RAL @ LA,Week 1,RAL,LA,2025-04-06 13:28:40,6,5,1,0,0.8769339,0.83270794,59 Audrey Lyman,2,NA,NA,NA,45 Caitlin Gross,NA,NA
RAL @ LA,Week 1,RAL,LA,2025-04-06 13:30:40,6,6,1,0,0.6097046,0.6181989,59 Audrey Lyman,1,NA,NA,NA,59 Audrey Lyman,NA,NA
RAL @ LA,Week 1,RAL,LA,2025-04-06 13:32:21,7,1,1,0,0.0021097045,0.41994998,09 Jinny Riedel,6,NA,NA,NA,NA,22 Julia Zwierzynski,NA
RAL @ LA,Week 1,RAL,LA,2025-04-06 13:35:35,7,2,1,1,0.59845287,0.16916823,18 Sarah McKee,2,18 Sarah McKee,09 Jinny Riedel,48 Natalie Baumgarten,NA,NA,NA
RAL @ LA,Week 1,RAL,LA,2025-04-06 13:38:42,8,1,0,0,0.22433193,0.8352095,59 Audrey Lyman,3,NA,NA,NA,59 Audrey Lyman,NA,NA
RAL @ LA,Week 1,RAL,LA,2025-04-06 13:41:22,9,1,1,0,0.431083,0.64446527,09 Jinny Riedel,8,NA,NA,NA,NA,48 Natalie Baumgarten,NA
RAL @ LA,Week 1,RAL,LA,2025-04-06 13:46:02,9,2,1,0,0.00070323487,0.70137584,15 Carmen Tormey,5,NA,NA,NA,NA,15 Carmen Tormey,NA
RAL @ LA,Week 1,RAL,LA,2025-04-06 13:51:19,9,3,1,0,0.9922644,0.8345841,59 Audrey Lyman,2,NA,NA,NA,06 Jenny Wei,NA,NA
RAL @ LA,Week 1,RAL,LA,2025-04-06 13:54:53,10,1,0,0,0.16666667,0.26422763,48 Natalie Baumgarten,1,NA,NA,NA,48 Natalie Baumgarten,NA,NA
RAL @ LA,Week 1,RAL,LA,2025-04-06 13:56:12,10,2,0,0,0.88396627,0.5350219,09 Jinny Riedel,1,NA,NA,NA,09 Jinny Riedel,NA,NA
RAL @ LA,Week 1,RAL,LA,2025-04-06 13:57:19,10,3,0,1,0.98663855,0.39806128,09 Jinny Riedel,1,NA,09 Jinny Riedel,48 Natalie Baumgarten,NA,NA,NA
RAL @ LA,Week 1,RAL,LA,2025-04-06 14:00:05,12,1,1,0,0.023206752,0.48373982,59 Audrey Lyman,3,NA,NA,NA,45 Caitlin Gross,NA,NA
RAL @ LA,Week 1,RAL,LA,2025-04-06 14:02:59,12,2,1,0,0.6153305,0.40619138,88 Maddie Pletzke,7,NA,NA,NA,NA,88 Maddie Pletzke,NA
RAL @ LA,Week 1,RAL,LA,2025-04-06 14:05:53,12,3,1,1,0.35513362,0.5356473,06 Jenny Wei,4,45 Caitlin Gross,15 Carmen Tormey,88 Maddie Pletzke,NA,NA,NA
RAL @ LA,Week 1,RAL,LA,2025-04-06 14:08:34,13,1,0,0,0.9922644,0.8302064,09 Jinny Riedel,2,NA,NA,NA,22 Julia Zwierzynski,NA,NA
RAL @ LA,Week 1,RAL,LA,2025-04-06 14:09:44,13,2,0,0,0.14416315,0.82958096,09 Jinny Riedel,1,NA,NA,NA,09 Jinny Riedel,NA,NA
RAL @ LA,Week 1,RAL,LA,2025-04-06 14:11:07,14,1,1,0,0.15541491,0.69387114,59 Audrey Lyman,6,NA,NA,NA,59 Audrey Lyman,NA,NA
RAL @ LA,Week 1,RAL,LA,2025-04-06 14:13:19,14,2,1,1,0.42686358,0.26485303,59 Audrey Lyman,2,59 Audrey Lyman,06 Jenny Wei,21 Julia Hoffmann,NA,NA,NA
RAL @ LA,Week 1,RAL,LA,2025-04-06 14:15:30,15,1,0,0,0.14556962,0.74515325,43 Claire Hackl,2,NA,NA,NA,NA,24 Hannah Boettcher,NA
RAL @ LA,Week 1,RAL,LA,2025-04-06 14:17:22,15,2,0,1,0.22573839,0.800813,59 Audrey Lyman,16,02 Claire Bidigare-Curtis,06 Jenny Wei,02 Claire Bidigare-Curtis,NA,NA,NA
RAL @ LA,Week 1,RAL,LA,2025-04-06 18:44:35,16,1,1,0,0.07805907,0.5156348,59 Audrey Lyman,2,NA,NA,NA,21 Julia Hoffmann,NA,NA
RAL @ LA,Week 1,RAL,LA,2025-04-06 18:46:10,16,2,1,0,0.023206752,0.69011885,59 Audrey Lyman,2,NA,NA,NA,45 Caitlin Gross,NA,NA
RAL @ LA,Week 1,RAL,LA,2025-04-06 18:47:31,16,3,1,1,0.47327706,0.8345841,59 Audrey Lyman,6,45 Caitlin Gross,15 Carmen Tormey,88 Maddie Pletzke,NA,NA,NA
RAL @ LA,Week 1,RAL,LA,2025-04-06 18:51:22,17,1,0,0,0.36216596,0.8083177,48 Natalie Baumgarten,2,NA,NA,NA,09 Jinny Riedel,NA,NA
RAL @ LA,Week 1,RAL,LA,2025-04-06 18:52:31,17,2,0,0,0.21870604,0.5700438,43 Claire Hackl,3,NA,NA,NA,18 Sarah McKee,NA,NA
RAL @ LA,Week 1,RAL,LA,2025-04-06 18:55:12,17,3,0,0,0.28762308,0.8333333,09 Jinny Riedel,7,NA,NA,NA,NA,06 Jenny Wei,NA
RAL @ LA,Week 1,RAL,LA,2025-04-06 19:00:06,17,4,0,1,0.47046414,0.8089431,59 Audrey Lyman,5,88 Maddie Pletzke,21 Julia Hoffmann,15 Carmen Tormey,NA,NA,NA
RAL @ LA,Week 1,RAL,LA,2025-04-06 19:04:39,19,1,1,0,0.98241913,0.44121325,59 Audrey Lyman,7,NA,NA,NA,59 Audrey Lyman,NA,NA
RAL @ LA,Week 1,RAL,LA,2025-04-06 19:07:40,19,2,1,1,0.73769337,0.3217636,59 Audrey Lyman,4,06 Jenny Wei,88 Maddie Pletzke,21 Julia Hoffmann,NA,NA,NA
RAL @ LA,Week 1,RAL,LA,2025-04-06 19:10:38,20,1,0,1,0.9922644,0.80519074,09 Jinny Riedel,3,48 Natalie Baumgarten,24 Hannah Boettcher,43 Claire Hackl,NA,NA,NA
RAL @ LA,Week 1,RAL,LA,2025-04-06 19:14:23,22,1,1,0,0.056962024,0.5625391,59 Audrey Lyman,3,NA,NA,NA,88 Maddie Pletzke,NA,NA
RAL @ LA,Week 1,RAL,LA,2025-04-06 19:19:43,23,1,1,1,0.98523206,0.5331457,59 Audrey Lyman,3,15 Carmen Tormey,06 Jenny Wei,NA,NA,NA,NA
LA @ NASH,Week 2,LA,NASH,2025-04-13 15:25:59,1,1,1,0,0.49583334,0.6401234,25 Samantha Wool,2,NA,NA,NA,01 Maggie O'Connor,NA,NA
LA @ NASH,Week 2,LA,NASH,2025-04-13 15:26:20,1,2,1,1,0.87638885,0.72160494,01 Maggie O'Connor,7,50 Lilet Brooks,25 Samantha Wool,03 Chip Yen,NA,NA,NA
LA @ NASH,Week 2,LA,NASH,2025-04-13 15:42:48,2,1,0,0,0.8555556,0.6580247,93 Naomi Guzman,2,NA,NA,NA,44 Nadine Meister,NA,NA
LA @ NASH,Week 2,LA,NASH,2025-04-13 15:43:26,2,2,0,1,0.8930556,0.7537037,93 Naomi Guzman,10,89 Lexy Roy,26 Cameron Helm,19 Sophie Havranek,NA,NA,NA
LA @ NASH,Week 2,LA,NASH,2025-04-13 15:54:59,3,1,0,0,0.14252871,0.7468096,09 Arenaria Cramer,4,NA,NA,NA,23 Frances Lebar,09 Arenaria Cramer,NA
LA @ NASH,Week 2,LA,NASH,2025-04-13 15:57:55,3,2,0,0,0.076388866,0.72160494,09 Arenaria Cramer,4,NA,NA,NA,04 Amy Lee,NA,NA
LA @ NASH,Week 2,LA,NASH,2025-04-13 15:59:57,3,3,0,0,0.90555555,0.6864197,09 Arenaria Cramer,1,NA,NA,NA,09 Arenaria Cramer,NA,NA
LA @ NASH,Week 2,LA,NASH,2025-04-13 16:00:35,3,4,0,0,0.25833333,0.71234566,09 Arenaria Cramer,1,NA,NA,NA,NA,17 Rachel Johnston,NA
LA @ NASH,Week 2,LA,NASH,2025-04-13 16:08:03,4,1,1,1,0.8430556,0.7234568,20 Madee Shade,6,03 Chip Yen,01 Maggie O'Connor,03 Chip Yen,NA,NA,NA
LA @ NASH,Week 2,LA,NASH,2025-04-13 16:16:53,5,1,0,0,0.077777736,0.6154321,93 Naomi Guzman,3,NA,NA,NA,19 Sophie Havranek,NA,NA
LA @ NASH,Week 2,LA,NASH,2025-04-13 16:17:53,5,2,0,0,0.9152777,0.841358,93 Naomi Guzman,9,NA,NA,NA,19 Sophie Havranek,NA,NA
LA @ NASH,Week 2,LA,NASH,2025-04-13 16:21:10,5,3,0,0,0.9430555,0.73888886,93 Naomi Guzman,6,NA,NA,NA,93 Naomi Guzman,02 Iman Haq,NA
LA @ NASH,Week 2,LA,NASH,2025-04-13 16:26:43,5,4,0,1,0.7138889,0.44135803,09 Arenaria Cramer,11,16 Karli Steiner,09 Arenaria Cramer,23 Frances Lebar,NA,NA,NA
LA @ NASH,Week 2,LA,NASH,2025-04-13 16:32:32,6,1,0,1,0.109722264,0.804321,93 Naomi Guzman,10,44 Nadine Meister,93 Naomi Guzman,02 Iman Haq,NA,NA,NA
LA @ NASH,Week 2,LA,NASH,2025-04-13 16:41:42,7,1,0,0,0.69166666,0.47098765,01 Maggie O'Connor,15,NA,NA,NA,24 Avalon Igawa,01 Maggie O'Connor,NA
LA @ NASH,Week 2,LA,NASH,2025-04-13 16:44:46,7,2,0,1,0.3,0.33148146,01 Maggie O'Connor,3,25 Samantha Wool,11 Emily Ash,03 Chip Yen,NA,NA,NA
LA @ NASH,Week 2,LA,NASH,2025-04-13 16:47:41,8,1,0,0,0.09583333,0.6623457,09 Arenaria Cramer,2,NA,NA,NA,29 Hanae Oda,NA,NA
LA @ NASH,Week 2,LA,NASH,2025-04-13 16:48:20,8,2,0,1,0.5083333,0.39382717,07 Jessica Martinez,2,07 Jessica Martinez,16 Karli Steiner,04 Amy Lee,NA,NA,NA
LA @ NASH,Week 2,LA,NASH,2025-04-13 16:55:29,10,1,1,0,0.6152778,0.6271605,25 Samantha Wool,6,NA,NA,NA,20 Madee Shade,NA,NA
LA @ NASH,Week 2,LA,NASH,2025-04-13 17:01:18,10,2,1,0,0.68472224,0.8228395,25 Samantha Wool,1,NA,NA,NA,25 Samantha Wool,NA,NA
LA @ NASH,Week 2,LA,NASH,2025-04-13 17:11:19,11,1,1,0,0.9222222,0.6574074,26 Cameron Helm,3,NA,NA,NA,07 Jessica Martinez,NA,NA
LA @ NASH,Week 2,LA,NASH,2025-04-13 17:15:48,11,2,1,0,0.86944443,0.837037,09 Arenaria Cramer,3,NA,NA,NA,04 Amy Lee,NA,NA
LA @ NASH,Week 2,LA,NASH,2025-04-13 17:17:19,11,3,1,0,0.6041667,0.69814813,93 Naomi Guzman,2,NA,NA,NA,07 Jessica Martinez,NA,NA
LA @ NASH,Week 2,LA,NASH,2025-04-13 17:19:57,11,4,1,0,0.19305554,0.67037034,25 Samantha Wool,1,NA,NA,NA,25 Samantha Wool,NA,NA
LA @ NASH,Week 2,LA,NASH,2025-04-13 17:20:49,11,5,1,0,0.20555553,0.71728396,01 Maggie O'Connor,8,NA,NA,NA,00 Stephanie Pritchard,NA,NA
LA @ NASH,Week 2,LA,NASH,2025-04-13 17:22:24,11,6,1,0,0.11111107,0.83271605,01 Maggie O'Connor,1,NA,NA,NA,NA,25 Samantha Wool,NA
LA @ NASH,Week 2,LA,NASH,2025-04-13 17:24:36,12,1,1,1,0.19583334,0.63827163,29 Hanae Oda,4,09 Arenaria Cramer,16 Karli Steiner,89 Lexy Roy,NA,NA,NA
LA @ NASH,Week 2,LA,NASH,2025-04-13 17:33:24,13,1,0,0,0.64027774,0.50061727,29 Hanae Oda,5,NA,NA,NA,20 Madee Shade,NA,NA
LA @ NASH,Week 2,LA,NASH,2025-04-13 17:37:58,13,2,0,0,0.4930556,0.9080247,NA,1,NA,NA,NA,NA,NA,NA
LA @ NASH,Week 2,LA,NASH,2025-04-13 17:39:27,13,3,0,1,0.49166667,0.837037,93 Naomi Guzman,12,09 Arenaria Cramer,16 Karli Steiner,26 Cameron Helm,NA,NA,NA
LA @ NASH,Week 2,LA,NASH,2025-04-13 17:43:45,14,1,0,1,0.30416667,0.56666666,20 Madee Shade,9,19 Sophie Havranek,89 Lexy Roy,23 Frances Lebar,NA,NA,NA
LA @ NASH,Week 2,LA,NASH,2025-04-13 17:49:58,16,1,1,1,0.12083333,0.59629625,16 Karli Steiner,3,25 Samantha Wool,01 Maggie O'Connor,00 Stephanie Pritchard,NA,NA,NA
LA @ NASH,Week 2,LA,NASH,2025-04-13 17:52:50,17,1,0,0,0.4527778,0.69012344,93 Naomi Guzman,4,NA,NA,NA,09 Arenaria Cramer,NA,NA
LA @ NASH,Week 2,LA,NASH,2025-04-13 17:55:18,17,2,0,1,0.17361113,0.42222223,93 Naomi Guzman,5,93 Naomi Guzman,16 Karli Steiner,26 Cameron Helm,NA,NA,NA
LA @ NASH,Week 2,LA,NASH,2025-04-13 17:57:35,18,1,0,1,0.65416664,0.61049384,20 Madee Shade,4,20 Madee Shade,23 Frances Lebar,17 Rachel Johnston,NA,NA,NA
LA @ NASH,Week 2,LA,NASH,2025-04-13 18:01:24,19,1,1,0,0.7402778,0.40617284,20 Madee Shade,1,NA,NA,NA,NA,29 Hanae Oda,NA
LA @ NASH,Week 2,LA,NASH,2025-04-13 18:04:11,19,2,1,0,0.48333332,0.82098764,25 Samantha Wool,4,NA,NA,NA,NA,25 Samantha Wool,NA
LA @ NASH,Week 2,LA,NASH,2025-04-13 18:06:05,19,3,1,1,0.6458333,0.49753088,25 Samantha Wool,2,25 Samantha Wool,11 Emily Ash,03 Chip Yen,NA,NA,NA
LA @ NASH,Week 2,LA,NASH,2025-04-13 18:09:40,20,1,0,0,0.48055553,0.7271605,16 Karli Steiner,1,NA,NA,NA,16 Karli Steiner,NA,NA
LA @ NASH,Week 2,NASH,LA,2025-04-13 15:32:46,1,1,0,0,0.51131225,0.52112675,42 Emma Patterson,3,NA,NA,NA,21 Elena Rubino,NA,NA
LA @ NASH,Week 2,NASH,LA,2025-04-13 15:38:05,2,1,1,0,0.36953238,0.7162978,16 Emily Branson,6,NA,NA,NA,16 Emily Branson,NA,NA
LA @ NASH,Week 2,NASH,LA,2025-04-13 15:39:34,2,2,1,0,0.49019605,0.47082496,03 Sara Mog,6,NA,NA,NA,91 Savannah Sillivant,NA,NA
LA @ NASH,Week 2,NASH,LA,2025-04-13 15:48:43,3,1,1,0,0.51131225,0.7726358,42 Emma Patterson,10,NA,NA,NA,15 Sylvia Brown,NA,NA
LA @ NASH,Week 2,NASH,LA,2025-04-13 15:50:58,3,2,1,0,0.1553545,0.49228704,42 Emma Patterson,3,NA,NA,NA,42 Emma Patterson,NA,NA
LA @ NASH,Week 2,NASH,LA,2025-04-13 15:52:32,3,3,1,0,0.6907994,0.7102615,61 Madison Oakman,3,NA,NA,NA,06 Rebecca Fagan,NA,NA
LA @ NASH,Week 2,NASH,LA,2025-04-13 15:54:05,3,4,1,0,0.04524887,0.4741784,42 Emma Patterson,3,NA,NA,NA,42 Emma Patterson,NA,NA
LA @ NASH,Week 2,NASH,LA,2025-04-13 15:55:11,3,5,1,1,0.6983409,0.4594232,15 Sylvia Brown,4,96 Natalie Wilson,15 Sylvia Brown,96 Natalie Wilson,NA,NA,NA
LA @ NASH,Week 2,NASH,LA,2025-04-13 16:00:32,5,1,1,0,0.27450982,0.8001341,80 Kelsea LeBeau,4,NA,NA,NA,01 Tori Radcliffe,NA,NA
LA @ NASH,Week 2,NASH,LA,2025-04-13 16:03:27,5,2,1,0,0.17671813,0.411838,03 Sara Mog,1,NA,NA,NA,03 Sara Mog,NA,NA
LA @ NASH,Week 2,NASH,LA,2025-04-13 16:04:58,5,3,1,0,0.70889896,0.84305835,03 Sara Mog,11,NA,NA,NA,80 Kelsea LeBeau,NA,NA
LA @ NASH,Week 2,NASH,LA,2025-04-13 16:11:25,5,4,1,0,0.6334842,0.74178404,03 Sara Mog,2,NA,NA,NA,NA,01 Tori Radcliffe,NA
LA @ NASH,Week 2,NASH,LA,2025-04-13 16:13:02,6,1,1,0,0.13725488,0.713615,03 Sara Mog,10,NA,NA,NA,91 Savannah Sillivant,NA,NA
LA @ NASH,Week 2,NASH,LA,2025-04-13 16:17:06,7,1,1,0,0.6666667,0.7364185,61 Madison Oakman,8,NA,NA,NA,61 Madison Oakman,NA,NA
LA @ NASH,Week 2,NASH,LA,2025-04-13 16:21:50,7,2,1,0,0.30015087,0.7605634,06 Rebecca Fagan,1,NA,NA,NA,06 Rebecca Fagan,NA,NA
LA @ NASH,Week 2,NASH,LA,2025-04-13 16:24:26,8,1,1,0,0.7285068,0.53521127,16 Emily Branson,6,NA,NA,NA,01 Tori Radcliffe,NA,NA
LA @ NASH,Week 2,NASH,LA,2025-04-13 16:26:10,8,2,1,0,0.92609346,0.69751847,16 Emily Branson,1,NA,NA,NA,16 Emily Branson,NA,NA
LA @ NASH,Week 2,NASH,LA,2025-04-13 16:30:41,9,1,1,1,0.3589744,0.75117373,16 Emily Branson,7,06 Rebecca Fagan,16 Emily Branson,22 Becca Henley,NA,NA,NA
LA @ NASH,Week 2,NASH,LA,2025-04-13 16:34:40,10,1,0,0,0.6651584,0.5989269,15 Sylvia Brown,2,NA,NA,NA,NA,91 Savannah Sillivant,NA
LA @ NASH,Week 2,NASH,LA,2025-04-13 17:37:56,10,2,0,1,0.9215686,0.38967136,15 Sylvia Brown,4,15 Sylvia Brown,06 Rebecca Fagan,18 Morgan Butts,NA,NA,NA
LA @ NASH,Week 2,NASH,LA,2025-04-13 17:40:18,11,1,0,0,0.24736051,0.84842384,03 Sara Mog,12,NA,NA,NA,01 Tori Radcliffe,NA,NA
LA @ NASH,Week 2,NASH,LA,2025-04-13 17:46:30,11,2,0,0,0.29411766,0.4614353,16 Emily Branson,6,NA,NA,NA,16 Emily Branson,NA,NA
LA @ NASH,Week 2,NASH,LA,2025-04-13 17:48:20,11,3,0,0,0.20663652,0.7578806,16 Emily Branson,12,NA,NA,NA,01 Tori Radcliffe,NA,NA
LA @ NASH,Week 2,NASH,LA,2025-04-13 17:52:34,11,4,0,0,1.0,0.43594903,96 Natalie Wilson,3,NA,NA,NA,15 Sylvia Brown,NA,NA
LA @ NASH,Week 2,NASH,LA,2025-04-13 17:54:00,11,5,0,0,0.30165914,0.46881285,61 Madison Oakman,6,NA,NA,NA,61 Madison Oakman,NA,NA
LA @ NASH,Week 2,NASH,LA,2025-04-13 17:55:45,11,6,0,1,0.64253396,0.1965124,42 Emma Patterson,2,42 Emma Patterson,15 Sylvia Brown,61 Madison Oakman,NA,NA,NA
LA @ NASH,Week 2,NASH,LA,2025-04-13 17:58:30,13,1,1,0,0.33333334,0.64319247,16 Emily Branson,1,NA,NA,NA,16 Emily Branson,NA,NA
LA @ NASH,Week 2,NASH,LA,2025-04-13 17:59:05,13,2,1,0,0.4841629,0.8410463,03 Sara Mog,10,NA,NA,NA,03 Sara Mog,NA,NA
LA @ NASH,Week 2,NASH,LA,2025-04-13 18:02:55,13,3,1,0,0.65460026,0.73641855,03 Sara Mog,10,NA,NA,NA,16 Emily Branson,NA,NA
LA @ NASH,Week 2,NASH,LA,2025-04-13 18:06:13,14,1,1,0,0.5279035,0.54393023,42 Emma Patterson,1,NA,NA,NA,42 Emma Patterson,NA,NA
LA @ NASH,Week 2,NASH,LA,2025-04-13 18:07:49,15,1,1,1,0.5882353,0.66867876,03 Sara Mog,5,15 Sylvia Brown,01 Tori Radcliffe,22 Becca Henley,NA,NA,NA
LA @ NASH,Week 2,NASH,LA,2025-04-13 21:36:48,17,1,1,0,0.6479663,0.56884736,03 Sara Mog,8,NA,NA,NA,16 Emily Branson,NA,NA
LA @ NASH,Week 2,NASH,LA,2025-04-13 21:39:01,17,2,1,0,0.9698341,0.83165663,15 Sylvia Brown,1,NA,NA,NA,15 Sylvia Brown,NA,NA
LA @ NASH,Week 2,NASH,LA,2025-04-13 21:41:29,18,1,1,0,0.20512825,0.6921529,16 Emily Branson,10,NA,NA,NA,03 Sara Mog,NA,NA
LA @ NASH,Week 2,NASH,LA,2025-04-13 21:44:09,19,1,1,0,0.2684766,0.57276994,16 Emily Branson,9,NA,NA,NA,71 Mattea Swegles,NA,NA
LA @ NASH,Week 2,NASH,LA,2025-04-13 21:46:11,19,2,1,0,0.30165908,0.7230047,16 Emily Branson,10,NA,NA,NA,15 Sylvia Brown,NA,NA
LA @ NASH,Week 2,NASH,LA,2025-04-13 21:49:52,19,3,1,0,0.6048265,0.70623744,42 Emma Patterson,8,NA,NA,NA,NA,61 Madison Oakman,NA
LA @ NASH,Week 2,NASH,LA,2025-04-13 21:53:58,20,1,1,0,0.60482657,0.75586855,16 Emily Branson,3,NA,NA,NA,01 Tori Radcliffe,NA,NA
NY @ PHL,Week 2,NY,PHL,2025-04-14 21:24:18,1,1,0,0,0.014840183,0.6864536,07 Abby Hecko,10,NA,NA,NA,10 Ella Juengst,NA,NA
NY @ PHL,Week 2,NY,PHL,2025-04-14 21:28:06,2,1,1,1,0.49315068,0.55098933,33 Valeria Cárdenas,7,20 Yina Cartagena,24 Jolie Krebs,33 Valeria Cárdenas,NA,NA,NA
NY @ PHL,Week 2,NY,PHL,2025-04-14 21:30:23,3,1,0,0,0.019406393,0.68138003,03 Liv Player,1,NA,NA,NA,NA,12 Casey Banta-Ryan,NA
NY @ PHL,Week 2,NY,PHL,2025-04-14 21:34:11,4,1,1,1,0.43378997,0.50380516,33 Valeria Cárdenas,3,24 Jolie Krebs,20 Yina Cartagena,19 Eastelle Ding,NA,NA,NA
NY @ PHL,Week 2,NY,PHL,2025-04-14 21:36:36,5,1,0,0,0.028538812,0.8411974,20 Yina Cartagena,1,NA,NA,NA,20 Yina Cartagena,NA,NA
NY @ PHL,Week 2,NY,PHL,2025-04-14 21:38:32,6,1,1,1,0.48630136,0.44545916,20 Yina Cartagena,11,26 Mari Malin,20 Yina Cartagena,33 Valeria Cárdenas,NA,NA,NA
NY @ PHL,Week 2,NY,PHL,2025-04-14 21:43:20,7,1,0,0,0.5776256,0.7559614,03 Liv Player,6,NA,NA,NA,31 Eli Presberg,NA,NA
NY @ PHL,Week 2,NY,PHL,2025-04-14 21:45:32,8,1,1,0,0.14954337,0.5459158,20 Yina Cartagena,8,NA,NA,NA,33 Valeria Cárdenas,NA,NA
NY @ PHL,Week 2,NY,PHL,2025-04-14 21:46:58,8,2,1,1,0.24771689,0.1709792,20 Yina Cartagena,3,00 Genny De Jesus,20 Yina Cartagena,19 Eastelle Ding,NA,NA,NA
NY @ PHL,Week 2,NY,PHL,2025-04-14 21:51:02,9,1,0,1,0.36872146,0.4368341,33 Valeria Cárdenas,13,03 Liv Player,33 Valeria Cárdenas,21 Montana Roberts,NA,NA,NA
NY @ PHL,Week 2,NY,PHL,2025-04-14 21:56:10,11,1,1,0,0.22374429,0.7295789,33 Valeria Cárdenas,13,NA,NA,NA,66 Janine Hlavaty,NA,NA
NY @ PHL,Week 2,NY,PHL,2025-04-14 22:01:54,11,2,1,0,0.5856164,0.8396753,20 Yina Cartagena,8,NA,NA,NA,NA,03 Liv Player,NA
NY @ PHL,Week 2,NY,PHL,2025-04-14 22:04:44,11,3,1,0,0.7979452,0.8310502,33 Valeria Cárdenas,8,NA,NA,NA,09 Cassie Brown,NA,NA
NY @ PHL,Week 2,NY,PHL,2025-04-14 22:08:40,11,4,1,1,0.35045663,0.3723998,20 Yina Cartagena,5,10 Ella Juengst,20 Yina Cartagena,07 Abby Hecko,NA,NA,NA
NY @ PHL,Week 2,NY,PHL,2025-04-14 22:10:48,12,1,0,1,0.97602737,0.40233383,31 Eli Presberg,6,07 Abby Hecko,33 Valeria Cárdenas,21 Montana Roberts,NA,NA,NA
NY @ PHL,Week 2,NY,PHL,2025-04-14 22:12:59,13,1,0,0,0.81621003,0.5352613,09 Cassie Brown,5,NA,NA,NA,03 Liv Player,NA,NA
NY @ PHL,Week 2,NY,PHL,2025-04-14 22:13:41,13,2,0,0,0.19063927,0.7808219,03 Liv Player,10,NA,NA,NA,31 Eli Presberg,NA,NA
NY @ PHL,Week 2,NY,PHL,2025-04-14 22:16:31,13,3,0,0,0.50342464,0.80669713,33 Valeria Cárdenas,4,NA,NA,NA,33 Valeria Cárdenas,NA,NA
NY @ PHL,Week 2,NY,PHL,2025-04-14 22:18:12,13,4,0,0,0.6369863,0.4134957,33 Valeria Cárdenas,5,NA,NA,NA,33 Valeria Cárdenas,NA,NA
NY @ PHL,Week 2,NY,PHL,2025-04-14 22:19:10,13,5,0,0,0.24885845,0.5596144,33 Valeria Cárdenas,22,NA,NA,NA,NA,33 Valeria Cárdenas,NA
NY @ PHL,Week 2,NY,PHL,2025-04-14 22:25:27,14,1,0,0,0.019406393,0.4601725,33 Valeria Cárdenas,7,NA,NA,NA,31 Eli Presberg,NA,NA
NY @ PHL,Week 2,NY,PHL,2025-04-14 22:28:50,14,2,0,1,0.71347034,0.34145105,07 Abby Hecko,2,07 Abby Hecko,31 Eli Presberg,88 Nikki Hair,NA,NA,NA
NY @ PHL,Week 2,NY,PHL,2025-04-14 22:30:20,15,1,0,0,0.5296804,0.6164383,03 Liv Player,6,NA,NA,NA,10 Ella Juengst,NA,NA
NY @ PHL,Week 2,NY,PHL,2025-04-14 22:33:53,16,1,1,0,0.30365297,0.59309995,20 Yina Cartagena,7,NA,NA,NA,NA,20 Yina Cartagena,NA
NY @ PHL,Week 2,NY,PHL,2025-04-14 22:37:23,17,1,1,0,0.61757994,0.7549467,20 Yina Cartagena,18,NA,NA,NA,24 Jolie Krebs,NA,NA
NY @ PHL,Week 2,NY,PHL,2025-04-14 22:39:27,17,2,1,0,0.8436073,0.7361745,33 Valeria Cárdenas,5,NA,NA,NA,66 Janine Hlavaty,NA,NA
NY @ PHL,Week 2,NY,PHL,2025-04-14 22:41:42,17,3,1,0,0.24885845,0.49264333,07 Abby Hecko,4,NA,NA,NA,12 Casey Banta-Ryan,NA,NA
NY @ PHL,Week 2,NY,PHL,2025-04-14 22:48:18,17,4,1,0,0.9292237,0.5022831,20 Yina Cartagena,6,NA,NA,NA,31 Eli Presberg,NA,NA
NY @ PHL,Week 2,NY,PHL,2025-04-14 22:52:17,18,1,1,1,0.49315068,0.6113648,20 Yina Cartagena,7,33 Valeria Cárdenas,31 Eli Presberg,66 Janine Hlavaty,NA,NA,NA
NY @ PHL,Week 2,NY,PHL,2025-04-14 23:00:52,19,1,1,0,0.2089041,0.6555048,20 Yina Cartagena,6,NA,NA,NA,20 Yina Cartagena,NA,NA
NY @ PHL,Week 2,NY,PHL,2025-04-14 23:01:49,19,2,1,1,0.78652966,0.67478436,20 Yina Cartagena,18,24 Jolie Krebs,20 Yina Cartagena,19 Eastelle Ding,NA,NA,NA
NY @ PHL,Week 2,NY,PHL,2025-04-14 23:07:17,21,1,1,0,0.49315068,0.62151194,20 Yina Cartagena,9,NA,NA,NA,33 Valeria Cárdenas,NA,NA
NY @ PHL,Week 2,NY,PHL,2025-04-14 23:12:45,22,1,1,0,0.24657534,0.76306444,20 Yina Cartagena,5,NA,NA,NA,33 Valeria Cárdenas,NA,NA
NY @ PHL,Week 2,NY,PHL,2025-04-14 23:14:18,23,1,1,1,0.51826483,0.6489092,31 Eli Presberg,12,74 Sam Harris,24 Jolie Krebs,00 Genny De Jesus,NA,NA,NA
NY @ PHL,Week 2,NY,PHL,2025-04-14 23:17:37,24,1,0,0,0.21004567,0.5773719,33 Valeria Cárdenas,2,NA,NA,NA,07 Abby Hecko,NA,NA
NY @ PHL,Week 2,NY,PHL,2025-04-14 23:19:50,25,1,1,1,0.025114154,0.58244544,20 Yina Cartagena,7,66 Janine Hlavaty,24 Jolie Krebs,33 Valeria Cárdenas,NA,NA,NA
NY @ PHL,Week 2,NY,PHL,2025-04-14 23:22:36,26,1,0,1,0.35159817,0.63977677,33 Valeria Cárdenas,16,33 Valeria Cárdenas,20 Yina Cartagena,03 Liv Player,NA,NA,NA
NY @ PHL,Week 2,PHL,NY,4/13/25 9:38,1,1,1,0,0.63829786,0.57255185,20 Danielle Walsh,1,NA,NA,NA,20 Danielle Walsh,NA,NA
NY @ PHL,Week 2,PHL,NY,4/13/25 9:39,1,2,1,1,0.52998066,0.5711222,20 Danielle Walsh,10,29 Sara Liang,01 Emily Shields,21 Linda Morse,NA,NA,NA
NY @ PHL,Week 2,PHL,NY,4/13/25 9:44,3,1,1,0,0.68085104,0.5210865,00 Emilie Mohler,2,NA,NA,NA,NA,05 Lindsay McKenna,NA
NY @ PHL,Week 2,PHL,NY,4/13/25 9:44,3,2,1,1,0.7369439,0.43102217,27 Kit Asterin,8,09 Sarah Hirannet,27 Kit Asterin,05 Lindsay McKenna,NA,NA,NA
NY @ PHL,Week 2,PHL,NY,4/13/25 9:49,5,1,1,0,0.52998066,0.60757685,29 Sara Liang,7,NA,NA,NA,23 Natalie Bova,NA,NA
NY @ PHL,Week 2,PHL,NY,4/13/25 9:51,5,2,1,1,0.6711799,0.3216583,20 Danielle Walsh,8,20 Danielle Walsh,29 Sara Liang,19 Grace Maroon,NA,NA,NA
NY @ PHL,Week 2,PHL,NY,4/13/25 10:24,7,1,1,0,0.9361702,0.5654039,20 Danielle Walsh,2,NA,NA,NA,19 Grace Maroon,NA,NA
NY @ PHL,Week 2,PHL,NY,4/13/25 10:25,7,2,1,1,0.93810445,0.41815582,29 Sara Liang,11,21 Linda Morse,19 Grace Maroon,29 Sara Liang,NA,NA,NA
NY @ PHL,Week 2,PHL,NY,4/13/25 10:27,8,1,0,0,0.3056093,0.8127234,27 Kit Asterin,1,NA,NA,NA,27 Kit Asterin,NA,NA
NY @ PHL,Week 2,PHL,NY,4/13/25 10:37,9,1,1,0,0.9477756,0.6132952,29 Sara Liang,2,NA,NA,NA,01 Emily Shields,20 Danielle Walsh,NA
NY @ PHL,Week 2,PHL,NY,4/13/25 10:40,10,1,1,1,0.49903288,0.2680486,08 Joanna Maida,1,NA,08 Joanna Maida,27 Kit Asterin,NA,NA,NA
NY @ PHL,Week 2,PHL,NY,4/13/25 10:42,11,1,0,0,0.001934236,0.75339526,00 Emilie Mohler,18,NA,NA,NA,20 Danielle Walsh,NA,NA
NY @ PHL,Week 2,PHL,NY,4/13/25 10:49,11,2,0,0,0.21856867,0.7090779,29 Sara Liang,5,NA,NA,NA,01 Emily Shields,NA,NA
NY @ PHL,Week 2,PHL,NY,4/13/25 10:53,11,3,0,0,0.93230176,0.7062187,27 Kit Asterin,2,NA,NA,NA,NA,04 Eliana Harnage,NA
NY @ PHL,Week 2,PHL,NY,4/13/25 10:56,12,1,1,0,0.28239846,0.7090779,17 Allie Milligan,6,NA,NA,NA,29 Sara Liang,NA,NA
NY @ PHL,Week 2,PHL,NY,4/13/25 10:58,13,1,1,0,0.63249516,0.6904932,00 Emilie Mohler,1,NA,NA,NA,00 Emilie Mohler,NA,NA
NY @ PHL,Week 2,PHL,NY,4/13/25 10:59,13,2,1,0,0.71953577,0.6690493,27 Kit Asterin,1,NA,NA,NA,27 Kit Asterin,NA,NA
NY @ PHL,Week 2,PHL,NY,4/13/25 11:00,13,3,1,0,0.95357835,0.72265905,08 Joanna Maida,3,NA,NA,NA,05 Lindsay McKenna,NA,NA
NY @ PHL,Week 2,PHL,NY,4/13/25 11:04,13,4,1,0,0.4313346,0.75553966,20 Danielle Walsh,5,NA,NA,NA,NA,20 Danielle Walsh,NA
NY @ PHL,Week 2,PHL,NY,4/13/25 11:10,13,5,1,0,0.7756286,0.81200856,29 Sara Liang,4,NA,NA,NA,29 Sara Liang,NA,NA
NY @ PHL,Week 2,PHL,NY,4/13/25 11:13,13,6,1,0,0.65377176,0.66190135,NA,0,NA,NA,NA,NA,NA,NA
NY @ PHL,Week 2,PHL,NY,4/13/25 11:17,14,1,1,0,0.50870407,0.6297355,29 Sara Liang,26,NA,NA,NA,29 Sara Liang,NA,NA
NY @ PHL,Week 2,PHL,NY,4/14/25 12:20,14,2,1,0,1,0.8213009,20 Danielle Walsh,8,NA,NA,NA,NA,20 Danielle Walsh,NA
NY @ PHL,Week 2,PHL,NY,4/14/25 12:24,15,1,1,0,0.27852997,0.698356,00 Emilie Mohler,2,NA,NA,NA,27 Kit Asterin,NA,NA
NY @ PHL,Week 2,PHL,NY,4/14/25 12:24,15,2,1,1,0.43713734,0.8084346,27 Kit Asterin,11,27 Kit Asterin,05 Lindsay McKenna,27 Kit Asterin,NA,NA,NA
NY @ PHL,Week 2,PHL,NY,4/14/25 12:28,16,1,0,1,0.80851066,0.6147248,29 Sara Liang,10,22 Liz Hart,20 Danielle Walsh,22 Liz Hart,NA,NA,NA
NY @ PHL,Week 2,PHL,NY,4/14/25 12:32,17,1,0,0,0.92843324,0.72337383,27 Kit Asterin,1,NA,NA,NA,27 Kit Asterin,NA,NA
NY @ PHL,Week 2,PHL,NY,4/14/25 12:33,17,2,0,0,0.28239846,0.81772697,27 Kit Asterin,1,NA,NA,NA,27 Kit Asterin,NA,NA
NY @ PHL,Week 2,PHL,NY,4/14/25 12:37,17,3,0,0,0.32301742,0.72480345,29 Sara Liang,2,NA,NA,NA,04 Eliana Harnage,19 Grace Maroon,NA
NY @ PHL,Week 2,PHL,NY,4/14/25 12:38,17,4,0,1,0.9632495,0.56683344,29 Sara Liang,3,20 Danielle Walsh,22 Liz Hart,66 Jess Brand,NA,NA,NA
NY @ PHL,Week 2,PHL,NY,4/14/25 12:50,19,1,0,0,0.85880077,0.81415296,27 Kit Asterin,4,NA,NA,NA,00 Emilie Mohler,09 Sarah Hirannet,NA
NY @ PHL,Week 2,PHL,NY,4/14/25 12:51,20,1,1,1,0.39458415,0.68191564,20 Danielle Walsh,6,01 Emily Shields,22 Liz Hart,19 Grace Maroon,NA,NA,NA
NY @ PHL,Week 2,PHL,NY,4/14/25 12:54,21,1,0,1,0.38491297,0.8241601,27 Kit Asterin,20,04 Eliana Harnage,00 Emilie Mohler,22 Liz Hart,NA,NA,NA
NY @ PHL,Week 2,PHL,NY,4/14/25 12:58,22,1,0,1,0.6943907,0.459614,29 Sara Liang,5,29 Sara Liang,23 Natalie Bova,15 Layne Dodge,NA,NA,NA
NY @ PHL,Week 2,PHL,NY,4/14/25 13:03,24,1,1,0,0.344294,0.726233,17 Allie Milligan,4,NA,NA,NA,20 Danielle Walsh,NA,NA
NY @ PHL,Week 2,PHL,NY,4/14/25 13:04,24,2,1,1,0.7137331,0.41100785,29 Sara Liang,4,05 Lindsay McKenna,29 Sara Liang,05 Lindsay McKenna,NA,NA,NA
NY @ PHL,Week 2,PHL,NY,4/14/25 13:08,26,1,1,0,0.007736944,0.55968547,20 Danielle Walsh,1,NA,NA,NA,20 Danielle Walsh,NA,NA
NY @ PHL,Week 2,PHL,NY,4/14/25 13:13,27,1,1,0,0.5647969,0.79914224,27 Kit Asterin,5,NA,NA,NA,NA,00 Emilie Mohler,NA
