Created,Point,Possession,Thrower,Receiver,Turnover?,Thrower error?,Receiver error?,Throw to endzone?,Assist?,Secondary assist?,Huck?,Swing?,Dump?,From sideline?,To sideline?,Distance (m),Forward distance (m),Left-to-right distance (m),Start X (0 -> 1 = left sideline -> right sideline),Start Y (0 -> 1 = back of opponent endzone -> back of own endzone),End X (0 -> 1 = left sideline -> right sideline),End Y (0 -> 1 = back of opponent endzone -> back of own endzone)
2024-06-22 23:27:19,2,1,10 Andrea DeSabato,20 Danielle Walsh,0,0,0,0,0,0,0,1,0,1,0,15.714307,1.6470957,-15.6277485,0.017713366,0.74195856,0.33816424,0.72694784
2024-06-22 23:27:23,2,1,20 Danielle Walsh,22 Liz Hart,0,0,0,0,0,0,0,0,0,0,0,14.912591,3.6863606,-14.4497795,0.33816424,0.72694784,0.63446057,0.6933524
2024-06-22 23:27:27,2,1,22 Liz Hart,20 Danielle Walsh,0,0,0,0,0,0,0,0,1,0,0,7.2196274,-5.7256193,4.397761,0.63446057,0.6933524,0.5442834,0.7455325
2024-06-22 23:27:35,2,1,20 Danielle Walsh,10 Andrea DeSabato,0,0,0,0,0,0,0,0,0,0,0,12.185523,7.529584,-9.580832,0.5442834,0.7455325,0.7407407,0.67691207
2024-06-22 23:27:39,2,1,10 Andrea DeSabato,21 Linda Morse,0,0,0,0,0,0,0,1,0,0,0,16.725645,6.902114,15.235091,0.7407407,0.67691207,0.4283414,0.61401004
2024-06-22 23:27:42,2,1,21 Linda Morse,01 Emily Shields,0,0,0,0,0,0,0,0,0,0,0,16.353043,10.27475,12.722087,0.4283414,0.61401004,0.16747183,0.5203717
2024-06-22 23:27:50,2,1,01 Emily Shields,20 Danielle Walsh,0,0,0,0,0,0,0,0,1,0,0,8.778948,-6.509958,-5.8898544,0.16747183,0.5203717,0.28824475,0.5796998
2024-06-22 23:27:52,2,1,20 Danielle Walsh,01 Emily Shields,0,0,0,0,0,0,0,0,0,0,0,7.9092617,5.098156,-6.046919,0.28824475,0.5796998,0.41223833,0.53323805
2024-06-22 23:27:56,2,1,01 Emily Shields,22 Liz Hart,0,0,0,0,0,0,0,0,0,0,0,10.166236,5.0981593,-8.795517,0.41223833,0.53323805,0.5925926,0.48677626
2024-06-22 23:27:59,2,1,22 Liz Hart,03 Rachel Alfano,0,0,0,0,0,0,0,0,0,0,0,9.844712,6.039354,-7.77461,0.5925926,0.48677626,0.7520129,0.43173695
2024-06-22 23:28:06,2,1,03 Rachel Alfano,20 Danielle Walsh,0,0,0,0,0,0,0,0,1,0,0,10.643758,-3.9216576,9.894958,0.7520129,0.43173695,0.54911435,0.46747676
2024-06-22 23:28:12,2,1,20 Danielle Walsh,21 Linda Morse,0,0,0,0,0,0,0,1,0,0,0,17.983791,2.9020252,17.748098,0.54911435,0.46747676,0.18518518,0.4410293
2024-06-22 23:28:17,2,1,21 Linda Morse,20 Danielle Walsh,0,0,0,0,0,0,0,0,1,0,0,8.639845,-1.6470957,-8.481392,0.18518518,0.4410293,0.35909823,0.45604002
2024-06-22 23:28:20,2,1,20 Danielle Walsh,21 Linda Morse,0,0,0,0,0,0,0,0,0,0,0,6.926111,4.3138237,-5.4186664,0.35909823,0.45604002,0.47020933,0.41672623
2024-06-22 23:28:36,2,1,21 Linda Morse,20 Danielle Walsh,0,0,0,0,0,0,0,0,1,0,0,8.673542,-4.000092,7.696077,0.47020933,0.41672623,0.31239936,0.45318085
2024-06-22 23:28:39,2,1,20 Danielle Walsh,21 Linda Morse,0,0,0,0,0,0,0,0,1,0,0,7.590519,-6.5883827,3.7695076,0.31239936,0.45318085,0.23510467,0.5132237
2024-06-22 23:28:53,2,1,21 Linda Morse,20 Danielle Walsh,1,1,0,0,0,0,0,0,0,0,0,8.216665,3.7647886,-7.3034215,0.23510467,0.5132237,0.38486314,0.47891352
2024-06-22 23:29:38,2,2,10 Andrea DeSabato,20 Danielle Walsh,0,0,0,0,0,0,0,0,1,0,0,10.313294,-5.255025,8.874049,0.33494365,0.8463188,0.15297906,0.89421016
2024-06-22 23:29:58,2,2,20 Danielle Walsh,01 Emily Shields,0,0,0,0,0,0,0,0,0,0,1,12.833909,12.706171,1.806222,0.15297906,0.89421016,0.11594203,0.7784132
2024-06-22 23:30:07,2,2,01 Emily Shields,09 Sarah Hirannet,1,1,0,0,0,0,0,0,0,1,1,12.71433,12.549309,2.0418165,0.11594203,0.7784132,0.074074075,0.66404575
2024-06-22 23:32:03,3,1,04 Raha Mozaffari,05 Lindsay McKenna,0,0,0,0,0,0,1,0,0,0,0,40.913307,39.451878,-10.837335,0.36553946,0.66047174,0.5877617,0.30092925
2024-06-22 23:32:06,3,1,05 Lindsay McKenna,23 Natalie Bova,0,0,0,0,0,0,0,0,1,0,0,8.647798,-6.980549,5.104542,0.5877617,0.30092925,0.4830918,0.3645461
2024-06-22 23:32:10,3,1,23 Natalie Bova,05 Lindsay McKenna,0,0,0,0,0,0,0,0,1,0,0,7.175681,-5.411891,-4.7118826,0.4830918,0.3645461,0.5797101,0.41386706
2024-06-22 23:32:17,3,1,05 Lindsay McKenna,23 Natalie Bova,0,0,0,0,0,0,0,0,1,0,0,8.170646,-8.157047,-0.4711893,0.5797101,0.41386706,0.589372,0.48820585
2024-06-22 23:32:34,3,1,23 Natalie Bova,13 Kat Harper,0,0,0,0,0,0,0,0,0,0,0,17.704613,13.490503,-11.465586,0.589372,0.48820585,0.82447666,0.3652609
2024-06-22 23:32:38,3,1,13 Kat Harper,05 Lindsay McKenna,0,0,0,0,0,0,0,0,1,0,0,10.226509,-10.196312,-0.78531253,0.82447666,0.3652609,0.8405797,0.45818442
2024-06-22 23:32:53,3,1,05 Lindsay McKenna,04 Raha Mozaffari,0,0,0,0,0,0,0,0,0,0,1,7.7267065,6.3530855,-4.397761,0.8405797,0.45818442,0.93075687,0.40028593
2024-06-22 23:33:13,3,1,04 Raha Mozaffari,18 Sumi Onoe,0,0,0,0,0,0,0,0,0,1,0,35.92933,10.117881,34.475285,0.93075687,0.40028593,0.22383253,0.3080772
2024-06-22 23:33:16,3,1,18 Sumi Onoe,04 Raha Mozaffari,0,0,0,0,0,0,0,0,1,0,0,7.8423333,-7.764884,1.0994402,0.22383253,0.3080772,0.20128824,0.37884203
2024-06-22 23:33:19,3,1,04 Raha Mozaffari,18 Sumi Onoe,0,0,0,0,0,0,0,0,1,0,0,6.448757,-6.43152,-0.47118855,0.20128824,0.37884203,0.21095008,0.43745533
2024-06-22 23:33:29,3,1,18 Sumi Onoe,05 Lindsay McKenna,0,0,0,0,0,1,0,0,0,0,0,17.887072,17.882761,-0.392657,0.21095008,0.43745533,0.2190016,0.27448177
2024-06-22 23:33:31,3,1,05 Lindsay McKenna,23 Natalie Bova,0,0,0,1,1,0,0,0,0,0,1,21.554798,20.941656,5.104541,0.2190016,0.27448177,0.11433172,0.083631165
2024-06-22 23:35:17,4,1,04 Raha Mozaffari,18 Sumi Onoe,0,0,0,0,0,0,0,1,0,1,0,24.187674,0.0,24.187674,0.96457326,0.83416724,0.46859902,0.83416724
2024-06-22 23:35:29,4,1,18 Sumi Onoe,04 Raha Mozaffari,0,0,0,0,0,0,0,0,1,0,0,8.226988,-5.019725,6.518105,0.46859902,0.83416724,0.33494365,0.8799142
2024-06-22 23:35:33,4,1,04 Raha Mozaffari,18 Sumi Onoe,0,0,0,0,0,0,0,0,0,0,0,10.851037,1.4117954,-10.758803,0.33494365,0.8799142,0.5555556,0.8670479
2024-06-22 23:35:41,4,1,18 Sumi Onoe,66 Jess Brand,0,0,0,0,0,0,0,0,0,0,0,14.569749,1.0980637,14.528312,0.5555556,0.8670479,0.25764894,0.85704076
2024-06-22 23:35:46,4,1,66 Jess Brand,04 Raha Mozaffari,0,0,0,0,0,0,0,0,0,0,0,7.6148896,7.4511523,-1.570628,0.25764894,0.85704076,0.28985506,0.7891351
2024-06-22 23:35:52,4,1,04 Raha Mozaffari,33 Jana Graham,1,1,0,0,0,0,0,0,0,0,0,34.842403,34.74589,2.591536,0.28985506,0.7891351,0.23671497,0.47248036
2024-06-22 23:37:46,5,1,10 Andrea DeSabato,03 Rachel Alfano,0,0,0,0,0,0,0,0,0,1,1,12.58506,12.078708,-3.5339153,0.88727856,0.5025018,0.95974237,0.39242315
2024-06-22 23:37:50,5,1,03 Rachel Alfano,22 Liz Hart,0,0,0,0,0,1,0,0,0,1,1,15.926772,15.921931,-0.39265627,0.95974237,0.39242315,0.9677939,0.24731952
2024-06-22 23:38:01,5,1,22 Liz Hart,03 Rachel Alfano,0,0,0,1,1,0,0,0,0,1,0,30.949486,26.039812,16.727188,0.9677939,0.24731952,0.6247987,0.010007148
2024-06-22 23:40:17,7,1,10 Andrea DeSabato,20 Danielle Walsh,0,0,0,0,0,0,0,0,0,1,0,12.565024,0.0,12.565024,0.9452496,0.6919228,0.6876007,0.6919228
2024-06-22 23:40:25,7,1,20 Danielle Walsh,21 Linda Morse,0,0,0,0,0,0,0,0,0,0,0,39.290382,39.138145,3.455382,0.6876007,0.6919228,0.6167472,0.33523947
2024-06-22 23:40:41,7,1,21 Linda Morse,22 Liz Hart,1,1,1,0,0,0,0,0,0,0,0,11.130446,4.9412904,9.973489,0.6167472,0.33523947,0.41223833,0.2902073
2024-06-22 23:43:19,8,1,10 Andrea DeSabato,20 Danielle Walsh,0,0,0,0,0,0,0,0,0,0,0,9.874972,5.8824883,-7.9316716,0.273752,0.7312366,0.4363929,0.67762685
2024-06-22 23:43:44,8,1,20 Danielle Walsh,21 Linda Morse,0,0,0,0,0,0,0,0,0,0,0,12.617769,10.117874,-7.539014,0.4363929,0.67762685,0.59098226,0.58541816
2024-06-22 23:43:46,8,1,21 Linda Morse,05 Lindsay McKenna,1,1,0,0,0,0,0,0,0,0,0,36.826702,36.079258,7.381951,0.59098226,0.58541816,0.43961352,0.25661185
2024-06-22 23:44:47,8,2,20 Danielle Walsh,21 Linda Morse,1,1,0,1,0,0,1,0,0,0,0,40.682175,38.667553,12.643558,0.77133656,0.45675483,0.5120773,0.10436026
2024-06-22 23:48:53,9,1,04 Raha Mozaffari,11 Sara Liang,0,0,0,0,0,0,0,0,0,0,0,12.21718,11.921839,-2.6700668,0.7600644,0.72122943,0.8148148,0.6125804
2024-06-22 23:48:56,9,1,11 Sara Liang,05 Lindsay McKenna,0,0,0,0,0,0,0,0,0,0,0,21.014416,8.627647,19.161663,0.8148148,0.6125804,0.42190015,0.53395283
2024-06-22 23:49:00,9,1,05 Lindsay McKenna,18 Sumi Onoe,1,1,0,0,0,0,0,0,0,0,0,14.608419,3.6863606,-14.135653,0.42190015,0.53395283,0.7117552,0.5003574
2024-06-22 23:50:58,10,1,20 Danielle Walsh,21 Linda Morse,0,0,0,0,0,0,0,0,0,0,0,15.374074,14.980737,-3.455382,0.24798712,0.43102217,0.3188406,0.29449606
2024-06-22 23:51:03,10,1,21 Linda Morse,20 Danielle Walsh,0,0,0,0,0,0,0,0,1,0,0,8.768268,-6.19622,-6.2039804,0.3188406,0.29449606,0.44605476,0.35096496
2024-06-22 23:51:05,10,1,20 Danielle Walsh,10 Andrea DeSabato,0,0,0,0,0,0,0,0,0,0,0,6.340377,5.098156,3.769507,0.44605476,0.35096496,0.36876008,0.3045032
2024-06-22 23:51:09,10,1,10 Andrea DeSabato,01 Emily Shields,0,0,0,0,0,1,0,0,0,0,0,9.677281,9.255113,2.8271313,0.36876008,0.3045032,0.31078905,0.22015725
2024-06-22 23:51:10,10,1,01 Emily Shields,09 Sarah Hirannet,0,0,0,1,1,0,0,0,0,0,0,11.069108,11.059075,-0.47118783,0.31078905,0.22015725,0.32045087,0.11937098
2024-06-22 23:53:52,12,1,10 Andrea DeSabato,23 Natalie Bova,0,0,0,0,0,0,0,0,0,0,0,14.554705,7.6080184,12.407961,0.79710144,0.47390994,0.5426731,0.4045747
2024-06-22 23:53:58,12,1,23 Natalie Bova,20 Danielle Walsh,0,0,0,0,0,0,0,0,1,0,0,7.877243,-7.6080184,-2.0418172,0.5426731,0.4045747,0.5845411,0.47390994
2024-06-22 23:54:12,12,1,20 Danielle Walsh,23 Natalie Bova,0,0,0,0,0,0,0,0,0,0,0,8.070454,1.4902298,7.931673,0.5845411,0.47390994,0.42190015,0.46032882
2024-06-22 23:54:16,12,1,23 Natalie Bova,09 Sarah Hirannet,1,1,0,0,0,0,0,0,0,0,0,15.967262,14.4317045,6.8322315,0.42190015,0.46032882,0.28180355,0.32880628
2024-06-22 23:55:41,13,1,04 Raha Mozaffari,11 Sara Liang,0,0,0,0,0,0,0,0,0,0,0,10.1282835,9.725711,-2.8271313,0.4347826,0.7090779,0.49275362,0.62044317
2024-06-22 23:56:01,13,1,11 Sara Liang,15 Layne Dodge,1,1,0,0,0,0,0,0,0,0,0,9.3977995,7.0589833,-6.203982,0.49275362,0.62044317,0.6199678,0.5561115
2024-06-22 23:56:21,13,2,04 Raha Mozaffari,05 Lindsay McKenna,0,0,0,0,0,0,0,0,0,0,0,11.861277,9.961012,6.439575,0.29951692,0.8327377,0.16747183,0.74195856
2024-06-22 23:56:28,13,2,05 Lindsay McKenna,04 Raha Mozaffari,1,1,0,0,0,0,0,0,1,0,0,8.305071,-4.941287,-6.6751685,0.16747183,0.74195856,0.3043478,0.7869907
2024-06-22 23:58:49,14,1,20 Danielle Walsh,10 Andrea DeSabato,0,0,0,0,0,0,0,0,0,0,0,10.558024,7.843322,7.0678277,0.6876007,0.6997856,0.5426731,0.6283059
2024-06-22 23:58:52,14,1,10 Andrea DeSabato,22 Liz Hart,0,0,0,0,0,0,0,0,0,0,0,12.099746,8.706079,-8.40286,0.5426731,0.6283059,0.71497583,0.54896355
2024-06-22 23:59:00,14,1,22 Liz Hart,01 Emily Shields,0,0,0,0,0,0,0,0,0,0,0,14.610871,14.196404,-3.455382,0.71497583,0.54896355,0.7858293,0.4195854
2024-06-22 23:59:04,14,1,01 Emily Shields,20 Danielle Walsh,0,0,0,0,0,0,0,0,1,0,0,10.3087225,-7.92175,6.596638,0.7858293,0.4195854,0.6505636,0.49177983
2024-06-22 23:59:06,14,1,20 Danielle Walsh,21 Linda Morse,0,0,0,0,0,0,0,0,0,0,0,14.150783,6.19622,12.722087,0.6505636,0.49177983,0.38969404,0.43531093
2024-06-22 23:59:12,14,1,21 Linda Morse,20 Danielle Walsh,0,0,0,0,0,1,0,0,0,0,0,7.830111,5.333453,-5.732793,0.38969404,0.43531093,0.5072464,0.3867048
2024-06-22 23:59:15,14,1,20 Danielle Walsh,22 Liz Hart,0,0,0,1,1,0,0,0,0,0,0,29.812717,29.412437,4.868947,0.5072464,0.3867048,0.4074074,0.11865618
2024-06-23 00:00:39,15,1,05 Lindsay McKenna,13 Kat Harper,0,0,0,0,0,0,0,0,0,0,0,13.155676,9.0982485,9.502299,0.37520128,0.698356,0.18035427,0.6154396
2024-06-23 00:00:44,15,1,13 Kat Harper,05 Lindsay McKenna,0,0,0,0,0,0,0,0,1,0,0,12.397707,-2.3529966,-12.172368,0.18035427,0.6154396,0.4299517,0.6368835
2024-06-23 00:00:50,15,1,05 Lindsay McKenna,11 Sara Liang,0,0,0,0,0,0,0,0,0,0,0,9.361189,2.9804597,-8.874047,0.4299517,0.6368835,0.61191624,0.60972124
2024-06-23 00:00:55,15,1,11 Sara Liang,05 Lindsay McKenna,0,0,0,0,0,0,0,0,0,0,0,5.771518,4.0785236,-4.0836344,0.61191624,0.60972124,0.6956522,0.57255185
2024-06-23 00:01:06,15,1,05 Lindsay McKenna,13 Kat Harper,0,0,0,0,0,1,0,0,0,0,0,35.965633,32.392902,15.62775,0.6956522,0.57255185,0.37520128,0.27734095
2024-06-23 00:01:21,15,1,13 Kat Harper,11 Sara Liang,0,0,0,1,1,0,0,0,0,0,0,14.001989,13.568936,3.455382,0.37520128,0.27734095,0.3043478,0.1536812
2024-06-23 00:03:42,17,1,10 Andrea DeSabato,20 Danielle Walsh,0,0,0,0,0,0,0,0,0,0,0,9.67919,9.64728,-0.785314,0.39130434,0.7691208,0.4074074,0.68120086
2024-06-23 00:03:52,17,1,20 Danielle Walsh,21 Linda Morse,0,0,0,0,0,0,0,1,0,0,0,17.15812,5.490319,-16.255999,0.4074074,0.68120086,0.7407407,0.63116515
2024-06-23 00:04:07,17,1,21 Linda Morse,20 Danielle Walsh,0,0,0,0,0,0,0,0,1,0,0,13.984137,-11.294375,8.245796,0.7407407,0.63116515,0.5716586,0.7340958
2024-06-23 00:04:10,17,1,20 Danielle Walsh,23 Natalie Bova,0,0,0,0,0,0,0,0,0,0,0,11.795487,9.882581,6.439575,0.5716586,0.7340958,0.43961352,0.64403147
2024-06-23 00:04:12,17,1,23 Natalie Bova,05 Lindsay McKenna,0,0,0,0,0,0,0,0,0,0,0,11.8763895,8.470785,8.324327,0.43961352,0.64403147,0.2689211,0.56683344
2024-06-23 00:04:19,17,1,05 Lindsay McKenna,23 Natalie Bova,0,0,0,0,0,0,0,0,0,0,1,10.824805,7.843315,7.460484,0.2689211,0.56683344,0.11594203,0.49535382
2024-06-23 00:04:23,17,1,23 Natalie Bova,01 Emily Shields,0,0,0,0,0,0,0,0,0,1,0,8.721914,5.8824883,-6.439575,0.11594203,0.49535382,0.24798712,0.4417441
2024-06-23 00:04:47,17,1,01 Emily Shields,10 Andrea DeSabato,0,0,0,0,0,0,0,0,1,0,0,15.977972,-15.059168,-5.340135,0.24798712,0.4417441,0.35748792,0.578985
2024-06-23 00:04:49,17,1,10 Andrea DeSabato,20 Danielle Walsh,0,0,0,0,0,0,0,0,0,0,0,9.65697,6.7452517,6.910763,0.35748792,0.578985,0.215781,0.5175125
2024-06-23 00:05:04,17,1,20 Danielle Walsh,10 Andrea DeSabato,0,0,0,0,0,0,0,1,0,0,0,16.727373,0.078431256,-16.727188,0.215781,0.5175125,0.55877614,0.5167977
2024-06-23 00:05:08,17,1,10 Andrea DeSabato,20 Danielle Walsh,0,0,0,0,0,0,0,0,1,0,0,7.9446397,-4.8628554,6.2825108,0.55877614,0.5167977,0.4299517,0.5611151
2024-06-23 00:05:12,17,1,20 Danielle Walsh,01 Emily Shields,0,0,0,0,0,0,0,0,0,0,0,18.44011,14.745436,11.072928,0.4299517,0.5611151,0.20289855,0.42673337
2024-06-23 00:05:18,17,1,01 Emily Shields,20 Danielle Walsh,0,0,0,0,0,0,0,0,0,0,0,7.372718,7.372718,0.0,0.20289855,0.42673337,0.20289855,0.35954252
2024-06-23 00:05:38,17,1,20 Danielle Walsh,21 Linda Morse,0,0,0,0,0,0,0,0,0,0,0,13.35034,0.0,-13.35034,0.20289855,0.35954252,0.47665057,0.35954252
2024-06-23 00:05:42,17,1,21 Linda Morse,20 Danielle Walsh,0,0,0,0,0,0,0,0,1,0,0,12.415354,-3.921661,11.779711,0.47665057,0.35954252,0.23510467,0.39528236
2024-06-23 00:05:47,17,1,20 Danielle Walsh,05 Lindsay McKenna,1,0,1,0,0,0,0,0,0,0,1,12.407731,10.745344,6.2039804,0.23510467,0.39528236,0.1078905,0.29735526
2024-06-23 00:08:05,18,1,04 Raha Mozaffari,15 Layne Dodge,0,0,0,0,0,1,0,0,0,0,0,18.997065,18.980825,0.78531253,0.8115942,0.5982845,0.79549116,0.4253038
2024-06-23 00:08:23,18,1,15 Layne Dodge,66 Jess Brand,0,0,0,1,1,0,1,0,0,0,0,41.854713,41.80488,2.0418172,0.79549116,0.4253038,0.7536232,0.04431737
2024-06-23 00:09:34,19,1,04 Raha Mozaffari,18 Sumi Onoe,0,0,0,0,0,0,0,0,0,0,1,10.578264,8.39235,6.439575,0.28180355,0.39313796,0.14975846,0.31665474
2024-06-23 00:09:43,19,1,18 Sumi Onoe,04 Raha Mozaffari,0,0,0,0,0,0,0,0,1,1,0,12.172743,-12.000277,-2.0418165,0.14975846,0.31665474,0.19162641,0.4260186
2024-06-23 00:09:46,19,1,04 Raha Mozaffari,18 Sumi Onoe,0,0,0,0,0,0,0,0,0,0,0,10.080631,5.5687566,-8.402861,0.19162641,0.4260186,0.36392915,0.37526804
2024-06-23 00:09:54,19,1,18 Sumi Onoe,13 Kat Harper,0,0,0,0,0,0,0,0,0,0,0,11.092485,8.549213,7.0678267,0.36392915,0.37526804,0.2190016,0.29735526
2024-06-23 00:09:57,19,1,13 Kat Harper,18 Sumi Onoe,0,0,0,0,0,0,0,0,1,0,0,10.326775,-8.313912,-6.1254497,0.2190016,0.29735526,0.34460548,0.37312365
2024-06-23 00:10:00,19,1,18 Sumi Onoe,13 Kat Harper,0,0,0,0,0,0,0,0,0,0,0,10.540239,6.0393505,-8.638454,0.34460548,0.37312365,0.5217391,0.31808436
2024-06-23 00:10:10,19,1,13 Kat Harper,18 Sumi Onoe,0,0,0,0,0,0,0,0,0,0,0,6.364716,1.0196325,-6.282512,0.5217391,0.31808436,0.6505636,0.308792
2024-06-23 00:10:11,19,1,18 Sumi Onoe,04 Raha Mozaffari,1,1,0,0,0,0,0,0,1,0,0,13.245628,-1.1764983,13.193275,0.6505636,0.308792,0.3800322,0.31951395
2024-06-23 00:11:25,19,2,20 Danielle Walsh,11 Sara Liang,0,0,0,0,0,0,0,0,0,0,0,17.354742,8.862947,-14.920966,0.4380032,0.68334526,0.74396133,0.6025733
2024-06-23 00:11:27,19,2,11 Sara Liang,05 Lindsay McKenna,1,1,0,0,0,0,0,0,0,0,0,24.551592,24.549582,-0.3141262,0.74396133,0.6025733,0.75040257,0.37884203
2024-06-23 00:12:23,19,3,10 Andrea DeSabato,11 Sara Liang,0,0,0,0,0,0,0,0,0,0,0,12.649636,0.39216283,-12.643556,0.17874396,0.6568978,0.4380032,0.6533238
2024-06-23 00:12:35,19,3,11 Sara Liang,05 Lindsay McKenna,0,0,0,0,0,0,0,0,0,0,0,12.342179,3.1373289,-11.936773,0.4380032,0.6533238,0.6827697,0.62473196
2024-06-23 00:12:43,19,3,05 Lindsay McKenna,09 Sarah Hirannet,0,0,0,0,0,0,1,0,0,0,0,51.914085,50.04036,13.821526,0.6827697,0.62473196,0.3993559,0.16869192
2024-06-23 00:12:51,19,3,09 Sarah Hirannet,05 Lindsay McKenna,0,0,0,0,0,0,0,0,1,0,0,8.754205,-4.3138237,-7.617547,0.3993559,0.16869192,0.5555556,0.20800571
2024-06-23 00:12:58,19,3,05 Lindsay McKenna,20 Danielle Walsh,0,0,0,0,0,0,0,0,1,0,0,8.603938,-4.000092,7.617547,0.5555556,0.20800571,0.3993559,0.24446033
2024-06-23 00:13:01,19,3,20 Danielle Walsh,05 Lindsay McKenna,0,0,0,0,0,0,0,0,1,0,0,6.7714825,-4.7059884,-4.868947,0.3993559,0.24446033,0.49919486,0.2873481
2024-06-23 00:13:14,19,3,05 Lindsay McKenna,20 Danielle Walsh,0,0,0,0,0,0,0,0,0,0,0,7.40234,-0.54903513,-7.381951,0.49919486,0.2873481,0.6505636,0.2923517
2024-06-23 00:13:16,19,3,20 Danielle Walsh,05 Lindsay McKenna,0,0,0,0,0,0,0,0,0,0,0,6.0600147,3.6079261,-4.868947,0.6505636,0.2923517,0.75040257,0.25947106
2024-06-23 00:13:43,19,3,05 Lindsay McKenna,20 Danielle Walsh,0,0,0,0,0,1,0,0,0,0,1,6.7433925,4.3138256,-5.1830735,0.75040257,0.25947106,0.8566828,0.22015725
2024-06-23 00:13:48,19,3,20 Danielle Walsh,05 Lindsay McKenna,0,0,0,1,1,0,0,0,0,1,0,11.425752,11.294374,1.727691,0.8566828,0.22015725,0.82125604,0.11722659
2024-06-23 00:17:38,20,1,04 Raha Mozaffari,11 Sara Liang,0,0,0,0,0,0,0,0,1,1,1,7.199126,-7.0589833,-1.4135653,0.10305958,0.72265905,0.13204509,0.7869907
2024-06-23 00:17:41,20,1,11 Sara Liang,13 Kat Harper,0,0,0,0,0,0,0,0,0,1,1,18.968233,18.35336,4.790416,0.13204509,0.7869907,0.033816423,0.6197284
2024-06-23 00:17:48,20,1,13 Kat Harper,33 Jana Graham,0,0,0,0,0,0,0,0,1,1,0,10.653243,-6.7452517,-8.245797,0.033816423,0.6197284,0.20289855,0.68120086
2024-06-23 00:17:53,20,1,33 Jana Graham,18 Sumi Onoe,0,0,0,0,0,0,0,0,0,0,0,12.221795,1.0980637,-12.172367,0.20289855,0.68120086,0.45249596,0.6711937
2024-06-23 00:18:00,20,1,18 Sumi Onoe,04 Raha Mozaffari,0,0,0,0,0,0,0,0,1,0,0,11.125358,-4.2353926,-10.287615,0.45249596,0.6711937,0.66344607,0.70979273
2024-06-23 00:18:05,20,1,04 Raha Mozaffari,05 Lindsay McKenna,0,0,0,0,0,0,0,0,0,0,0,14.720727,14.667005,-1.2565018,0.66344607,0.70979273,0.68921095,0.5761258
2024-06-23 00:18:12,20,1,05 Lindsay McKenna,04 Raha Mozaffari,0,0,0,0,0,0,0,1,0,0,0,15.732901,3.6079228,15.313623,0.68921095,0.5761258,0.37520128,0.5432452
2024-06-23 00:18:15,20,1,04 Raha Mozaffari,15 Layne Dodge,0,0,0,0,0,0,0,0,0,0,0,11.061349,5.0981593,9.816425,0.37520128,0.5432452,0.17391305,0.4967834
2024-06-23 00:18:27,20,1,15 Layne Dodge,04 Raha Mozaffari,0,0,0,0,0,0,0,0,1,0,0,4.7651644,-4.47069,-1.6491596,0.17391305,0.4967834,0.20772947,0.5375268
2024-06-23 00:18:31,20,1,04 Raha Mozaffari,15 Layne Dodge,0,0,0,0,0,0,0,0,1,0,0,6.836745,-3.8432298,-5.6542606,0.20772947,0.5375268,0.3236715,0.57255185
2024-06-23 00:18:45,20,1,15 Layne Dodge,04 Raha Mozaffari,1,1,0,0,0,0,0,0,0,0,0,11.223102,8.313919,-7.5390153,0.3236715,0.57255185,0.47826087,0.4967834
2024-06-23 00:19:24,20,2,04 Raha Mozaffari,11 Sara Liang,1,1,0,0,0,0,0,0,1,0,0,9.859249,-8.78451,-4.4762907,0.29146537,0.83774126,0.38325283,0.9177984
2024-06-23 00:20:22,21,1,10 Andrea DeSabato,20 Danielle Walsh,0,0,0,0,0,0,0,0,0,0,0,9.475976,9.41198,1.0994388,0.6006441,0.6954968,0.57809985,0.60972124
2024-06-23 00:20:25,21,1,20 Danielle Walsh,09 Sarah Hirannet,0,0,0,0,0,0,0,0,0,0,0,8.726759,6.9021206,-5.3401365,0.57809985,0.60972124,0.6876007,0.54681915
2024-06-23 00:20:28,21,1,09 Sarah Hirannet,01 Emily Shields,0,0,0,0,0,0,0,0,0,0,0,13.381748,12.235574,-5.4186664,0.6876007,0.54681915,0.7987118,0.43531093
2024-06-23 00:20:33,21,1,01 Emily Shields,23 Natalie Bova,0,0,0,0,0,0,0,0,0,0,1,10.000347,7.843315,-6.203979,0.7987118,0.43531093,0.9259259,0.3638313
2024-06-23 00:20:37,21,1,23 Natalie Bova,22 Liz Hart,0,0,0,0,0,0,0,0,0,1,1,5.9290113,5.6471877,-1.8062241,0.9259259,0.3638313,0.962963,0.31236598
2024-06-23 00:20:43,21,1,22 Liz Hart,20 Danielle Walsh,1,1,0,1,0,0,0,0,0,1,1,17.885073,17.647463,2.9056628,0.962963,0.31236598,0.90338165,0.1515368
2024-06-23 00:22:12,21,2,10 Andrea DeSabato,05 Lindsay McKenna,0,0,0,0,0,0,0,0,0,0,0,33.35708,9.804149,31.883747,0.80515295,0.8370265,0.15136877,0.7476769
2024-06-23 00:22:23,21,2,05 Lindsay McKenna,22 Liz Hart,1,1,0,0,0,0,0,1,0,0,0,18.665459,3.6863606,-18.297815,0.15136877,0.7476769,0.52657,0.71408147
2024-06-23 00:23:41,22,1,10 Andrea DeSabato,20 Danielle Walsh,0,0,0,0,0,0,0,0,0,0,0,13.865952,10.588481,8.95258,0.5024155,0.656183,0.3188406,0.55968547
2024-06-23 00:23:43,22,1,20 Danielle Walsh,22 Liz Hart,0,0,0,0,0,0,0,0,0,0,1,9.991019,5.019718,8.638454,0.3188406,0.55968547,0.14170693,0.51393855
2024-06-23 00:23:48,22,1,22 Liz Hart,21 Linda Morse,0,0,0,0,0,0,0,0,0,1,1,11.478141,11.451244,0.785314,0.14170693,0.51393855,0.12560387,0.40957826
2024-06-23 00:23:53,22,1,21 Linda Morse,10 Andrea DeSabato,0,0,0,0,0,0,0,0,1,1,0,10.477723,-5.1765904,-9.109643,0.12560387,0.40957826,0.31239936,0.45675483
2024-06-23 00:23:56,22,1,10 Andrea DeSabato,01 Emily Shields,0,0,0,0,0,0,0,0,0,0,0,13.943471,3.1373289,-13.585932,0.31239936,0.45675483,0.59098226,0.42816296
2024-06-23 00:23:59,22,1,01 Emily Shields,09 Sarah Hirannet,0,0,0,0,0,0,0,0,0,0,0,12.892968,8.627647,-9.580832,0.59098226,0.42816296,0.7874396,0.34953538
2024-06-23 00:24:04,22,1,09 Sarah Hirannet,10 Andrea DeSabato,0,0,0,0,0,0,0,0,1,0,0,14.662802,-9.333549,11.308519,0.7874396,0.34953538,0.5555556,0.43459615
2024-06-23 00:24:16,22,1,10 Andrea DeSabato,20 Danielle Walsh,0,0,0,0,0,0,0,0,0,0,0,11.277251,7.6080184,8.324329,0.5555556,0.43459615,0.38486314,0.3652609
2024-06-23 00:24:21,22,1,20 Danielle Walsh,01 Emily Shields,0,0,0,0,0,1,0,0,0,0,0,15.736405,13.255204,8.481393,0.38486314,0.3652609,0.21095008,0.24446033
2024-06-23 00:24:23,22,1,01 Emily Shields,22 Liz Hart,0,0,0,1,1,0,0,0,0,0,0,15.719425,15.529767,2.4344735,0.21095008,0.24446033,0.16103059,0.102930665
2024-06-23 00:27:31,24,1,20 Danielle Walsh,10 Andrea DeSabato,0,0,0,0,0,0,0,0,0,0,0,10.344432,6.8236895,7.7746086,0.52818036,0.7147963,0.36876008,0.652609
2024-06-23 00:27:36,24,1,10 Andrea DeSabato,09 Sarah Hirannet,0,0,0,0,0,0,0,0,0,0,0,12.766226,7.451146,-10.366145,0.36876008,0.652609,0.58132046,0.5847034
2024-06-23 00:27:40,24,1,09 Sarah Hirannet,20 Danielle Walsh,0,0,0,0,0,0,0,0,1,0,0,11.089832,-2.35299,10.837335,0.58132046,0.5847034,0.35909823,0.6061472
2024-06-23 00:27:57,24,1,20 Danielle Walsh,10 Andrea DeSabato,0,0,0,0,0,0,0,0,1,0,0,9.084865,-2.2745652,-8.795517,0.35909823,0.6061472,0.5394525,0.62687635
2024-06-23 00:28:03,24,1,10 Andrea DeSabato,03 Rachel Alfano,0,0,0,0,0,0,0,0,0,0,0,15.044487,9.64728,-11.544115,0.5394525,0.62687635,0.77616745,0.5389564
2024-06-23 00:28:08,24,1,03 Rachel Alfano,21 Linda Morse,0,0,0,0,0,0,0,0,0,0,1,12.4202795,11.13751,-5.4971995,0.77616745,0.5389564,0.8888889,0.43745533
2024-06-23 00:28:13,24,1,21 Linda Morse,23 Natalie Bova,1,1,0,1,0,0,0,0,0,1,0,36.366375,34.589024,11.229992,0.8888889,0.43745533,0.6586151,0.122230165
2024-06-23 00:29:13,24,2,03 Rachel Alfano,20 Danielle Walsh,0,0,0,0,0,0,0,0,0,0,0,9.488658,7.843315,5.340135,0.42028984,0.71908504,0.31078905,0.6476054
2024-06-23 00:29:22,24,2,20 Danielle Walsh,01 Emily Shields,0,0,0,0,0,0,0,0,0,0,0,12.005349,11.921839,1.4135649,0.31078905,0.6476054,0.28180355,0.5389564
2024-06-23 00:29:26,24,2,01 Emily Shields,10 Andrea DeSabato,0,0,0,0,0,0,0,0,0,0,1,8.16491,5.019725,6.439575,0.28180355,0.5389564,0.14975846,0.49320942
2024-06-23 00:29:30,24,2,10 Andrea DeSabato,21 Linda Morse,1,1,0,0,0,0,0,0,0,1,0,27.609478,27.608473,-0.23559391,0.14975846,0.49320942,0.15458937,0.24160114
2024-06-23 00:33:08,25,1,07 Nikki Ross,20 Danielle Walsh,1,1,0,0,0,0,0,0,0,0,0,12.111536,7.608015,9.423768,0.60708535,0.5782702,0.41384864,0.508935
2024-06-23 00:37:31,26,1,04 Raha Mozaffari,11 Sara Liang,0,0,0,0,0,0,0,0,0,0,0,15.523713,7.921753,13.350337,0.67310786,0.80271626,0.3993559,0.7305218
2024-06-23 00:37:48,26,1,11 Sara Liang,05 Lindsay McKenna,0,0,0,0,0,0,0,0,0,0,0,16.71903,12.86304,10.680271,0.3993559,0.7305218,0.18035427,0.6132952
2024-06-23 00:37:53,26,1,05 Lindsay McKenna,66 Jess Brand,0,0,0,0,0,0,0,0,0,0,1,33.809097,33.647827,3.298319,0.18035427,0.6132952,0.11272141,0.3066476
2024-06-23 00:38:13,26,1,66 Jess Brand,18 Sumi Onoe,0,0,0,0,0,0,0,0,1,1,1,6.583814,-6.3530855,-1.727691,0.11272141,0.3066476,0.14814815,0.3645461
2024-06-23 00:38:15,26,1,18 Sumi Onoe,11 Sara Liang,0,0,0,0,0,0,0,0,1,1,1,5.334034,-5.333456,0.07853155,0.14814815,0.3645461,0.14653784,0.41315225
2024-06-23 00:38:32,26,1,11 Sara Liang,04 Raha Mozaffari,0,0,0,0,0,1,0,0,0,1,1,18.925867,18.902391,0.9423771,0.14653784,0.41315225,0.12721416,0.24088635
2024-06-23 00:38:34,26,1,04 Raha Mozaffari,13 Kat Harper,0,0,0,1,1,0,0,0,0,1,1,11.529381,11.215942,2.6700675,0.12721416,0.24088635,0.072463766,0.13867047
2024-06-23 00:42:14,27,1,17 Allie Milligan,10 Andrea DeSabato,0,0,0,0,0,0,0,1,0,1,0,18.09098,1.0196259,18.062223,0.95652175,0.8291637,0.58615136,0.81987137
2024-06-23 00:43:07,27,1,10 Andrea DeSabato,21 Linda Morse,0,0,0,0,0,0,0,0,0,0,0,10.560849,5.7256255,8.874049,0.58615136,0.81987137,0.4041868,0.7676912
2024-06-23 00:43:51,27,1,21 Linda Morse,10 Andrea DeSabato,1,1,0,0,0,0,0,0,0,0,0,12.924116,12.23557,4.1621633,0.4041868,0.7676912,0.3188406,0.656183
2024-06-23 00:48:52,28,1,10 Andrea DeSabato,20 Danielle Walsh,0,0,0,0,0,0,0,0,0,0,0,11.095114,7.0589833,-8.559924,0.28985506,0.76411724,0.46537843,0.6997856
2024-06-23 00:48:56,28,1,20 Danielle Walsh,11 Sara Liang,0,0,0,0,0,0,0,0,0,0,0,18.291895,11.215944,-14.449777,0.46537843,0.6997856,0.7616747,0.5975697
2024-06-23 00:49:02,28,1,11 Sara Liang,22 Liz Hart,0,0,0,0,0,1,1,0,0,0,0,47.31649,43.76571,17.98369,0.7616747,0.5975697,0.39291465,0.19871336
2024-06-23 00:49:15,28,1,22 Liz Hart,21 Linda Morse,0,0,0,1,1,0,0,0,0,0,0,20.766876,18.039627,-10.287614,0.39291465,0.19871336,0.6038647,0.03431022
2024-06-23 00:50:56,29,1,11 Sara Liang,33 Jana Graham,0,0,0,0,0,0,0,0,0,0,0,21.165003,19.92202,7.1463575,0.74718195,0.6111508,0.6006441,0.42959258
2024-06-23 00:50:58,29,1,33 Jana Graham,13 Kat Harper,0,0,0,0,0,0,0,0,0,0,0,8.439385,-0.78432894,8.40286,0.6006441,0.42959258,0.4283414,0.43674052
2024-06-23 00:51:08,29,1,13 Kat Harper,48 Caroline Weinberg,1,0,1,0,0,0,0,0,0,0,0,11.294648,11.294375,-0.07853155,0.4283414,0.43674052,0.4299517,0.33380985
2024-06-23 00:51:48,29,2,04 Raha Mozaffari,11 Sara Liang,1,1,0,1,0,0,1,0,0,1,0,49.247185,44.706905,-20.653759,0.006441224,0.5046462,0.4299517,0.09721229
2024-06-23 00:54:13,30,1,10 Andrea DeSabato,20 Danielle Walsh,0,0,0,0,0,0,0,0,0,0,0,10.848445,10.745344,1.492095,0.5410628,0.75553966,0.510467,0.65761256
2024-06-23 00:54:16,30,1,20 Danielle Walsh,22 Liz Hart,0,0,0,0,0,0,0,0,0,0,0,16.933977,10.902206,-12.957681,0.510467,0.65761256,0.77616745,0.5582559
2024-06-23 00:54:19,30,1,22 Liz Hart,09 Sarah Hirannet,0,0,0,0,0,0,0,0,0,0,0,13.906115,13.647372,2.6700668,0.77616745,0.5582559,0.72141707,0.43388134
2024-06-23 00:54:36,30,1,09 Sarah Hirannet,20 Danielle Walsh,0,0,0,0,0,0,0,0,1,0,0,11.692308,-6.5883856,9.659361,0.72141707,0.43388134,0.52334946,0.49392423
2024-06-23 00:54:40,30,1,20 Danielle Walsh,21 Linda Morse,0,0,0,0,0,1,0,0,0,0,0,15.249739,9.490415,11.936774,0.52334946,0.49392423,0.27858293,0.40743387
2024-06-23 00:54:50,30,1,21 Linda Morse,03 Rachel Alfano,0,0,0,1,1,0,0,0,0,0,0,34.763798,34.43216,-4.790416,0.27858293,0.40743387,0.3768116,0.093638316
2024-06-23 00:57:17,31,1,05 Lindsay McKenna,15 Layne Dodge,0,0,0,0,0,0,0,0,0,0,0,13.7214155,8.313912,10.915865,0.5426731,0.41601142,0.3188406,0.34024304
2024-06-23 00:57:20,31,1,15 Layne Dodge,05 Lindsay McKenna,0,0,0,0,0,0,0,0,1,0,0,10.319331,-8.000181,-6.518105,0.3188406,0.34024304,0.45249596,0.41315225
2024-06-23 00:57:22,31,1,05 Lindsay McKenna,15 Layne Dodge,0,0,0,0,0,0,0,0,0,0,0,6.7229934,1.6470957,-6.518107,0.45249596,0.41315225,0.58615136,0.39814153
2024-06-23 00:57:33,31,1,15 Layne Dodge,05 Lindsay McKenna,0,0,0,0,0,0,0,0,1,0,0,9.550434,-4.235389,8.559922,0.58615136,0.39814153,0.41062802,0.43674052
2024-06-23 00:57:34,31,1,05 Lindsay McKenna,23 Natalie Bova,0,0,0,0,0,0,0,0,0,0,0,12.855272,12.314005,3.6909754,0.41062802,0.43674052,0.33494365,0.32451752
2024-06-23 00:57:42,31,1,23 Natalie Bova,05 Lindsay McKenna,0,0,0,0,0,0,0,0,0,0,0,8.579821,4.6275587,7.2248898,0.33494365,0.32451752,0.18679549,0.28234452
2024-06-23 00:57:57,31,1,05 Lindsay McKenna,11 Sara Liang,1,0,1,0,0,0,0,0,1,0,0,13.519511,-8.862947,-10.209083,0.18679549,0.28234452,0.39613527,0.3631165
2024-06-23 00:58:33,31,2,05 Lindsay McKenna,23 Natalie Bova,0,0,0,0,0,0,0,0,0,0,1,20.143015,19.05926,-6.518105,0.7487923,0.5975697,0.88244766,0.4238742
2024-06-23 00:58:46,31,2,23 Natalie Bova,24 Casey Gorman,0,0,0,0,0,0,0,0,0,1,1,9.233293,9.17668,-1.0209086,0.88244766,0.4238742,0.90338165,0.34024304
2024-06-23 00:58:54,31,2,24 Casey Gorman,05 Lindsay McKenna,0,0,0,0,0,0,0,0,0,1,1,9.665424,9.41198,-2.1988804,0.90338165,0.34024304,0.94847023,0.2544675
2024-06-23 00:59:04,31,2,05 Lindsay McKenna,23 Natalie Bova,0,0,0,0,0,0,0,0,1,1,1,9.741692,-9.41198,2.5130067,0.94847023,0.2544675,0.8969404,0.34024304
2024-06-23 00:59:06,31,2,23 Natalie Bova,05 Lindsay McKenna,0,0,0,0,0,0,0,0,0,1,1,6.467182,5.2550216,-3.7695084,0.8969404,0.34024304,0.9742351,0.2923517
2024-06-23 00:59:16,31,2,05 Lindsay McKenna,23 Natalie Bova,1,1,0,0,0,0,0,0,0,1,1,11.781739,11.7649765,0.6282524,0.9742351,0.2923517,0.96135265,0.18513224
2024-06-23 01:00:28,31,3,15 Layne Dodge,11 Sara Liang,0,0,0,0,0,0,0,0,0,0,1,7.257078,4.5491242,-5.6542597,0.76650566,0.41029307,0.88244766,0.36883488
2024-06-23 01:00:32,31,3,11 Sara Liang,23 Natalie Bova,0,0,0,0,0,0,0,0,0,1,0,10.390151,-0.7058977,10.366144,0.88244766,0.36883488,0.6698873,0.37526804
2024-06-23 01:00:36,31,3,23 Natalie Bova,66 Jess Brand,0,0,0,0,0,0,0,0,0,0,0,12.965081,1.4902298,12.879151,0.6698873,0.37526804,0.4057971,0.36168692
2024-06-23 01:00:38,31,3,66 Jess Brand,23 Natalie Bova,0,0,0,0,0,0,0,0,1,0,0,10.048144,-7.2942834,-6.910763,0.4057971,0.36168692,0.547504,0.42816296
2024-06-23 01:00:52,31,3,23 Natalie Bova,66 Jess Brand,1,1,0,0,0,0,0,0,0,0,0,7.7898393,5.098156,-5.889856,0.547504,0.42816296,0.66827697,0.3817012
2024-06-23 01:02:33,31,4,04 Raha Mozaffari,05 Lindsay McKenna,1,0,1,0,0,0,0,0,0,1,0,17.651087,12.235577,12.722087,0.9742351,0.7569693,0.71336555,0.645461
2024-06-23 01:04:54,32,1,10 Andrea DeSabato,20 Danielle Walsh,0,0,0,0,0,0,0,0,0,0,0,10.267233,8.862947,-5.183072,0.39452496,0.6919228,0.50080514,0.6111508
2024-06-23 01:05:26,32,1,20 Danielle Walsh,22 Liz Hart,0,0,0,0,0,0,0,0,0,0,0,11.345733,4.7844176,-10.287614,0.50080514,0.6111508,0.7117552,0.5675483
2024-06-23 01:05:27,32,1,22 Liz Hart,10 Andrea DeSabato,0,0,0,0,0,0,0,0,0,0,0,7.6611257,7.5295873,-1.4135649,0.7117552,0.5675483,0.7407407,0.4989278
2024-06-23 01:05:34,32,1,10 Andrea DeSabato,23 Natalie Bova,0,0,0,0,0,0,0,0,0,0,0,9.4971695,6.9805517,6.439575,0.7407407,0.4989278,0.6086956,0.43531093
2024-06-23 01:06:04,32,1,23 Natalie Bova,22 Liz Hart,0,0,0,0,0,0,0,0,0,0,0,10.496304,7.137418,-7.6960797,0.6086956,0.43531093,0.76650566,0.37026447
2024-06-23 01:06:24,32,1,22 Liz Hart,01 Emily Shields,1,1,0,1,0,0,0,0,0,0,0,31.647177,31.137968,5.6542625,0.76650566,0.37026447,0.6505636,0.08649035
2024-06-23 01:07:13,32,2,10 Andrea DeSabato,03 Rachel Alfano,0,0,0,0,0,0,0,0,0,0,0,7.8809843,5.6471877,5.497198,0.46215782,0.72480345,0.3494364,0.6733381
2024-06-23 01:07:17,32,2,03 Rachel Alfano,22 Liz Hart,0,0,0,0,0,0,0,0,0,0,0,11.344508,6.43152,-9.345235,0.3494364,0.6733381,0.5410628,0.6147248
2024-06-23 01:07:23,32,2,22 Liz Hart,20 Danielle Walsh,0,0,0,0,0,0,0,0,0,0,0,8.848209,8.627647,-1.9632872,0.5410628,0.6147248,0.58132046,0.5360972
2024-06-23 01:07:37,32,2,20 Danielle Walsh,09 Sarah Hirannet,1,1,1,0,0,0,0,0,0,0,0,13.607455,1.6470957,13.507402,0.58132046,0.5360972,0.3043478,0.5210865
2024-06-23 01:08:50,32,3,10 Andrea DeSabato,20 Danielle Walsh,0,0,0,0,0,0,0,0,0,1,1,11.480749,11.372807,1.570628,0.98872787,0.81629735,0.95652175,0.7126519
2024-06-23 01:09:10,32,3,20 Danielle Walsh,23 Natalie Bova,0,0,0,0,0,1,0,0,0,1,0,38.15745,31.294834,21.831732,0.95652175,0.7126519,0.50885665,0.42744818
2024-06-23 01:09:11,32,3,23 Natalie Bova,21 Linda Morse,0,0,0,1,1,0,0,0,0,0,0,32.59558,32.549763,1.7276896,0.50885665,0.42744818,0.47342995,0.13080771
2024-06-23 01:11:15,33,1,07 Nikki Ross,25 Sabrina Bonaci,1,1,0,1,0,0,0,0,0,1,0,32.974976,32.785065,-3.5339131,0.13204509,0.38098642,0.20450886,0.08220157
2024-06-23 01:13:59,34,1,20 Danielle Walsh,10 Andrea DeSabato,0,0,0,0,0,0,0,0,0,0,0,9.567574,7.2158523,6.2825108,0.55877614,0.7176555,0.4299517,0.6518942
2024-06-23 01:14:03,34,1,10 Andrea DeSabato,05 Lindsay McKenna,0,0,0,0,0,0,0,0,0,0,0,9.06995,7.843315,-4.5548224,0.4299517,0.6518942,0.52334946,0.5804146
2024-06-23 01:14:18,34,1,05 Lindsay McKenna,09 Sarah Hirannet,0,0,0,0,0,0,0,0,0,0,0,14.820209,10.274747,-10.68027,0.52334946,0.5804146,0.74235106,0.48677626
2024-06-23 01:14:23,34,1,09 Sarah Hirannet,01 Emily Shields,0,0,0,0,0,0,0,0,0,0,0,10.376157,9.961012,2.9056628,0.74235106,0.48677626,0.6827697,0.39599714
2024-06-23 01:14:27,34,1,01 Emily Shields,05 Lindsay McKenna,0,0,0,0,0,1,0,0,0,0,0,6.4388833,5.9609194,-2.4344735,0.6827697,0.39599714,0.7326892,0.34167263
2024-06-23 01:14:31,34,1,05 Lindsay McKenna,21 Linda Morse,0,0,0,1,1,0,0,0,0,0,1,39.947502,20.314192,34.39675,0.7326892,0.34167263,0.0273752,0.15654038