Created,Point,Possession,Started point on offense?,Scored?,Start X (0 -> 1 = left sideline -> right sideline),Start Y (0 -> 1 = back of opponent endzone -> back of own endzone),Initiator,Passes,Secondary assist,Assist,Goal,Thrower error,Receiver error,Stalled out
2024-06-22 23:27:16,2,1,1,0,0.017713366,0.74195856,10 Andrea DeSabato,17,,,,21 Linda Morse,,
2024-06-22 23:29:29,2,2,1,0,0.33494365,0.8463188,10 Andrea DeSabato,3,,,,01 Emily Shields,,
2024-06-22 23:31:55,3,1,1,1,0.36553946,0.66047174,04 Raha Mozaffari,12,18 Sumi Onoe,05 Lindsay McKenna,23 Natalie Bova,,,
2024-06-22 23:35:16,4,1,0,0,0.96457326,0.83416724,04 Raha Mozaffari,6,,,,04 Raha Mozaffari,,
2024-06-22 23:37:36,5,1,1,1,0.88727856,0.5025018,10 Andrea DeSabato,3,03 Rachel Alfano,22 Liz Hart,03 Rachel Alfano,,,
2024-06-22 23:40:03,7,1,1,0,0.9452496,0.6919228,10 Andrea DeSabato,3,,,,21 Linda Morse,22 Liz Hart,
2024-06-22 23:43:16,8,1,1,0,0.273752,0.7312366,10 Andrea DeSabato,3,,,,21 Linda Morse,,
2024-06-22 23:44:43,8,2,1,0,0.77133656,0.45675483,20 Danielle Walsh,1,,,,20 Danielle Walsh,,
2024-06-22 23:48:47,9,1,1,0,0.7600644,0.72122943,04 Raha Mozaffari,3,,,,05 Lindsay McKenna,,
2024-06-22 23:50:54,10,1,1,1,0.24798712,0.43102217,20 Danielle Walsh,5,10 Andrea DeSabato,01 Emily Shields,09 Sarah Hirannet,,,
2024-06-22 23:53:49,12,1,1,0,0.79710144,0.47390994,10 Andrea DeSabato,4,,,,23 Natalie Bova,,
2024-06-22 23:55:39,13,1,1,0,0.4347826,0.7090779,04 Raha Mozaffari,2,,,,11 Sara Liang,,
2024-06-22 23:56:09,13,2,1,0,0.29951692,0.8327377,04 Raha Mozaffari,2,,,,05 Lindsay McKenna,,
2024-06-22 23:58:46,14,1,1,1,0.6876007,0.6997856,20 Danielle Walsh,7,21 Linda Morse,20 Danielle Walsh,22 Liz Hart,,,
2024-06-23 00:00:37,15,1,0,1,0.37520128,0.698356,05 Lindsay McKenna,6,05 Lindsay McKenna,13 Kat Harper,11 Sara Liang,,,
2024-06-23 00:03:41,17,1,1,0,0.39130434,0.7691208,10 Andrea DeSabato,16,,,,,05 Lindsay McKenna,
2024-06-23 00:07:57,18,1,1,1,0.8115942,0.5982845,04 Raha Mozaffari,2,04 Raha Mozaffari,15 Layne Dodge,66 Jess Brand,,,
2024-06-23 00:09:27,19,1,0,0,0.28180355,0.39313796,04 Raha Mozaffari,8,,,,18 Sumi Onoe,,
2024-06-23 00:11:23,19,2,0,0,0.4380032,0.68334526,20 Danielle Walsh,2,,,,11 Sara Liang,,
2024-06-23 00:12:20,19,3,0,1,0.17874396,0.6568978,10 Andrea DeSabato,10,05 Lindsay McKenna,20 Danielle Walsh,05 Lindsay McKenna,,,
2024-06-23 00:17:35,20,1,0,0,0.10305958,0.72265905,04 Raha Mozaffari,11,,,,15 Layne Dodge,,
2024-06-23 00:19:22,20,2,0,0,0.29146537,0.83774126,04 Raha Mozaffari,1,,,,04 Raha Mozaffari,,
2024-06-23 00:20:19,21,1,1,0,0.6006441,0.6954968,10 Andrea DeSabato,6,,,,22 Liz Hart,,
2024-06-23 00:21:49,21,2,1,0,0.80515295,0.8370265,10 Andrea DeSabato,2,,,,05 Lindsay McKenna,,
2024-06-23 00:23:30,22,1,1,1,0.5024155,0.656183,10 Andrea DeSabato,10,20 Danielle Walsh,01 Emily Shields,22 Liz Hart,,,
2024-06-23 00:27:30,24,1,1,0,0.52818036,0.7147963,20 Danielle Walsh,7,,,,21 Linda Morse,,
2024-06-23 00:29:12,24,2,1,0,0.42028984,0.71908504,03 Rachel Alfano,4,,,,10 Andrea DeSabato,,
2024-06-23 00:32:58,25,1,1,0,0.60708535,0.5782702,07 Nikki Ross,1,,,,07 Nikki Ross,,
2024-06-23 00:37:28,26,1,1,1,0.67310786,0.80271626,04 Raha Mozaffari,7,11 Sara Liang,04 Raha Mozaffari,13 Kat Harper,,,
2024-06-23 00:42:13,27,1,0,0,0.95652175,0.8291637,17 Allie Milligan,3,,,,21 Linda Morse,,
2024-06-23 00:46:04,27,2,0,0,0.54911435,0.736955,,0,,,,,,
2024-06-23 00:48:48,28,1,1,1,0.28985506,0.76411724,10 Andrea DeSabato,4,11 Sara Liang,22 Liz Hart,21 Linda Morse,,,
2024-06-23 00:50:52,29,1,0,0,0.74718195,0.6111508,11 Sara Liang,3,,,,,48 Caroline Weinberg,
2024-06-23 00:51:41,29,2,0,0,0.006441224,0.5046462,04 Raha Mozaffari,1,,,,04 Raha Mozaffari,,
2024-06-23 00:54:10,30,1,1,1,0.5410628,0.75553966,10 Andrea DeSabato,6,20 Danielle Walsh,21 Linda Morse,03 Rachel Alfano,,,
2024-06-23 00:56:57,31,1,0,0,0.5426731,0.41601142,05 Lindsay McKenna,7,,,,,11 Sara Liang,
2024-06-23 00:58:26,31,2,0,0,0.7487923,0.5975697,05 Lindsay McKenna,6,,,,05 Lindsay McKenna,,
2024-06-23 01:00:06,31,3,0,0,0.76650566,0.41029307,15 Layne Dodge,5,,,,23 Natalie Bova,,
2024-06-23 01:02:18,31,4,0,0,0.9742351,0.7569693,04 Raha Mozaffari,1,,,,,05 Lindsay McKenna,
2024-06-23 01:04:52,32,1,1,0,0.39452496,0.6919228,10 Andrea DeSabato,6,,,,22 Liz Hart,,
2024-06-23 01:06:55,32,2,1,0,0.46215782,0.72480345,10 Andrea DeSabato,4,,,,20 Danielle Walsh,09 Sarah Hirannet,
2024-06-23 01:08:44,32,3,1,1,0.98872787,0.81629735,10 Andrea DeSabato,3,20 Danielle Walsh,23 Natalie Bova,21 Linda Morse,,,
2024-06-23 01:11:12,33,1,0,0,0.13204509,0.38098642,07 Nikki Ross,1,,,,07 Nikki Ross,,
2024-06-23 01:13:58,34,1,1,1,0.55877614,0.7176555,20 Danielle Walsh,6,01 Emily Shields,05 Lindsay McKenna,21 Linda Morse,,,