Created,Point,Possession,Thrower,Receiver,Turnover?,Thrower error?,Receiver error?,Throw to endzone?,Assist?,Secondary assist?,Huck?,Swing?,Dump?,From sideline?,To sideline?,Distance (m),Forward distance (m),Left-to-right distance (m),Start X (0 -> 1 = left sideline -> right sideline),Start Y (0 -> 1 = back of opponent endzone -> back of own endzone),End X (0 -> 1 = left sideline -> right sideline),End Y (0 -> 1 = back of opponent endzone -> back of own endzone)
2024-05-04 18:17:03,1,1,10 Andrea DeSabato,20 Danielle Walsh,0,0,0,0,0,1,0,0,0,1,1,4.7899837,4.5631113,-1.4566944,0.9212598,0.65582526,0.96062994,0.61019415
2024-05-04 18:17:17,1,1,20 Danielle Walsh,01 Emily Shields,0,0,0,1,1,0,1,0,0,1,0,48.55073,46.650482,13.450133,0.96062994,0.61019415,0.59711283,0.14368932
2024-05-04 18:18:56,2,1,11 Sara Liang,21 Linda Morse,0,0,0,0,0,0,0,0,0,0,0,16.238037,8.495146,-13.838582,0.42913386,0.82961166,0.8031496,0.7446602
2024-05-04 18:19:02,2,1,21 Linda Morse,08 Emma Soiles,0,0,0,0,0,0,0,0,0,0,0,10.037441,9.951454,-1.3110251,0.8031496,0.7446602,0.8385827,0.64514565
2024-05-04 18:19:12,2,1,08 Emma Soiles,05 Lindsay McKenna,0,0,0,0,0,0,0,0,0,0,0,33.481922,30.970877,12.721786,0.8385827,0.64514565,0.49475065,0.33543688
2024-05-04 18:20:10,2,1,05 Lindsay McKenna,18 Sumi Onoe,0,0,0,0,0,0,0,0,0,0,0,7.2792344,5.2427173,5.049868,0.49475065,0.33543688,0.35826772,0.2830097
2024-05-04 18:20:15,2,1,18 Sumi Onoe,11 Sara Liang,0,0,0,0,0,0,0,0,0,0,0,10.635631,0.19417405,-10.633858,0.35826772,0.2830097,0.6456693,0.28106797
2024-05-04 18:20:19,2,1,11 Sara Liang,05 Lindsay McKenna,0,0,0,0,0,0,0,0,0,0,0,10.38501,4.9514575,9.128609,0.6456693,0.28106797,0.39895013,0.23155339
2024-05-04 18:20:21,2,1,05 Lindsay McKenna,04 Raha Mozaffari,0,0,0,0,0,1,0,0,0,0,0,8.161091,-0.24271905,8.15748,0.39895013,0.23155339,0.17847769,0.23398058
2024-05-04 18:20:24,2,1,04 Raha Mozaffari,05 Lindsay McKenna,0,0,0,1,1,0,0,0,0,0,1,7.6215644,7.5242715,1.2139106,0.17847769,0.23398058,0.1456693,0.15873787
2024-05-04 18:22:52,4,1,10 Andrea DeSabato,20 Danielle Walsh,0,0,0,0,0,0,0,0,0,0,0,10.862123,10.776699,1.3595786,0.5091863,0.75,0.47244096,0.642233
2024-05-04 18:22:58,4,1,20 Danielle Walsh,10 Andrea DeSabato,0,0,0,0,0,0,0,0,0,0,0,10.833416,-0.33980608,10.828085,0.47244096,0.642233,0.17979002,0.6456311
2024-05-04 18:23:03,4,1,10 Andrea DeSabato,20 Danielle Walsh,0,0,0,0,0,0,0,0,0,0,0,10.589309,-0.29126406,-10.585302,0.17979002,0.6456311,0.46587926,0.6485437
2024-05-04 18:23:08,4,1,20 Danielle Walsh,23 Natalie Bova,0,0,0,0,0,0,0,1,0,0,0,12.333333,0,-12.333333,0.46587926,0.6485437,0.7992126,0.6485437
2024-05-04 18:23:14,4,1,23 Natalie Bova,03 Rachel Alfano,0,0,0,0,0,0,0,0,0,0,1,11.098975,10.533982,-3.4960635,0.7992126,0.6485437,0.8937008,0.5432039
2024-05-04 18:23:26,4,1,03 Rachel Alfano,01 Emily Shields,0,0,0,0,0,0,0,0,0,1,0,6.7466893,3.786409,5.583988,0.8937008,0.5432039,0.7427822,0.5053398
2024-05-04 18:23:30,4,1,01 Emily Shields,20 Danielle Walsh,0,0,0,0,0,0,0,0,0,0,0,4.6192427,-0.24271607,4.6128616,0.7427822,0.5053398,0.61811024,0.50776696
2024-05-04 18:23:36,4,1,20 Danielle Walsh,22 Liz Hart,0,0,0,0,0,0,0,0,0,0,0,11.741066,8.349511,8.254593,0.61811024,0.50776696,0.39501312,0.42427185
2024-05-04 18:23:44,4,1,22 Liz Hart,23 Natalie Bova,0,0,0,0,0,0,0,0,0,0,1,16.600424,11.16505,12.284777,0.39501312,0.42427185,0.062992126,0.31262136
2024-05-04 18:23:56,4,1,23 Natalie Bova,22 Liz Hart,0,0,0,0,0,0,0,1,0,1,0,14.706486,-1.1165053,-14.664042,0.062992126,0.31262136,0.4593176,0.3237864
2024-05-04 18:24:01,4,1,22 Liz Hart,23 Natalie Bova,0,0,0,0,0,0,0,0,0,0,0,4.580923,4.514563,-0.7769029,0.4593176,0.3237864,0.48031497,0.27864078
2024-05-04 18:24:08,4,1,23 Natalie Bova,20 Danielle Walsh,0,0,0,0,0,0,0,0,0,0,0,4.4683948,4.4660196,-0.14566922,0.48031497,0.27864078,0.48425198,0.23398058
2024-05-04 18:24:14,4,1,20 Danielle Walsh,,1,1,0,1,0,0,0,0,0,0,0,15.726832,11.359223,10.87664,0.48425198,0.23398058,0.19028871,0.12038835
2024-05-04 18:25:02,4,2,10 Andrea DeSabato,22 Liz Hart,1,0,1,0,0,0,0,0,0,0,1,13.744174,10.485437,-8.885827,0.7598425,0.392233,1,0.28737864
2024-05-04 18:25:46,4,3,20 Danielle Walsh,22 Liz Hart,0,0,0,0,0,0,0,1,0,1,0,12.942348,-0.8252442,-12.916011,0.017060367,0.8145631,0.36614174,0.82281554
2024-05-04 18:25:56,4,3,22 Liz Hart,09 Sarah Hirannet,0,0,0,0,0,0,0,0,0,0,0,11.163845,4.320389,-10.293963,0.36614174,0.82281554,0.64435697,0.77961165
2024-05-04 18:25:58,4,3,09 Sarah Hirannet,03 Rachel Alfano,0,0,0,0,0,0,0,0,0,0,0,8.622637,6.844658,-5.2440944,0.64435697,0.77961165,0.78608924,0.7111651
2024-05-04 18:26:04,4,3,03 Rachel Alfano,10 Andrea DeSabato,0,0,0,0,0,0,0,0,0,0,1,10.145722,6.4077673,-7.8661423,0.78608924,0.7111651,0.9986877,0.6470874
2024-05-04 18:26:12,4,3,10 Andrea DeSabato,20 Danielle Walsh,0,0,0,0,0,0,0,0,0,1,1,11.407872,11.407768,-0.048555672,0.9986877,0.6470874,1,0.5330097
2024-05-04 18:26:21,4,3,20 Danielle Walsh,10 Andrea DeSabato,0,0,0,0,0,0,0,0,1,1,1,9.204989,-8.495146,3.544619,1,0.5330097,0.9041995,0.61796117
2024-05-04 18:26:33,4,3,10 Andrea DeSabato,03 Rachel Alfano,0,0,0,0,0,0,0,0,0,1,1,13.200056,13.009709,-2.2335963,0.9041995,0.61796117,0.96456695,0.48786408
2024-05-04 18:26:40,4,3,03 Rachel Alfano,23 Natalie Bova,0,0,0,0,0,1,0,0,0,1,1,23.329111,23.058254,3.544619,0.96456695,0.48786408,0.8687664,0.25728154
2024-05-04 18:26:49,4,3,23 Natalie Bova,01 Emily Shields,0,0,0,1,1,0,0,0,0,1,0,21.278671,21.116505,2.6220481,0.8687664,0.25728154,0.79790026,0.046116505
2024-05-04 18:28:42,5,1,00 Emilie Mohler,18 Sumi Onoe,0,0,0,0,0,0,0,0,0,1,1,12.481142,12.233007,2.476379,0.96850395,0.81650484,0.9015748,0.69417477
2024-05-04 18:28:43,5,1,18 Sumi Onoe,11 Sara Liang,0,0,0,0,0,0,0,0,0,1,1,10.585309,10.582524,0.24278277,0.9015748,0.69417477,0.8950131,0.5883495
2024-05-04 18:28:54,5,1,11 Sara Liang,00 Emilie Mohler,0,0,0,0,0,0,0,0,0,1,1,6.222883,6.2135935,0.33989412,0.8950131,0.5883495,0.88582677,0.5262136
2024-05-04 18:29:03,5,1,00 Emilie Mohler,13 Kat Harper,0,0,0,0,0,0,0,0,0,1,1,9.957257,9.951454,0.33989412,0.88582677,0.5262136,0.87664044,0.42669904
2024-05-04 18:29:11,5,1,13 Kat Harper,21 Linda Morse,0,0,0,0,0,0,0,0,0,1,1,12.95703,12.330097,-3.981627,0.87664044,0.42669904,0.984252,0.30339807
2024-05-04 18:29:20,5,1,21 Linda Morse,00 Emilie Mohler,0,0,0,0,0,0,0,0,1,1,0,8.702955,-1.0194153,8.643044,0.984252,0.30339807,0.7506562,0.31359223
2024-05-04 18:29:25,5,1,00 Emilie Mohler,13 Kat Harper,0,0,0,0,0,0,0,0,1,0,0,9.879851,-4.417476,8.837272,0.7506562,0.31359223,0.511811,0.357767
2024-05-04 18:29:32,5,1,13 Kat Harper,04 Raha Mozaffari,0,0,0,0,0,0,0,0,0,0,0,12.527009,9.902912,7.671915,0.511811,0.357767,0.30446196,0.25873786
2024-05-04 18:29:41,5,1,04 Raha Mozaffari,18 Sumi Onoe,1,1,1,1,0,0,0,0,0,0,1,16.331623,14.417476,7.6719165,0.30446196,0.25873786,0.097112864,0.11456311
2024-05-04 18:31:08,5,2,11 Sara Liang,13 Kat Harper,0,0,0,0,0,0,0,0,0,0,0,14.34362,13.106799,-5.8267713,0.5616798,0.69368935,0.7191601,0.56262136
2024-05-04 18:31:21,5,2,13 Kat Harper,11 Sara Liang,0,0,0,0,0,0,0,0,0,0,0,5.6653705,4.077667,-3.9330711,0.7191601,0.56262136,0.8254593,0.5218447
2024-05-04 18:31:23,5,2,11 Sara Liang,21 Linda Morse,0,0,0,0,0,0,0,0,0,0,0,11.55993,11.553401,-0.388452,0.8254593,0.5218447,0.835958,0.40631068
2024-05-04 18:31:36,5,2,21 Linda Morse,00 Emilie Mohler,1,1,0,0,0,0,0,0,0,0,0,9.169944,3.786409,8.351706,0.835958,0.40631068,0.6102362,0.3684466
2024-05-04 18:33:44,5,3,15 Layne Dodge,04 Raha Mozaffari,0,0,0,0,0,0,0,1,0,1,0,18.333689,5.6796074,-17.431759,0.022309711,0.87718445,0.49343833,0.8203884
2024-05-04 18:33:52,5,3,04 Raha Mozaffari,21 Linda Morse,0,0,0,0,0,0,0,0,0,0,0,20.521124,17.184465,-11.216536,0.49343833,0.8203884,0.79658794,0.6485437
2024-05-04 18:34:02,5,3,21 Linda Morse,05 Lindsay McKenna,1,1,0,0,0,0,1,0,0,0,0,47.299534,45.728157,12.090552,0.79658794,0.6485437,0.46981627,0.19126214
2024-05-04 18:43:19,5,4,20 Danielle Walsh,10 Andrea DeSabato,0,0,0,0,0,0,0,1,0,0,0,13.446004,3.7378669,12.916012,0.6889764,0.81747574,0.339895,0.78009707
2024-05-04 18:43:24,5,4,10 Andrea DeSabato,03 Rachel Alfano,0,0,0,0,0,0,0,0,0,0,0,9.363168,6.1165037,-7.089238,0.339895,0.78009707,0.53149605,0.71893203
2024-05-04 18:43:31,5,4,03 Rachel Alfano,22 Liz Hart,0,0,0,0,0,0,0,0,0,0,0,8.526579,7.378638,-4.2729673,0.53149605,0.71893203,0.64698166,0.64514565
2024-05-04 18:43:38,5,4,22 Liz Hart,03 Rachel Alfano,0,0,0,0,0,0,0,0,0,0,0,11.894109,8.834952,7.963256,0.64698166,0.64514565,0.43175852,0.55679613
2024-05-04 18:43:53,5,4,03 Rachel Alfano,10 Andrea DeSabato,0,0,0,0,0,0,0,0,1,0,0,6.3446116,-6.2621355,1.0196846,0.43175852,0.55679613,0.40419948,0.6194175
2024-05-04 18:43:59,5,4,10 Andrea DeSabato,22 Liz Hart,0,0,0,0,0,0,0,1,0,0,1,11.945276,-0.097084045,11.944881,0.40419948,0.6194175,0.08136483,0.6203883
2024-05-04 18:44:17,5,4,22 Liz Hart,03 Rachel Alfano,1,0,1,0,0,0,0,0,0,1,0,10.974719,-0.14563203,-10.973753,0.08136483,0.6203883,0.37795275,0.62184465
2024-05-04 18:45:06,5,5,10 Andrea DeSabato,22 Liz Hart,0,0,0,0,0,0,0,0,0,0,0,10.368144,10.145632,2.1364827,0.8254593,0.5325243,0.7677165,0.43106797
2024-05-04 18:45:09,5,5,22 Liz Hart,23 Natalie Bova,0,0,0,0,0,0,0,0,0,0,0,10.96137,6.0679617,9.128608,0.7677165,0.43106797,0.5209974,0.37038836
2024-05-04 18:46:35,5,5,23 Natalie Bova,20 Danielle Walsh,0,0,0,0,0,0,0,0,1,0,0,7.004488,-4.029125,5.7296596,0.5209974,0.37038836,0.36614174,0.4106796
2024-05-04 18:46:37,5,5,20 Danielle Walsh,23 Natalie Bova,0,0,0,0,0,1,0,0,0,0,1,10.560415,6.0679617,8.643044,0.36614174,0.4106796,0.13254593,0.35
2024-05-04 18:46:38,5,5,23 Natalie Bova,03 Rachel Alfano,0,0,0,1,1,0,0,0,0,1,1,30.463362,30.38835,2.136483,0.13254593,0.35,0.07480315,0.046116505
2024-05-04 19:18:58,8,1,01 Emily Shields,20 Danielle Walsh,0,0,0,0,0,0,0,0,0,0,0,8.688894,5.9708714,-6.3123355,0.34514436,0.7019417,0.515748,0.642233
2024-05-04 19:19:05,8,1,20 Danielle Walsh,01 Emily Shields,0,0,0,0,0,0,0,0,0,0,0,11.317122,3.4466028,10.779527,0.515748,0.642233,0.22440945,0.607767
2024-05-04 19:19:13,8,1,01 Emily Shields,03 Rachel Alfano,0,0,0,0,0,0,0,1,0,0,0,12.662643,1.8446624,-12.527559,0.22440945,0.607767,0.56299216,0.58932036
2024-05-04 19:19:20,8,1,03 Rachel Alfano,09 Sarah Hirannet,0,0,0,0,0,0,0,0,0,0,1,15.823461,8.640772,-13.255903,0.56299216,0.58932036,0.9212598,0.50291264
2024-05-04 19:19:31,8,1,09 Sarah Hirannet,03 Rachel Alfano,1,1,0,0,0,0,0,0,0,1,1,24.23442,24.174759,-1.699475,0.9212598,0.50291264,0.9671916,0.26116505
2024-05-04 19:21:38,9,1,23 Natalie Bova,10 Andrea DeSabato,0,0,0,0,0,0,0,1,0,1,0,24.719484,-2.7184427,24.569553,0.87007874,0.7024272,0.20603675,0.72961164
2024-05-04 19:21:50,9,1,10 Andrea DeSabato,22 Liz Hart,0,0,0,0,0,0,0,0,0,0,0,8.286674,7.62136,-3.2532806,0.20603675,0.72961164,0.29396325,0.65339804
2024-05-04 19:21:54,9,1,22 Liz Hart,10 Andrea DeSabato,0,0,0,0,0,0,0,0,0,0,0,4.7265806,2.6213586,3.9330707,0.29396325,0.65339804,0.18766405,0.62718445
2024-05-04 19:21:58,9,1,10 Andrea DeSabato,22 Liz Hart,0,0,0,0,0,0,0,0,0,0,0,4.822747,0.3883481,-4.807086,0.18766405,0.62718445,0.3175853,0.62330097
2024-05-04 19:22:03,9,1,22 Liz Hart,03 Rachel Alfano,0,0,0,0,0,0,0,0,0,0,0,7.358285,4.902911,-5.486877,0.3175853,0.62330097,0.46587926,0.57427186
2024-05-04 19:22:12,9,1,03 Rachel Alfano,01 Emily Shields,0,0,0,0,0,0,0,0,0,0,0,6.65492,6.65049,0.24278167,0.46587926,0.57427186,0.4593176,0.50776696
2024-05-04 19:22:18,9,1,01 Emily Shields,22 Liz Hart,0,0,0,0,0,0,0,0,0,0,0,5.364296,-0.8737922,5.292651,0.4593176,0.50776696,0.31627297,0.5165049
2024-05-04 19:22:22,9,1,22 Liz Hart,10 Andrea DeSabato,0,0,0,0,0,0,0,0,1,0,0,3.816189,-2.2815526,-3.0590549,0.31627297,0.5165049,0.39895013,0.5393204
2024-05-04 19:22:52,9,1,10 Andrea DeSabato,20 Danielle Walsh,0,0,0,0,0,0,0,0,0,0,0,5.404583,0.8252442,-5.3412066,0.39895013,0.5393204,0.54330707,0.53106797
2024-05-04 19:22:57,9,1,20 Danielle Walsh,10 Andrea DeSabato,0,0,0,0,0,0,0,0,0,0,0,7.900936,6.1165066,-5.0013137,0.54330707,0.53106797,0.6784777,0.4699029
2024-05-04 19:23:05,9,1,10 Andrea DeSabato,01 Emily Shields,0,0,0,0,0,0,0,1,0,0,0,12.349106,-1.9902915,12.187664,0.6784777,0.4699029,0.34908137,0.48980582
2024-05-04 19:23:22,9,1,01 Emily Shields,20 Danielle Walsh,0,0,0,0,0,0,0,0,0,0,0,8.574704,8.495146,1.1653548,0.34908137,0.48980582,0.3175853,0.40485436
2024-05-04 19:23:23,9,1,20 Danielle Walsh,23 Natalie Bova,0,0,0,0,0,0,0,0,0,0,1,11.631777,7.330096,9.031496,0.3175853,0.40485436,0.07349081,0.3315534
2024-05-04 19:23:35,9,1,23 Natalie Bova,20 Danielle Walsh,1,1,0,1,0,0,0,0,0,1,1,18.209866,18.15534,1.4081364,0.07349081,0.3315534,0.035433073,0.15
2024-05-04 19:26:36,9,2,11 Sara Liang,18 Sumi Onoe,0,0,0,0,0,0,0,0,0,0,0,10.57604,10.194177,2.8162725,0.25853017,0.70970875,0.1824147,0.607767
2024-05-04 19:26:43,9,2,18 Sumi Onoe,05 Lindsay McKenna,0,0,0,0,0,0,0,0,0,0,1,13.2957535,13.106796,2.2335956,0.1824147,0.607767,0.122047246,0.47669902
2024-05-04 19:26:50,9,2,05 Lindsay McKenna,11 Sara Liang,0,0,0,0,0,0,0,0,1,1,0,7.098781,-5.4368944,-4.5643044,0.122047246,0.47669902,0.24540682,0.53106797
2024-05-04 19:26:58,9,2,11 Sara Liang,18 Sumi Onoe,0,0,0,0,0,0,0,0,0,0,0,6.613523,3.5436897,-5.58399,0.24540682,0.53106797,0.39632547,0.49563107
2024-05-04 19:27:03,9,2,18 Sumi Onoe,05 Lindsay McKenna,0,0,0,0,0,0,0,0,0,0,0,7.535897,3.2524288,-6.7979,0.39632547,0.49563107,0.5800525,0.46310678
2024-05-04 19:27:10,9,2,05 Lindsay McKenna,11 Sara Liang,0,0,0,0,0,0,0,0,1,0,0,5.1476917,-5.1456304,0.14566922,0.5800525,0.46310678,0.5761155,0.5145631
2024-05-04 19:27:17,9,2,11 Sara Liang,04 Raha Mozaffari,0,0,0,0,0,0,0,0,0,0,0,9.206075,5.4368916,7.4291334,0.5761155,0.5145631,0.3753281,0.46019417
2024-05-04 19:27:35,9,2,04 Raha Mozaffari,15 Layne Dodge,0,0,0,0,0,0,0,0,0,0,1,12.048866,7.8640757,9.128609,0.3753281,0.46019417,0.12860893,0.3815534
2024-05-04 19:27:43,9,2,15 Layne Dodge,18 Sumi Onoe,0,0,0,0,0,0,0,0,0,1,0,7.6373353,1.5533984,-7.4776897,0.12860893,0.3815534,0.33070865,0.36601943
2024-05-04 19:27:46,9,2,18 Sumi Onoe,04 Raha Mozaffari,0,0,0,0,0,0,0,0,1,0,0,6.3835597,-1.4563084,-6.2152233,0.33070865,0.36601943,0.49868765,0.3805825
2024-05-04 19:27:51,9,2,04 Raha Mozaffari,05 Lindsay McKenna,0,0,0,0,0,0,0,0,0,0,1,18.89604,8.8349495,-16.703413,0.49868765,0.3805825,0.95013124,0.29223302
2024-05-04 19:28:20,9,2,05 Lindsay McKenna,11 Sara Liang,0,0,0,0,0,0,0,0,1,1,0,9.750414,-3.0097067,9.274279,0.95013124,0.29223302,0.69947505,0.3223301
2024-05-04 19:28:27,9,2,11 Sara Liang,18 Sumi Onoe,0,0,0,0,0,0,0,0,0,0,0,8.60224,8.058251,-3.0105002,0.69947505,0.3223301,0.7808399,0.24174757
2024-05-04 19:28:31,9,2,18 Sumi Onoe,11 Sara Liang,0,0,0,0,0,1,0,0,0,0,0,11.148183,1.3106793,11.070868,0.7808399,0.24174757,0.4816273,0.22864078
2024-05-04 19:28:36,9,2,11 Sara Liang,15 Layne Dodge,0,0,0,1,1,0,0,0,0,0,0,9.96173,6.7961173,7.2834644,0.4816273,0.22864078,0.2847769,0.16067961
2024-05-04 19:30:18,10,1,00 Emilie Mohler,05 Lindsay McKenna,0,0,0,1,1,0,0,0,0,0,1,26.348896,26.262135,-2.1364827,0.8307087,0.40485436,0.88845146,0.14223301
2024-05-04 19:32:15,11,1,11 Sara Liang,20 Danielle Walsh,0,0,0,0,0,0,0,1,0,1,0,15.071794,-6.5048575,13.5958,0.851706,0.57184464,0.48425198,0.6368932
2024-05-04 19:33:24,11,1,20 Danielle Walsh,10 Andrea DeSabato,0,0,0,0,0,0,0,0,0,0,0,10.655554,-0.67961216,10.633859,0.48425198,0.6368932,0.19685039,0.64368933
2024-05-04 19:33:31,11,1,10 Andrea DeSabato,20 Danielle Walsh,0,0,0,0,0,0,0,0,0,0,0,10.141765,-0.92232823,-10.099737,0.19685039,0.64368933,0.46981627,0.6529126
2024-05-04 19:33:37,11,1,20 Danielle Walsh,01 Emily Shields,0,0,0,0,0,0,0,0,0,0,0,18.63655,16.165049,-9.274279,0.46981627,0.6529126,0.72047246,0.49126214
2024-05-04 19:33:52,11,1,01 Emily Shields,09 Sarah Hirannet,0,0,0,0,0,0,0,0,0,0,1,9.681464,8.009708,-5.438319,0.72047246,0.49126214,0.86745405,0.41116506
2024-05-04 19:33:54,11,1,09 Sarah Hirannet,22 Liz Hart,0,0,0,0,0,0,0,0,0,1,1,9.562414,8.737865,-3.8845155,0.86745405,0.41116506,0.97244096,0.3237864
2024-05-04 19:34:06,11,1,22 Liz Hart,23 Natalie Bova,0,0,0,0,0,1,0,1,0,1,0,14.843177,7.9611645,12.527559,0.97244096,0.3237864,0.63385826,0.24417476
2024-05-04 19:34:14,11,1,23 Natalie Bova,03 Rachel Alfano,0,0,0,1,1,0,0,0,0,0,0,14.558336,8.252428,11.993439,0.63385826,0.24417476,0.30971128,0.16165048
2024-05-04 19:36:37,12,1,11 Sara Liang,08 Emma Soiles,0,0,0,0,0,0,0,0,0,0,0,9.142554,7.62136,5.0498695,0.843832,0.8262136,0.70734906,0.75
2024-05-04 19:36:48,12,1,08 Emma Soiles,13 Kat Harper,0,0,0,0,0,0,0,0,0,0,1,10.447791,8.398056,-6.2152233,0.70734906,0.75,0.87532806,0.66601944
2024-05-04 19:36:58,12,1,13 Kat Harper,15 Layne Dodge,1,1,0,0,0,0,0,0,0,1,1,27.819775,27.815536,-0.48556554,0.87532806,0.66601944,0.88845146,0.38786408
2024-05-04 19:37:29,12,2,08 Emma Soiles,13 Kat Harper,0,0,0,1,1,0,0,0,0,1,0,37.140724,36.74757,5.3897634,0.88845146,0.48640776,0.7427822,0.11893204
2024-05-04 19:39:21,13,1,04 Raha Mozaffari,08 Emma Soiles,0,0,0,0,0,1,0,0,1,0,0,7.58762,-5.4368944,5.292651,0.41469815,0.1815534,0.27165353,0.23592234
2024-05-04 19:39:28,13,1,08 Emma Soiles,00 Emilie Mohler,0,0,0,1,1,0,0,0,0,0,1,12.05095,10.048544,6.6522307,0.27165353,0.23592234,0.09186352,0.13543689
2024-05-04 19:41:21,14,1,04 Raha Mozaffari,18 Sumi Onoe,0,0,0,0,0,0,0,1,0,1,0,17.249731,-5.000001,-16.509186,0.015748031,0.2699029,0.46194226,0.31990293
2024-05-04 19:41:27,14,1,18 Sumi Onoe,04 Raha Mozaffari,0,0,0,0,0,0,0,0,1,0,0,5.9897265,-1.1650473,-5.875329,0.46194226,0.31990293,0.62073493,0.3315534
2024-05-04 19:41:32,14,1,04 Raha Mozaffari,05 Lindsay McKenna,0,0,0,0,0,0,0,0,0,0,0,8.715038,4.223302,-7.6233597,0.62073493,0.3315534,0.8267717,0.28932038
2024-05-04 19:41:44,14,1,05 Lindsay McKenna,04 Raha Mozaffari,0,0,0,0,0,1,0,0,1,0,1,4.9299784,-1.4563113,-4.709973,0.8267717,0.28932038,0.95406824,0.3038835
2024-05-04 19:41:51,14,1,04 Raha Mozaffari,00 Emilie Mohler,0,0,0,1,1,0,0,0,0,1,0,22.717281,14.271845,17.67454,0.95406824,0.3038835,0.47637796,0.16116504
2024-05-04 19:45:51,15,1,20 Danielle Walsh,10 Andrea DeSabato,0,0,0,0,0,0,0,0,0,0,0,6.455475,4.660189,4.4671903,0.51312333,0.64320385,0.39238846,0.59660196
2024-05-04 19:46:00,15,1,10 Andrea DeSabato,09 Sarah Hirannet,1,0,1,0,0,0,0,0,0,0,0,16.202433,8.737868,-13.644356,0.39238846,0.59660196,0.76115483,0.5092233
2024-05-04 19:49:18,16,1,10 Andrea DeSabato,20 Danielle Walsh,0,0,0,0,0,0,0,0,0,0,0,10.813119,9.077668,5.875328,0.46587926,0.7393204,0.30708662,0.6485437
2024-05-04 19:49:25,16,1,20 Danielle Walsh,09 Sarah Hirannet,0,0,0,0,0,0,0,0,0,0,1,11.166106,8.932042,6.7007875,0.30708662,0.6485437,0.12598425,0.5592233
2024-05-04 19:49:35,16,1,09 Sarah Hirannet,22 Liz Hart,0,0,0,0,0,0,0,0,0,1,0,7.304324,4.7087374,-5.5839896,0.12598425,0.5592233,0.27690288,0.5121359
2024-05-04 19:49:38,16,1,22 Liz Hart,20 Danielle Walsh,0,0,0,0,0,0,0,0,0,0,0,5.4806204,0.67961216,-5.43832,0.27690288,0.5121359,0.4238845,0.5053398
2024-05-04 19:49:43,16,1,20 Danielle Walsh,03 Rachel Alfano,0,0,0,0,0,0,0,0,0,0,0,11.821276,7.330096,-9.274279,0.4238845,0.5053398,0.6745407,0.43203884
2024-05-04 19:49:48,16,1,03 Rachel Alfano,23 Natalie Bova,1,1,0,0,0,0,0,0,0,0,0,14.870217,14.271847,-4.175852,0.6745407,0.43203884,0.78740156,0.28932038
2024-05-04 19:50:18,16,2,20 Danielle Walsh,01 Emily Shields,0,0,0,0,0,1,0,0,0,0,0,10.691603,5.4854364,-9.177165,0.26771653,0.27184466,0.515748,0.21699029
2024-05-04 19:50:23,16,2,01 Emily Shields,09 Sarah Hirannet,0,0,0,1,1,0,0,0,0,0,0,12.761118,8.446603,-9.565618,0.515748,0.21699029,0.7742782,0.13252427
2024-05-04 19:54:34,17,1,04 Raha Mozaffari,11 Sara Liang,0,0,0,0,0,0,0,1,0,0,0,13.403773,-0.24272203,-13.401575,0.17454068,0.75242716,0.5367454,0.7548544
2024-05-04 19:54:43,17,1,11 Sara Liang,00 Emilie Mohler,0,0,0,0,0,0,0,0,0,0,0,11.4714775,7.864082,8.3517065,0.5367454,0.7548544,0.31102362,0.67621356
2024-05-04 19:54:53,17,1,00 Emilie Mohler,08 Emma Soiles,0,0,0,0,0,1,1,0,0,0,0,45.707703,45.679607,1.6023625,0.31102362,0.67621356,0.26771653,0.21941748
2024-05-04 19:55:21,17,1,08 Emma Soiles,13 Kat Harper,0,0,0,1,1,0,0,0,0,0,0,6.1772757,6.16505,-0.388452,0.26771653,0.21941748,0.27821523,0.15776698
2024-05-04 19:57:17,18,1,11 Sara Liang,00 Emilie Mohler,0,0,0,0,0,0,0,0,0,0,1,18.448153,11.504852,14.42126,0.4488189,0.49320388,0.05905512,0.37815535
2024-05-04 19:57:23,18,1,00 Emilie Mohler,33 Jana Graham,0,0,0,0,0,0,0,0,0,1,0,10.545361,4.223302,-9.66273,0.05905512,0.37815535,0.32020998,0.33592233
2024-05-04 19:57:26,18,1,33 Jana Graham,04 Raha Mozaffari,0,0,0,0,0,0,0,0,1,0,0,4.687761,-4.514563,1.2624674,0.32020998,0.33592233,0.28608924,0.38106796
2024-05-04 19:57:30,18,1,04 Raha Mozaffari,00 Emilie Mohler,0,0,0,0,0,0,0,0,0,0,0,4.855886,-0.048545003,4.8556433,0.28608924,0.38106796,0.15485564,0.3815534
2024-05-04 19:57:39,18,1,00 Emilie Mohler,04 Raha Mozaffari,0,0,0,0,0,0,0,0,1,0,0,5.1893454,-3.834951,-3.496063,0.15485564,0.3815534,0.24934383,0.41990292
2024-05-04 19:57:42,18,1,04 Raha Mozaffari,00 Emilie Mohler,0,0,0,0,0,1,0,0,0,0,0,16.551882,10.873789,-12.479004,0.24934383,0.41990292,0.5866142,0.31116503
2024-05-04 19:57:51,18,1,00 Emilie Mohler,33 Jana Graham,0,0,0,1,1,0,0,0,0,0,0,21.52557,20.53398,-6.4580035,0.5866142,0.31116503,0.76115483,0.105825245
2024-05-04 19:59:31,19,1,18 Sumi Onoe,04 Raha Mozaffari,0,0,0,0,0,0,0,0,0,0,0,7.694915,5.2427235,-5.6325455,0.2296588,0.71990293,0.38188976,0.6674757
2024-05-04 20:00:53,19,1,04 Raha Mozaffari,08 Emma Soiles,1,0,1,0,0,0,0,0,0,0,0,29.593855,29.368929,3.6417317,0.38188976,0.6674757,0.28346458,0.37378642
2024-05-04 20:01:12,19,2,11 Sara Liang,10 Andrea DeSabato,0,0,0,0,0,0,0,0,0,0,0,13.913347,9.466017,-10.19685,0.56299216,0.8252427,0.8385827,0.73058254
2024-05-04 20:04:32,19,2,10 Andrea DeSabato,01 Emily Shields,0,0,0,0,0,0,0,0,1,0,0,9.43992,-5.2912593,7.817587,0.8385827,0.73058254,0.62729657,0.7834951
2024-05-04 20:04:35,19,2,01 Emily Shields,23 Natalie Bova,0,0,0,0,0,0,0,0,0,0,0,4.8643703,-0.29126406,4.8556423,0.62729657,0.7834951,0.496063,0.78640777
2024-05-04 20:04:41,19,2,23 Natalie Bova,10 Andrea DeSabato,0,0,0,0,0,0,0,1,0,0,0,12.316544,4.514563,-11.459317,0.496063,0.78640777,0.8057743,0.74126214
2024-05-04 20:05:22,19,2,10 Andrea DeSabato,22 Liz Hart,0,0,0,0,0,0,0,0,0,0,0,10.440958,10.4368925,0.29133844,0.8057743,0.74126214,0.79790026,0.6368932
2024-05-04 20:05:27,19,2,22 Liz Hart,09 Sarah Hirannet,0,0,0,0,0,0,0,0,0,0,0,7.7311373,7.669902,-0.9711289,0.79790026,0.6368932,0.824147,0.5601942
2024-05-04 20:05:33,19,2,09 Sarah Hirannet,01 Emily Shields,0,0,0,0,0,0,0,0,0,0,0,11.023271,11.019421,-0.29133844,0.824147,0.5601942,0.832021,0.45
2024-05-04 20:05:41,19,2,01 Emily Shields,03 Rachel Alfano,0,0,0,0,0,0,0,0,0,0,1,9.105856,8.980581,-1.5052501,0.832021,0.45,0.87270343,0.36019418
2024-05-04 20:05:46,19,2,03 Rachel Alfano,01 Emily Shields,0,0,0,0,0,0,0,0,0,1,0,4.66546,0.19417405,4.6614175,0.87270343,0.36019418,0.7467192,0.35825244
2024-05-04 20:05:52,19,2,01 Emily Shields,23 Natalie Bova,0,0,0,0,0,0,0,0,0,0,0,7.163786,7.1359215,0.63123477,0.7467192,0.35825244,0.7296588,0.28689322
2024-05-04 20:05:59,19,2,23 Natalie Bova,09 Sarah Hirannet,0,0,0,0,0,0,0,1,0,0,0,14.408998,7.9126225,12.041994,0.7296588,0.28689322,0.40419948,0.207767
2024-05-04 20:06:02,19,2,09 Sarah Hirannet,10 Andrea DeSabato,0,0,0,0,0,1,0,0,0,0,0,5.1097364,0.33980608,5.098425,0.40419948,0.207767,0.2664042,0.20436893
2024-05-04 20:06:10,19,2,10 Andrea DeSabato,01 Emily Shields,0,0,0,1,1,0,0,0,0,0,0,6.551085,6.5048547,0.77690345,0.2664042,0.20436893,0.24540682,0.13932039
2024-05-04 20:08:17,20,1,11 Sara Liang,21 Linda Morse,0,0,0,1,1,0,1,0,0,0,1,52.090412,50.825245,11.410761,0.41076115,0.61893207,0.10236221,0.11067961
2024-05-04 20:09:54,21,1,00 Emilie Mohler,04 Raha Mozaffari,0,0,0,0,0,0,0,0,0,0,0,4.264384,0.58252215,-4.2244096,0.69160104,0.82184464,0.8057743,0.8160194
2024-05-04 20:10:03,21,1,04 Raha Mozaffari,24 Casey Gorman,0,0,0,0,0,0,0,0,0,0,1,11.011504,9.708738,-5.1955385,0.8057743,0.8160194,0.94619423,0.71893203
2024-05-04 20:10:13,21,1,24 Casey Gorman,04 Raha Mozaffari,0,0,0,0,0,0,0,0,0,1,1,22.215052,22.184464,-1.1653538,0.94619423,0.71893203,0.9776903,0.4970874
2024-05-04 20:10:20,21,1,04 Raha Mozaffari,08 Emma Soiles,0,0,0,0,0,1,0,0,0,1,1,31.575224,31.31068,4.0787406,0.9776903,0.4970874,0.86745405,0.18398058
2024-05-04 20:10:33,21,1,08 Emma Soiles,00 Emilie Mohler,0,0,0,1,1,0,0,0,0,1,1,5.120761,3.7864075,-3.4475079,0.86745405,0.18398058,0.96062994,0.14611651
2024-05-04 20:11:56,22,1,04 Raha Mozaffari,21 Linda Morse,0,0,0,0,0,0,0,0,0,0,0,9.85824,4.368931,-8.83727,0.24409449,0.78106797,0.48293963,0.73737866
2024-05-04 20:12:02,22,1,21 Linda Morse,05 Lindsay McKenna,0,0,0,0,0,0,0,0,0,0,0,9.778141,9.563107,-2.0393703,0.48293963,0.73737866,0.53805774,0.6417476
2024-05-04 20:12:12,22,1,05 Lindsay McKenna,11 Sara Liang,0,0,0,0,0,0,0,0,1,0,0,6.111893,-5.2912593,3.0590549,0.53805774,0.6417476,0.4553806,0.6946602
2024-05-04 20:12:20,22,1,11 Sara Liang,04 Raha Mozaffari,0,0,0,0,0,0,0,0,1,0,0,5.7775135,-5.776697,0.09711355,0.4553806,0.6946602,0.4527559,0.75242716
2024-05-04 20:12:29,22,1,04 Raha Mozaffari,13 Kat Harper,0,0,0,0,0,0,0,0,0,0,1,18.99627,14.6116495,12.139108,0.4527559,0.75242716,0.12467191,0.60631067
2024-05-04 20:12:39,22,1,13 Kat Harper,05 Lindsay McKenna,0,0,0,0,0,0,0,0,0,1,1,11.585354,10.825241,4.1272964,0.12467191,0.60631067,0.0131233595,0.49805826
2024-05-04 20:12:44,22,1,05 Lindsay McKenna,11 Sara Liang,0,0,0,0,0,0,0,0,0,1,1,12.145634,12.135923,0.4855643,0.0131233595,0.49805826,0,0.37669903
2024-05-04 20:12:51,22,1,11 Sara Liang,21 Linda Morse,0,0,0,0,0,0,0,0,0,1,0,9.585433,7.0388346,-6.5065613,0,0.37669903,0.17585301,0.30631068
2024-05-04 20:12:58,22,1,21 Linda Morse,04 Raha Mozaffari,0,0,0,0,0,0,0,0,1,0,1,6.25348,-5.048543,3.6902885,0.17585301,0.30631068,0.07611549,0.35679612
2024-05-04 20:13:03,22,1,04 Raha Mozaffari,21 Linda Morse,0,0,0,0,0,0,0,0,1,1,0,6.8860555,-3.2524257,-6.069554,0.07611549,0.35679612,0.24015749,0.38932037
2024-05-04 20:13:09,22,1,21 Linda Morse,04 Raha Mozaffari,0,0,0,0,0,0,0,0,0,0,0,11.090145,4.126212,-10.293963,0.24015749,0.38932037,0.5183727,0.34805825
2024-05-04 20:13:14,22,1,04 Raha Mozaffari,21 Linda Morse,0,0,0,0,0,0,0,0,0,0,0,8.215221,-0.3883481,8.2060375,0.5183727,0.34805825,0.2965879,0.35194173
2024-05-04 20:13:20,22,1,21 Linda Morse,33 Jana Graham,0,0,0,0,0,0,0,0,0,0,0,9.857617,5.3883495,-8.254593,0.2965879,0.35194173,0.51968503,0.29805824
2024-05-04 20:13:24,22,1,33 Jana Graham,24 Casey Gorman,0,0,0,0,0,1,0,0,0,0,0,9.827438,7.7669888,-6.020998,0.51968503,0.29805824,0.6824147,0.22038835
2024-05-04 20:13:32,22,1,24 Casey Gorman,33 Jana Graham,0,0,0,1,1,0,0,0,0,0,0,10.115177,9.854369,-2.282152,0.6824147,0.22038835,0.7440945,0.12184466
2024-05-04 20:15:23,23,1,11 Sara Liang,15 Layne Dodge,0,0,0,0,0,0,0,0,0,1,1,9.563849,9.077671,-3.0104985,0.023622047,0.34514564,0.104986876,0.25436893
2024-05-04 20:15:32,23,1,15 Layne Dodge,11 Sara Liang,0,0,0,0,0,1,0,0,1,1,0,6.8006244,-6.4563093,-2.1364832,0.104986876,0.25436893,0.16272967,0.31893203
2024-05-04 20:15:38,23,1,11 Sara Liang,00 Emilie Mohler,0,0,0,1,1,0,0,0,0,0,1,20.548264,20.436892,2.1364832,0.16272967,0.31893203,0.104986876,0.11456311
2024-05-04 20:18:27,25,1,20 Danielle Walsh,22 Liz Hart,0,0,0,0,0,0,0,0,0,0,1,24.945127,20.38835,14.372704,0.47637796,0.6456311,0.08792651,0.44174758
2024-05-04 20:18:36,25,1,22 Liz Hart,09 Sarah Hirannet,1,1,0,1,0,0,0,0,0,1,0,35.987682,35.339806,-6.7979,0.08792651,0.44174758,0.27165353,0.08834951
2024-05-04 20:20:24,25,2,20 Danielle Walsh,23 Natalie Bova,1,1,0,0,0,0,1,0,0,1,0,43.086082,39.757282,-16.6063,0.002624672,0.657767,0.45144358,0.26019418
2024-05-04 20:20:59,25,3,20 Danielle Walsh,01 Emily Shields,0,0,0,0,0,1,0,0,0,1,1,16.56543,16.553398,0.6312336,0.028871391,0.3800971,0.011811024,0.2145631
2024-05-04 20:21:04,25,3,01 Emily Shields,23 Natalie Bova,0,0,0,1,1,0,0,0,0,1,1,5.9677367,5.53398,-2.2335956,0.011811024,0.2145631,0.072178476,0.1592233
2024-05-04 20:22:21,27,1,20 Danielle Walsh,10 Andrea DeSabato,0,0,0,0,0,0,0,0,0,0,0,10.164873,2.2815526,9.905512,0.7703412,0.65,0.5026247,0.62718445
2024-05-04 20:22:31,27,1,10 Andrea DeSabato,01 Emily Shields,0,0,0,0,0,0,0,0,0,0,0,11.031844,8.15534,-7.4291325,0.5026247,0.62718445,0.70341206,0.54563105
2024-05-04 20:22:39,27,1,01 Emily Shields,03 Rachel Alfano,1,1,0,0,0,0,0,0,0,0,0,12.7034445,12.6699,-0.9225732,0.70341206,0.54563105,0.72834647,0.41893205
2024-05-04 20:24:40,28,1,20 Danielle Walsh,09 Sarah Hirannet,0,0,0,0,0,0,0,0,0,0,0,12.497202,6.0679617,-10.925196,0.5209974,0.6417476,0.816273,0.581068
2024-05-04 20:24:44,28,1,09 Sarah Hirannet,03 Rachel Alfano,0,0,0,0,0,0,0,0,0,0,1,11.494348,11.407768,-1.4081366,0.816273,0.581068,0.8543307,0.4669903
2024-05-04 20:24:51,28,1,03 Rachel Alfano,10 Andrea DeSabato,0,0,0,0,0,0,0,0,1,1,0,4.029786,-3.2524257,2.3792653,0.8543307,0.4669903,0.79002625,0.49951455
2024-05-04 20:24:56,28,1,10 Andrea DeSabato,20 Danielle Walsh,0,0,0,0,0,1,0,0,0,0,0,18.01302,10.728153,14.469816,0.79002625,0.49951455,0.39895013,0.392233
2024-05-04 20:25:05,28,1,20 Danielle Walsh,09 Sarah Hirannet,0,0,0,1,1,0,0,0,0,0,1,29.952456,28.30097,9.808399,0.39895013,0.392233,0.13385826,0.1092233
2024-05-04 20:26:55,29,1,11 Sara Liang,13 Kat Harper,0,0,0,0,0,0,0,0,0,1,1,15.634762,15.631067,0.33989495,0.044619422,0.7446602,0.035433073,0.5883495
2024-05-04 20:27:01,29,1,13 Kat Harper,11 Sara Liang,0,0,0,0,0,0,0,0,1,1,1,8.176129,-8.15534,0.58267725,0.035433073,0.5883495,0.01968504,0.6699029
2024-05-04 20:27:04,29,1,11 Sara Liang,13 Kat Harper,0,0,0,0,0,0,0,0,0,1,0,5.624278,2.5728166,-5.001312,0.01968504,0.6699029,0.15485564,0.64417475
2024-05-04 20:27:12,29,1,13 Kat Harper,21 Linda Morse,0,0,0,0,0,0,0,0,0,0,0,6.1373386,-0.4854381,-6.1181107,0.15485564,0.64417475,0.32020998,0.64902914
2024-05-04 20:27:20,29,1,21 Linda Morse,11 Sara Liang,0,0,0,0,0,0,0,0,1,0,1,10.020821,-5.3883495,8.448819,0.32020998,0.64902914,0.09186352,0.7029126
2024-05-04 20:27:25,29,1,11 Sara Liang,13 Kat Harper,0,0,0,0,0,0,0,0,0,1,1,21.220318,21.213594,-0.5341207,0.09186352,0.7029126,0.106299214,0.4907767
2024-05-04 20:27:35,29,1,13 Kat Harper,08 Emma Soiles,0,0,0,0,0,0,0,0,0,1,1,16.121675,15.873784,2.8162732,0.106299214,0.4907767,0.030183727,0.33203885
2024-05-04 20:27:44,29,1,08 Emma Soiles,24 Casey Gorman,1,1,0,0,0,0,0,0,1,1,0,7.0848403,-1.4077663,-6.943569,0.030183727,0.33203885,0.21784776,0.3461165
2024-05-04 20:30:29,29,2,08 Emma Soiles,18 Sumi Onoe,0,0,0,0,0,0,0,0,0,0,0,33.804237,33.446606,4.904199,0.30052492,0.54271847,0.167979,0.20825243
2024-05-04 20:30:38,29,2,18 Sumi Onoe,11 Sara Liang,0,0,0,0,0,0,0,0,1,0,1,4.4876556,-3.834951,2.3307087,0.167979,0.20825243,0.104986876,0.24660194
2024-05-04 20:30:45,29,2,11 Sara Liang,18 Sumi Onoe,0,0,0,0,0,0,0,0,1,1,1,4.3228946,-4.223302,0.92257214,0.104986876,0.24660194,0.080052495,0.28883496
2024-05-04 20:31:11,29,2,18 Sumi Onoe,11 Sara Liang,0,0,0,0,0,0,0,1,0,1,0,12.972875,1.6504854,-12.867454,0.080052495,0.28883496,0.42782152,0.2723301
2024-05-04 20:31:30,29,2,11 Sara Liang,04 Raha Mozaffari,0,0,0,0,0,0,0,0,0,0,0,6.7575197,0.8737862,-6.7007885,0.42782152,0.2723301,0.6089239,0.26359224
2024-05-04 20:31:55,29,2,04 Raha Mozaffari,11 Sara Liang,0,0,0,0,0,0,0,0,1,0,0,7.0696864,-2.5242715,6.603675,0.6089239,0.26359224,0.4304462,0.28883496
2024-05-04 20:32:00,29,2,11 Sara Liang,21 Linda Morse,0,0,0,0,0,1,0,0,0,0,0,10.8477545,8.252428,-7.040683,0.4304462,0.28883496,0.62073493,0.20631067
2024-05-04 20:32:03,29,2,21 Linda Morse,13 Kat Harper,0,0,0,1,1,0,0,0,0,0,0,12.341856,5.9223294,10.828085,0.62073493,0.20631067,0.328084,0.14708738
2024-05-04 20:34:06,30,1,04 Raha Mozaffari,21 Linda Morse,0,0,0,0,0,0,0,0,0,1,0,31.816914,31.21359,6.1666675,1,0.7558252,0.8333333,0.44368932
2024-05-04 20:34:12,30,1,21 Linda Morse,04 Raha Mozaffari,0,0,0,0,0,0,0,0,0,0,1,5.287842,2.6699038,-4.564306,0.8333333,0.44368932,0.95669293,0.41699028
2024-05-04 20:34:27,30,1,04 Raha Mozaffari,24 Casey Gorman,1,0,1,0,0,0,0,0,0,1,0,12.819286,11.941746,4.6614175,0.95669293,0.41699028,0.8307087,0.29757282
2024-05-04 20:35:23,30,2,11 Sara Liang,04 Raha Mozaffari,0,0,0,0,0,0,0,1,0,0,0,11.949715,0.33980608,-11.944882,0.17979002,0.7441748,0.5026247,0.7407767
2024-05-04 20:35:27,30,2,04 Raha Mozaffari,21 Linda Morse,0,0,0,0,0,0,0,0,0,0,0,12.110495,7.427186,-9.565615,0.5026247,0.7407767,0.76115483,0.66650486
2024-05-04 20:35:33,30,2,21 Linda Morse,18 Sumi Onoe,0,0,0,0,0,0,0,0,0,0,0,5.656346,5.631071,-0.5341212,0.76115483,0.66650486,0.77559054,0.61019415
2024-05-04 20:35:36,30,2,18 Sumi Onoe,21 Linda Morse,0,0,0,0,0,1,0,0,0,0,1,10.86385,10.145628,-3.8845155,0.77559054,0.61019415,0.88057745,0.50873786
2024-05-04 20:35:45,30,2,21 Linda Morse,05 Lindsay McKenna,0,0,0,1,1,0,1,0,0,1,0,41.158108,35,21.65617,0.88057745,0.50873786,0.2952756,0.15873787