week,match,team,Player,Touches,Throws,Catches,Defensive blocks,Goals,Turnovers,Total completed throw gain (yd),Average completed throw gain (yd),Total caught pass gain (yd),Average caught pass gain (yd),Offense points played,Defense points played,Possessions initiated,Thrower errors,Receiver errors,Assists,Secondary assists
Week 1,ATL @ ATX,original stats,08 Dani Ortiz,16,16,15,0,0,0,78.80082,5.2512,102.78130000000002,6.84844,10,4,1,0,0,2,1
Week 1,ATL @ ATX,original stats,05 Megan Jarriel,15,15,15,1,0,1,39.099560000000004,2.7897,92.44300000000001,6.15922,10,4,0,1,0,1,0
Week 1,ATL @ ATX,original stats,13 Hannah Abraham,26,25,22,0,1,2,97.95676000000002,4.080620000000001,16.74914,0.7658,9,5,4,1,1,1,1
Week 1,ATL @ ATX,original stats,20 Soju Hokari,22,22,18,1,0,2,112.29910000000001,5.34966,39.76690000000001,2.20988,9,4,4,1,1,1,0
Week 1,ATL @ ATX,original stats,29 Charlotte Doran,30,30,22,0,0,2,119.45386,4.41976,49.43786,2.2427,9,3,8,2,0,0,3
Week 1,ATL @ ATX,original stats,03 Alex Krueger,11,10,11,0,1,3,22.28478,3.1835400000000003,72.45562000000001,6.58588,8,3,0,3,0,0,0
Week 1,ATL @ ATX,original stats,26 Morgan Lally,14,14,14,0,0,1,58.8025,4.51822,71.19752,5.0871,3,7,0,1,0,1,0
Week 1,ATL @ ATX,original stats,31 María Vargas,33,33,25,1,0,2,226.9503,7.570480000000001,32.9841,1.3237400000000001,5,5,8,2,0,3,0
Week 1,ATL @ ATX,original stats,12 Emma Jaschke,14,13,13,0,1,1,7.078180000000001,0.5907600000000001,89.93774,6.914080000000001,3,7,1,1,0,0,1
Week 1,ATL @ ATX,original stats,10 Mia Griner,25,24,19,2,1,4,87.94666000000001,4.39788,117.52842000000001,6.181100000000001,5,5,6,4,0,1,0
Week 1,ATL @ ATX,original stats,18 Naomi Anderson,12,8,9,2,4,1,12.4716,1.78322,31.704120000000003,3.5226800000000007,4,6,3,1,0,0,0
Week 1,ATL @ ATX,original stats,75 Sarah Kingsley-Hart,6,4,6,0,2,0,5.0871,1.26904,61.975100000000005,10.32736,6,3,0,0,0,0,0
Week 1,ATL @ ATX,original stats,44 Jordan Harn,15,15,15,0,0,3,5.612220000000001,0.42666000000000004,20.9501,1.4003200000000002,4,5,0,2,1,0,0
Week 1,ATL @ ATX,original stats,45 Jennifer Lin,8,7,8,0,1,0,21.47522,3.0632,59.09788000000001,7.384500000000001,5,3,0,0,0,0,0
Week 1,ATL @ ATX,original stats,55 Trystan Grzyll,4,4,4,0,0,1,-2.5052600000000003,-0.8314400000000001,50.90382,12.723220000000001,4,4,0,1,0,0,1
Week 1,ATL @ ATX,original stats,27 Therese Doebler,10,10,10,1,0,1,14.167300000000001,1.57536,20.35934,2.0348400000000004,4,4,0,1,0,0,0
Week 1,ATL @ ATX,original stats,19 Elle Mayer,6,6,5,0,0,1,22.28478,4.452580000000001,22.2082,4.44164,5,1,1,1,0,1,0
Week 1,ATL @ ATX,original stats,72 Annalise Paul,7,7,7,2,0,0,35.56594,5.07616,12.31844,1.7613400000000003,2,4,0,0,0,0,1
Week 1,ATL @ ATX,ATL,08 Dani Ortiz,16,16,15,0,0,0,78.80082,5.2512,102.78130000000002,6.84844,10,4,1,0,0,2,1
Week 1,ATL @ ATX,ATL,05 Megan Jarriel,15,15,15,1,0,1,39.099560000000004,2.7897,92.44300000000001,6.15922,10,4,0,1,0,1,0
Week 1,ATL @ ATX,ATL,13 Hannah Abraham,26,24,22,0,1,2,92.22640003400001,4.080620000000001,16.74914,0.7658,9,5,4,1,1,0,1
Week 1,ATL @ ATX,ATL,20 Soju Hokari,22,22,18,1,0,2,112.29910000000001,5.34966,39.76690000000001,2.20988,9,4,4,1,1,1,0
Week 1,ATL @ ATX,ATL,29 Charlotte Doran,30,30,22,0,0,2,119.45386,4.41976,49.43786,2.2427,9,3,8,2,0,0,3
Week 1,ATL @ ATX,ATL,03 Alex Krueger,11,10,11,0,1,3,22.28478,3.1835400000000003,72.45562000000001,6.58588,8,3,0,3,0,0,0
Week 1,ATL @ ATX,ATL,26 Morgan Lally,14,14,14,0,0,1,58.8025,4.51822,71.19752,5.0871,3,7,0,1,0,1,0
Week 1,ATL @ ATX,ATL,31 María Vargas,33,31,24,1,0,2,157.4481719296,7.570480000000001,36.8945120886,1.3237400000000001,5,5,8,2,0,1,0
Week 1,ATL @ ATX,ATL,12 Emma Jaschke,14,13,13,0,1,1,7.078180000000001,0.5907600000000001,25.37896973799999,6.914080000000001,3,7,1,1,0,0,1
Week 1,ATL @ ATX,ATL,10 Mia Griner,25,24,19,2,1,4,87.94666000000001,4.39788,117.52842000000001,6.181100000000001,5,5,6,4,0,1,0
Week 1,ATL @ ATX,ATL,18 Naomi Anderson,12,8,7,2,2,1,12.4716,1.78322,21.030402225600003,3.5226800000000007,4,6,3,1,0,0,0
Week 1,ATL @ ATX,ATL,75 Sarah Kingsley-Hart,6,4,6,0,2,0,5.0871,1.26904,61.975100000000005,10.32736,6,3,0,0,0,0,0
Week 1,ATL @ ATX,ATL,44 Jordan Harn,15,15,15,0,0,3,5.612220000000001,0.42666000000000004,20.9501,1.4003200000000002,4,5,0,2,1,0,0
Week 1,ATL @ ATX,ATL,45 Jennifer Lin,8,7,8,0,1,0,21.47522,3.0632,59.09788000000001,7.384500000000001,5,3,0,0,0,0,0
Week 1,ATL @ ATX,ATL,55 Trystan Grzyll,4,4,4,0,0,1,-2.5052600000000003,-0.8314400000000001,50.90382,12.723220000000001,4,4,0,1,0,0,1
Week 1,ATL @ ATX,ATL,27 Therese Doebler,10,10,10,1,0,1,14.167300000000001,1.57536,20.35934,2.0348400000000004,4,4,0,1,0,0,0
Week 1,ATL @ ATX,ATL,19 Elle Mayer,6,5,5,0,0,1,26.195192088600002,4.452580000000001,22.2082,4.44164,5,1,1,1,0,1,0
Week 1,ATL @ ATX,ATL,72 Annalise Paul,7,7,7,2,0,0,35.56594,5.07616,12.31844,1.7613400000000003,2,4,0,0,0,0,1
Week 1,ATL @ ATX,original stats,03 Madi Cannon,16,13,16,0,3,0,-9.003620000000002,-0.68922,172.28312,10.76496,6,5,0,0,0,1,1
Week 1,ATL @ ATX,original stats,73 Clara Stewart,30,30,29,0,0,0,216.25098,7.20946,-8.927040000000002,-0.30632000000000004,6,5,1,0,0,2,2
Week 1,ATL @ ATX,original stats,81 Mckenzie Bailey,11,11,11,0,0,0,23.903900000000004,2.17706,40.871840000000006,3.7196000000000002,5,5,0,0,0,0,0
Week 1,ATL @ ATX,original stats,71 Wren Vogel,3,2,3,1,1,1,7.52672,7.52672,22.065980000000003,7.35168,5,5,0,1,0,0,0
Week 1,ATL @ ATX,original stats,26 Amy Broome,13,13,8,0,0,0,105.13340000000001,8.08466,-15.34882,-1.9145,5,5,5,0,0,1,0
Week 1,ATL @ ATX,original stats,69 Jaime Estes,16,14,14,1,2,1,38.366580000000006,2.9538,138.1175,9.86788,7,3,2,1,0,2,0
Week 1,ATL @ ATX,original stats,31 Nikki Gilbert,13,11,12,2,2,0,31.583780000000004,2.86628,131.92546000000002,10.994700000000002,5,5,1,0,0,1,1
Week 1,ATL @ ATX,original stats,00 Maggie Rowell,13,13,12,0,0,2,43.01608,3.90558,121.58716000000001,10.13044,6,3,1,2,0,1,1
Week 1,ATL @ ATX,original stats,07 Shiru Liu,27,27,21,0,0,4,123.21722,5.360600000000001,27.153080000000003,1.29092,6,3,6,4,0,0,0
Week 1,ATL @ ATX,original stats,42 Meg Duffy,18,17,15,0,1,2,66.8434,4.452580000000001,26.70454,1.78322,6,3,3,2,0,1,2
Week 1,ATL @ ATX,original stats,02 Elise Bjork,23,23,18,1,0,2,114.50898000000001,5.448120000000001,1.8488600000000002,0.09846,6,3,5,2,0,2,2
Week 1,ATL @ ATX,original stats,88 Maddy Easton,10,9,10,0,1,1,98.42718,12.307500000000001,132.58186,13.25928,4,5,0,1,0,2,3
Week 1,ATL @ ATX,original stats,05 Dre Esparza,24,24,20,0,0,1,66.32922,3.01944,-23.980480000000004,-1.2034000000000002,0,7,4,1,0,1,0
Week 1,ATL @ ATX,original stats,19 Vanessa Bacorn,7,6,7,1,1,2,-18.30262,-3.0522600000000004,114.50898000000001,16.3553,0,7,0,0,2,0,0
Week 1,ATL @ ATX,original stats,22 Sydney Loughran,10,7,9,1,3,0,13.71876,1.9582600000000001,52.905840000000005,5.87478,5,3,1,0,0,0,0
Week 1,ATL @ ATX,original stats,15 Elise Franke,9,9,9,0,0,1,-25.818400000000004,-3.2273000000000005,131.69572,14.637720000000002,0,7,0,1,0,0,0
Week 1,ATL @ ATX,original stats,10 Gaby Cuina,4,4,4,2,0,0,5.8310200000000005,1.4550200000000002,31.507200000000005,7.876800000000001,5,3,0,0,0,0,0
Week 1,ATL @ ATX,original stats,12 Annie Ortiz,12,12,10,1,0,0,18.44484,1.54254,1.4003200000000002,0.14222,0,7,2,0,0,0,1
Week 1,ATL @ ATX,original stats,16 Kinsey Neas,14,13,14,0,1,3,-16.00522,-1.59724,138.41288,9.889759999999999,0,7,0,3,0,0,0
Week 1,ATL @ ATX,original stats,27 Jocelyn Jessop,13,13,12,1,0,0,108.67796000000001,8.35816,-5.9732400000000005,-0.50324,0,7,1,0,0,0,0
Week 1,ATL @ ATX,original stats,95 Megan Mendieta,25,25,21,1,0,1,250.55882000000003,10.896240000000002,31.86822,1.52066,0,7,4,1,0,1,1
Week 1,ATL @ ATX,ATX,03 Madi Cannon,16,13,15,0,3,0,-9.003620000000002,-0.68922,176.341098576,10.76496,6,5,0,0,0,1,1
Week 1,ATL @ ATX,ATX,73 Clara Stewart,30,29,26,0,0,0,171.31807634400002,7.20946,-5.090398738200002,-0.30632000000000004,6,5,1,0,0,2,2
Week 1,ATL @ ATX,ATX,81 Mckenzie Bailey,11,11,11,0,0,0,23.903900000000004,2.17706,40.871840000000006,3.7196000000000002,5,5,0,0,0,0,0
Week 1,ATL @ ATX,ATX,71 Wren Vogel,3,2,3,1,1,1,7.52672,7.52672,22.065980000000003,7.35168,5,5,0,1,0,0,0
Week 1,ATL @ ATX,ATX,26 Amy Broome,13,13,8,0,0,0,105.13340000000001,8.08466,-15.34882,-1.9145,5,5,5,0,0,1,0
Week 1,ATL @ ATX,ATX,69 Jaime Estes,16,14,14,1,2,1,38.366580000000006,2.9538,138.1175,9.86788,7,3,2,1,0,2,0
Week 1,ATL @ ATX,ATX,31 Nikki Gilbert,13,11,12,2,2,0,31.583780000000004,2.86628,131.92546000000002,10.994700000000002,5,5,1,0,0,1,1
Week 1,ATL @ ATX,ATX,00 Maggie Rowell,13,12,12,0,0,2,39.10566430120001,3.90558,121.58716000000001,10.13044,6,3,1,2,0,1,1
Week 1,ATL @ ATX,ATX,07 Shiru Liu,27,27,21,0,0,4,123.21722,5.360600000000001,27.153080000000003,1.29092,6,3,6,4,0,0,0
Week 1,ATL @ ATX,ATX,42 Meg Duffy,18,17,15,0,1,2,66.8434,4.452580000000001,26.70454,1.78322,6,3,3,2,0,1,2
Week 1,ATL @ ATX,ATX,02 Elise Bjork,23,23,18,1,0,2,114.50898000000001,5.448120000000001,1.8488600000000002,0.09846,6,3,5,2,0,2,2
Week 1,ATL @ ATX,ATX,88 Maddy Easton,10,9,9,0,1,1,98.42718,12.307500000000001,87.648956344,13.25928,4,5,0,1,0,2,3
Week 1,ATL @ ATX,ATX,05 Dre Esparza,24,23,20,0,0,1,70.38720207680001,3.01944,-23.980480000000004,-1.2034000000000002,0,7,4,1,0,1,0
Week 1,ATL @ ATX,ATX,19 Vanessa Bacorn,7,6,7,1,1,2,-18.30262,-3.0522600000000004,114.50898000000001,16.3553,0,7,0,0,2,0,0
Week 1,ATL @ ATX,ATX,22 Sydney Loughran,10,6,9,1,3,0,17.776738576,1.9582600000000001,52.905840000000005,5.87478,5,3,1,0,0,0,0
Week 1,ATL @ ATX,ATX,15 Elise Franke,9,9,9,0,0,1,-25.818400000000004,-3.2273000000000005,131.69572,14.637720000000002,0,7,0,1,0,0,0
Week 1,ATL @ ATX,ATX,10 Gaby Cuina,4,3,4,2,0,0,9.5200948838,1.4550200000000002,31.507200000000005,7.876800000000001,5,3,0,0,0,0,0
Week 1,ATL @ ATX,ATX,12 Annie Ortiz,12,12,10,1,0,0,18.44484,1.54254,1.4003200000000002,0.14222,0,7,2,0,0,0,1
Week 1,ATL @ ATX,ATX,16 Kinsey Neas,14,13,14,0,1,3,-16.00522,-1.59724,138.41288,9.889759999999999,0,7,0,3,0,0,0
Week 1,ATL @ ATX,ATX,27 Jocelyn Jessop,13,13,12,1,0,0,108.67796000000001,8.35816,-5.9732400000000005,-0.50324,0,7,1,0,0,0,0
Week 1,ATL @ ATX,ATX,95 Megan Mendieta,25,25,21,1,0,1,250.55882000000003,10.896240000000002,31.86822,1.52066,0,7,4,1,0,1,1
Week 1,DC @ RAL,DC,07 Kami Groom,19,16,18,2,4,2,86.03216,6.148280000000001,146.71634000000003,8.150300000000001,2,16,1,2,0,1,2
Week 1,DC @ RAL,DC,21 Jess Oh,13,13,11,0,0,1,94.55442000000002,7.876800000000001,11.11504,1.00648,1,12,2,1,0,0,1
Week 1,DC @ RAL,DC,01 Ashleigh Jentilet,9,9,7,1,0,1,118.41456000000001,14.801820000000001,131.67384,18.805860000000003,1,10,2,1,0,5,0
Week 1,DC @ RAL,DC,22 Erin McCann,6,5,6,2,1,0,22.448880000000003,4.4854,42.315920000000006,7.056300000000001,1,10,0,0,0,1,1
Week 1,DC @ RAL,DC,09 Annalise Peters,18,17,10,1,1,5,114.33394000000001,9.52874,25.643360000000005,2.5599600000000002,1,10,8,5,0,0,1
Week 1,DC @ RAL,DC,66 Jackie Wang,16,16,9,0,0,1,65.50872000000001,4.365060000000001,-14.298580000000001,-1.5863,1,10,7,1,0,0,1
Week 1,DC @ RAL,DC,37 Claire Trop,23,20,22,0,3,4,24.30868,1.52066,268.01906,12.187160000000002,5,5,1,4,0,1,1
Week 1,DC @ RAL,DC,46 Graham Cunningham,10,9,10,0,1,0,78.02408,8.664480000000001,106.41338,10.644620000000002,0,10,0,0,0,1,1
Week 1,DC @ RAL,DC,19 Allie Wallace,13,11,13,0,2,0,76.17522,6.925020000000001,114.03856,8.77388,6,4,0,0,0,1,0
Week 1,DC @ RAL,DC,04 Ellen Mueller,7,6,7,0,1,0,40.68586,6.782800000000001,109.96888,15.70984,0,8,0,0,0,1,1
Week 1,DC @ RAL,DC,23 Lisa Dang,19,19,13,0,0,5,113.96198000000001,8.139360000000002,3.10696,0.24068000000000003,6,1,6,5,0,0,1
Week 1,DC @ RAL,DC,15 Florence Brooks,6,4,5,1,2,1,21.409580000000002,5.34966,92.47582000000001,18.499540000000003,0,7,1,0,1,1,0
Week 1,DC @ RAL,DC,12 Clare Frantz,5,4,5,0,1,1,10.52428,3.51174,68.83448000000001,13.76252,3,3,0,1,0,0,2
Week 1,DC @ RAL,DC,16 Margaret Walker,17,17,13,1,0,2,139.01458,9.266180000000002,26.15754,2.01296,6,0,4,2,0,0,0
Week 1,DC @ RAL,DC,24 Jamie Eriksson,5,5,5,1,0,1,86.40412,21.59556,39.56998000000001,7.909620000000001,0,6,0,1,0,0,1
Week 1,DC @ RAL,DC,05 Marie Perivier,8,8,7,2,0,1,61.80006000000001,8.82858,76.32838,10.907180000000002,4,2,1,1,0,1,0
Week 1,DC @ RAL,DC,36 Carolyn Normile,16,16,8,0,0,2,77.29110000000001,5.9404200000000005,56.69108000000001,7.089120000000001,6,0,8,2,0,1,1
Week 1,DC @ RAL,DC,08 Kathryn Ritzman,5,5,5,0,0,2,20.22806,5.05428,32.89658,6.574940000000001,5,0,0,1,1,0,0
Week 1,DC @ RAL,DC,00 Emma Jones,6,6,6,1,0,0,24.822860000000002,4.13532,-18.521420000000003,-3.08508,0,5,0,0,0,0,0
Week 1,DC @ RAL,DC,13 Sami Smalling,9,9,7,0,0,0,52.53388000000001,5.84196,9.33182,1.33468,1,3,2,0,0,1,1
Week 1,DC @ RAL,RAL,90 Qxhna Titcomb,17,17,15,2,0,3,49.219060000000006,3.7852400000000004,15.72078,1.05024,5,3,2,3,0,1,0
Week 1,DC @ RAL,RAL,28 Claire Revere,12,11,11,0,1,1,21.168900000000004,2.1114200000000003,52.107220000000005,4.73702,5,3,1,1,0,0,0
Week 1,DC @ RAL,RAL,16 Tania Proksch,2,2,2,1,0,2,1.87074,0.9299000000000001,17.252380000000002,8.63166,5,3,0,0,2,0,0
Week 1,DC @ RAL,RAL,01 Lindsay Soo,10,9,9,2,1,1,45.90424,5.73256,104.64110000000001,11.629220000000002,6,2,1,1,0,1,0
Week 1,DC @ RAL,RAL,18 Sarah McKee,4,4,4,1,0,0,-18.696460000000002,-4.67138,73.10108,18.28074,5,2,0,0,0,0,0
Week 1,DC @ RAL,RAL,44 Chloe Greene,32,32,27,0,0,3,61.285880000000006,2.26458,14.68148,0.547,6,1,5,3,0,0,0
Week 1,DC @ RAL,RAL,25 Meg Manning,4,4,4,0,0,0,10.622740000000002,2.6584200000000004,17.1758,4.28848,4,3,0,0,0,0,0
Week 1,DC @ RAL,RAL,02 Claire Bidigaire-Curtis,15,15,14,3,0,2,51.8556,3.7086600000000005,67.48886,4.824540000000001,6,1,1,1,1,0,1
Week 1,DC @ RAL,RAL,11 Dawn Culton,6,6,6,0,0,1,79.64320000000001,15.928640000000001,40.88278,6.815620000000001,5,2,0,1,0,2,0
Week 1,DC @ RAL,RAL,22 Julia Zwierzynski,3,2,3,0,1,0,1.19246,0.5907600000000001,64.00994,21.333000000000002,5,2,0,0,0,0,0
Week 1,DC @ RAL,RAL,88 Maddie Pletzke,1,1,1,0,0,1,0,0,24.396200000000004,24.396200000000004,6,1,0,1,0,0,0
Week 1,DC @ RAL,RAL,13 Tyler Smith,21,21,13,2,0,5,34.59228,2.1661200000000003,14.70336,1.1268200000000002,5,2,8,5,0,0,0
Week 1,DC @ RAL,RAL,15 Justine Neville,0,0,0,0,0,0,0,0,0,0,3,4,0,0,0,0,0
Week 1,DC @ RAL,RAL,45 Caitlin Gross,25,24,19,1,1,6,78.68048,4.146260000000001,40.040400000000005,2.1114200000000003,6,1,6,5,1,0,0
Week 1,DC @ RAL,RAL,32 Annie Bocko,13,13,7,0,0,2,54.492140000000006,4.540100000000001,-16.07086,-2.2974,6,1,6,1,1,0,0
Week 1,DC @ RAL,RAL,06 Jenny Wei,6,6,6,0,0,1,-16.41,-3.282,71.06624,11.848020000000002,5,2,0,1,0,0,1
Week 1,DC @ RAL,RAL,10 Paige Carver,2,2,2,0,0,1,-0.67828,-0.33914,24.14458,12.06682,5,1,0,0,1,0,0
Week 1,DC @ RAL,RAL,09 Jinny Riedel,6,6,6,0,0,0,7.143820000000001,1.19246,7.647060000000001,1.2799800000000001,3,3,0,0,0,0,0
Week 1,DC @ RAL,RAL,12 Katie Backus Meilstrup,7,7,7,1,0,1,19.976440000000004,3.3257600000000003,62.56586,8.937980000000001,5,1,0,1,0,0,0
Week 1,DC @ RAL,RAL,59 Audrey Lyman,26,26,16,0,0,7,196.36206,10.3383,-6.80468,-0.42666000000000004,5,1,10,7,0,0,1
Week 1,DC @ RAL,RAL,23 Nicole Patterson,0,0,0,0,0,0,0,0,0,0,2,4,0,0,0,0,0
Week 1,DC @ RAL,RAL,33 Erica Birdsong,10,10,10,0,0,3,12.40596,1.7722800000000003,63.92242,6.38896,6,0,0,3,0,1,0
Week 1,DC @ RAL,RAL,19 Sydney Kelley,0,0,0,0,0,0,0,0,0,0,3,3,0,0,0,0,0
Week 1,DC @ RAL,RAL,03 Grace Conerly,8,7,3,0,1,2,38.84794,6.4764800000000005,19.549780000000002,6.52024,4,1,5,1,1,0,1
Week 1,DC @ RAL,RAL,17 Emily Przykucki,9,9,9,1,0,3,42.41438000000001,6.06076,-19.549780000000002,-2.17706,3,2,0,2,1,0,0
Week 1,DC @ RAL,RAL,14 Sarah Spall,2,2,2,1,0,0,4.7589,2.38492,27.120260000000002,13.554660000000002,4,0,0,0,0,0,0
Week 1,DC @ RAL,RAL,27 Mary Rippe,6,6,6,1,0,1,20.82976,3.4679800000000003,17.67904,2.94286,3,0,0,0,1,0,0
Week 1,NASH @ INDY,INDY,17 Kristin Dudley,21,19,13,0,2,1,107.81370000000001,6.3452,47.27174,3.63208,10,5,8,1,0,0,0
Week 1,NASH @ INDY,INDY,11 Tracey Lo,18,16,10,0,2,2,97.891120000000015,6.99066,82.99084,8.303460000000001,7,5,8,2,0,0,1
Week 1,NASH @ INDY,INDY,32 Shani Rosenthal,15,12,15,0,3,2,125.67872,12.570060000000002,180.29120000000003,12.023060000000001,8,4,0,2,0,3,1
Week 1,NASH @ INDY,INDY,66 Mya Hernandez,12,11,12,1,1,2,59.349500000000006,5.9404200000000005,117.22210000000001,9.76942,8,4,0,1,1,1,1
Week 1,NASH @ INDY,INDY,40 Claire Milton,13,12,13,0,1,0,212.52044,17.71186,173.76002000000003,13.368680000000001,8,3,0,0,0,4,4
Week 1,NASH @ INDY,INDY,02 Maketa Mattatore,16,16,12,0,0,1,49.05496000000001,3.2710600000000003,-36.1567,-3.0085,3,8,4,1,0,0,0
Week 1,NASH @ INDY,INDY,24 Abby Swensen,11,6,11,1,5,0,104.2582,20.85164,228.67882000000003,20.786,6,5,0,0,0,3,0
Week 1,NASH @ INDY,INDY,14 Briana Burriss,10,9,7,1,1,1,17.044520000000002,2.1333,-9.266180000000002,-1.3237400000000001,2,9,3,1,0,0,0
Week 1,NASH @ INDY,INDY,18 Laura Gerencser,10,10,8,1,0,0,79.73072,7.9752600000000005,-37.119420000000005,-4.638560000000001,8,3,2,0,0,0,1
Week 1,NASH @ INDY,INDY,04 Rachel Mast,16,16,15,1,0,2,75.72668,5.4043600000000005,148.05102000000002,9.86788,6,4,1,1,1,2,2
Week 1,NASH @ INDY,INDY,34 Lauren Kitten,13,13,9,1,0,3,57.65380000000001,5.24026,-12.668520000000001,-1.4112600000000002,7,2,4,2,1,0,1
Week 1,NASH @ INDY,INDY,29 Emily Schloneger,6,6,6,0,0,0,93.8105,15.63326,81.43736,13.576540000000001,8,1,0,0,0,1,2
Week 1,NASH @ INDY,INDY,21 Elizabeth Burkhardt,3,3,1,0,0,1,-5.043340000000001,-2.5162,-3.26012,-3.26012,1,7,2,1,0,0,0
Week 1,NASH @ INDY,INDY,06 Risa Umeno,13,13,7,0,0,3,14.156360000000001,1.4112600000000002,-7.34074,-1.05024,1,7,6,3,0,0,0
Week 1,NASH @ INDY,INDY,03 Mary Timmons,3,3,3,0,0,0,-3.04132,-1.52066,32.97316,10.994700000000002,1,7,0,0,0,0,0
Week 1,NASH @ INDY,INDY,42 Kelly Kerker,1,1,1,0,0,0,1.4769,1.4769,12.230920000000001,12.230920000000001,1,7,0,0,0,0,0
Week 1,NASH @ INDY,INDY,33 Jalyn Baumgartner,3,3,3,1,0,2,-1.4112600000000002,-0.7001600000000001,15.928640000000001,5.3059,1,7,0,1,1,0,0
Week 1,NASH @ INDY,INDY,59 Maple Adkins-Threats,3,3,2,1,0,1,25.4902,12.7451,14.375160000000001,7.1875800000000005,1,7,1,1,0,0,1
Week 1,NASH @ INDY,INDY,16 Riely Kuznicki,2,2,2,3,0,1,-3.26012,-3.26012,19.48414,9.74754,1,6,0,1,0,0,0
Week 1,NASH @ INDY,INDY,20 Shirley Saunders,2,2,2,1,0,1,-6.44366,-6.44366,12.07776,6.03888,2,5,0,1,0,0,0
Week 1,NASH @ INDY,INDY,23 Lili Hobday,8,8,7,1,0,2,25.041660000000004,4.17908,65.35556000000001,9.33182,1,6,1,2,0,1,0
Week 1,NASH @ INDY,NASH,27 Katharine Gilbert,49,47,38,0,2,4,147.83222,3.5226800000000007,104.18162000000001,2.74594,10,5,11,4,0,0,1
Week 1,NASH @ INDY,NASH,10 Tori Taylor,28,26,27,4,2,5,75.28908,3.58832,244.23550000000003,9.04738,10,4,1,5,0,2,3
Week 1,NASH @ INDY,NASH,22 Rebecca Henley,9,8,9,2,1,1,-7.559540000000001,-1.0830600000000001,113.81976000000002,12.646640000000001,10,4,0,1,0,0,1
Week 1,NASH @ INDY,NASH,45 Sylvia Brown,24,23,22,0,1,2,87.73880000000001,4.17908,38.15872,1.7394600000000002,5,8,2,2,0,1,2
Week 1,NASH @ INDY,NASH,24 Mia Letterie,19,19,15,0,0,2,85.21166000000001,5.0105200000000005,-54.02172000000001,-3.59926,5,8,4,2,0,3,0
Week 1,NASH @ INDY,NASH,08 Grace Robinson,23,22,22,1,1,3,80.61686,4.24472,108.26224,4.923,10,3,1,3,0,0,2
Week 1,NASH @ INDY,NASH,28 Margie Quinn,48,47,39,0,1,1,224.97016,4.89018,-72.46656,-1.8598000000000001,9,4,9,1,0,4,0
Week 1,NASH @ INDY,NASH,72 Grace Castro,12,11,12,0,1,1,38.454100000000004,3.8508800000000005,203.484,16.957,10,3,0,1,0,0,1
Week 1,NASH @ INDY,NASH,16 Emily Branson,21,20,17,0,1,4,129.7484,7.636120000000001,21.04856,1.2362199999999999,9,3,4,3,1,2,1
Week 1,NASH @ INDY,NASH,06 Micah Roberts,3,2,3,0,1,1,6.006060000000001,6.006060000000001,55.12666000000001,18.3792,3,9,0,1,0,0,0
Week 1,NASH @ INDY,NASH,21 Elena Rubino,1,0,1,1,1,0,0,0,20.38122,20.38122,2,8,0,0,0,0,0
Week 1,NASH @ INDY,NASH,25 Nadine Rowen,11,11,10,1,0,1,93.29632000000001,9.33182,89.66424,8.9708,5,3,1,1,0,0,0
Week 1,NASH @ INDY,NASH,20 Noel Holmes,12,12,10,0,0,1,44.46016,4.03686,41.04688000000001,4.1025,4,4,2,1,0,0,1
Week 1,NASH @ INDY,NASH,82 Mary Turner,3,3,2,1,0,0,15.70984,5.24026,15.119080000000002,7.559540000000001,4,4,1,0,0,0,0
Week 1,NASH @ INDY,NASH,09 Emma Patterson,2,2,1,0,0,0,2.81158,1.4112600000000002,5.929480000000001,5.929480000000001,2,6,1,0,0,0,0
Week 1,NASH @ INDY,NASH,11 Jamie Ferrie,4,4,3,1,0,0,-14.451740000000003,-3.6102000000000003,34.384420000000006,11.46512,1,6,1,0,0,0,0
Week 1,NASH @ INDY,NASH,12 Meaghan Creamer,2,1,2,0,1,0,13.33586,13.33586,20.818820000000002,10.41488,3,3,0,0,0,0,1
Week 1,NASH @ INDY,NASH,02 Sierra Rimmer,8,8,6,0,0,1,29.570820000000005,4.222840000000001,-3.92746,-0.6564,0,5,2,1,0,1,0
Week 1,NASH @ INDY,NASH,71 Mattea Swegles,1,1,1,0,0,0,-4.5948,-4.5948,55.794000000000004,55.794000000000004,2,2,0,0,0,0,0
Week 1,NASH @ INDY,NASH,19 Bethany Bailey,1,1,1,0,0,0,-1.0393000000000001,-1.0393000000000001,6.37802,6.37802,1,3,0,0,0,0,0
Week 1,NASH @ INDY,NASH,23 Breanna Snipes,0,0,0,0,0,0,0,0,0,0,0,3,0,0,0,0,0
Week 2,MKE @ NY,MKE,52 Erynn Schroeder,56,56,36,1,0,14,678.0174400000001,16.14744,61.87664000000001,1.71758,18,4,20,13,1,5,2
Week 2,MKE @ NY,MKE,21 Annie Shriver,18,16,16,1,2,4,90.17842000000002,6.935960000000001,187.54442000000003,11.716740000000001,17,3,2,3,1,2,0
Week 2,MKE @ NY,MKE,12 Sydney French,16,14,13,2,2,6,93.5917,10.40394,176.80134000000004,13.59842,4,15,3,4,2,1,1
Week 2,MKE @ NY,MKE,72 Jacqueline Jarik,18,17,15,2,1,2,211.10918,14.06884,169.61376,11.311960000000001,3,15,3,1,1,4,0
Week 2,MKE @ NY,MKE,22 Alex Ballinger,20,20,13,3,0,3,107.37610000000001,6.31238,116.04058,8.927040000000002,5,12,7,2,1,0,4
Week 2,MKE @ NY,MKE,05 Rose Glinka,18,17,13,1,1,2,144.34236,10.305480000000001,78.69142000000001,6.04982,15,1,5,2,0,1,2
Week 2,MKE @ NY,MKE,17 Caitlin Duffner,15,12,14,2,3,1,22.30666,1.8598000000000001,205.11406000000002,14.648660000000001,16,1,1,0,1,0,2
Week 2,MKE @ NY,MKE,13 Erin Newman,2,1,2,0,1,0,11.03846,11.03846,54.90786,27.459400000000002,15,0,0,0,0,0,0
Week 2,MKE @ NY,MKE,10 Chelsea Twohig,8,7,5,1,1,0,125.23018,17.886900000000004,109.96888,21.989400000000003,4,11,3,0,0,1,0
Week 2,MKE @ NY,MKE,32 Mickela Heilicher,16,16,9,1,0,3,123.30474000000001,11.213500000000002,54.3171,6.03888,3,12,7,3,0,0,0
Week 2,MKE @ NY,MKE,99 Dana Demmert,2,1,1,2,1,0,10.15232,10.15232,18.083820000000003,18.083820000000003,3,10,1,0,0,0,0
Week 2,MKE @ NY,MKE,08 Manhua Zhu,17,17,12,0,0,1,117.67064,7.84398,64.61164000000001,5.38248,12,0,5,1,0,2,0
Week 2,MKE @ NY,MKE,97 Eileen Bequette,3,1,3,0,2,0,18.083820000000003,18.083820000000003,129.52960000000002,43.18018,4,9,0,0,0,1,0
Week 2,MKE @ NY,MKE,27 Stef Bugasch,7,6,6,0,1,1,-4.5948,-0.91896,61.72348000000001,10.283600000000002,11,0,1,1,0,0,1
Week 2,MKE @ NY,MKE,07 Sydney Stelzer,2,1,2,0,1,1,14.156360000000001,14.156360000000001,53.79198000000001,26.90146,2,9,0,0,1,0,0
Week 2,MKE @ NY,MKE,00 Donna Johnston,9,9,9,0,0,3,2.37398,0.29538000000000003,24.822860000000002,2.75688,1,9,0,1,2,0,1
Week 2,MKE @ NY,MKE,19 Emily Cohen,6,6,6,0,0,1,2.0020200000000004,0.40478000000000003,118.26140000000001,19.71388,7,1,0,1,0,0,1
Week 2,MKE @ NY,MKE,88 Claire Kelley,3,2,3,0,1,1,-9.4084,-9.4084,71.20846,23.739800000000002,6,0,0,1,0,0,0
Week 2,MKE @ NY,original stats,33 Valeria Cardenas,66,63,52,3,3,8,420.40232,7.373560000000001,236.08520000000004,4.540100000000001,16,11,14,6,2,3,4
Week 2,MKE @ NY,original stats,00 Genny De Jesus,19,15,19,1,4,2,-11.13692,-0.79862,247.83476000000002,13.04048,16,6,0,1,1,0,2
Week 2,MKE @ NY,original stats,20 Yina Cartagena,69,68,55,1,1,5,680.58834,10.97282,129.62806,2.3521,16,5,14,4,1,8,3
Week 2,MKE @ NY,original stats,96 Nina Finley,24,24,15,1,1,4,186.71298,8.89422,17.613400000000002,1.1705800000000002,3,18,9,3,1,2,1
Week 2,MKE @ NY,original stats,24 Jolie Krebs,28,27,22,2,1,2,248.25048,9.933520000000001,21.47522,0.9736600000000001,3,15,6,2,0,3,1
Week 2,MKE @ NY,original stats,23 Linnea Soo,12,11,11,1,1,2,6.739040000000001,0.7439200000000001,136.01702,12.362200000000001,14,3,1,1,1,0,0
Week 2,MKE @ NY,original stats,02 Jolene Zheng,7,6,7,1,2,2,-19.604480000000002,-4.901120000000001,108.19660000000002,15.458220000000003,14,2,0,1,1,0,1
Week 2,MKE @ NY,original stats,09 Cassandra Brown,21,20,14,1,1,4,145.49106000000003,9.091140000000001,120.21966,8.5879,14,1,7,4,0,1,0
Week 2,MKE @ NY,original stats,97 Hannah Glick,7,7,7,0,0,0,-25.993440000000003,-3.7086600000000005,80.05892000000001,11.4323,12,3,0,0,0,1,1
Week 2,MKE @ NY,original stats,11 Emma Berrigan,3,2,2,1,1,0,-24.0133,-12.001180000000002,33.4217,16.71632,4,11,1,0,0,0,0
Week 2,MKE @ NY,original stats,88 Nikki Hair,4,3,4,0,1,1,10.021040000000001,3.3367,72.63066,18.160400000000003,2,11,0,0,1,0,1
Week 2,MKE @ NY,original stats,62 Casey Banta-Ryan,4,3,4,0,1,0,8.11748,2.7021800000000002,61.23118,15.305060000000001,3,9,0,0,0,0,1
Week 2,MKE @ NY,original stats,31 Eli Presberg,12,11,12,2,1,2,-13.215520000000001,-1.4659600000000002,97.75984000000001,8.150300000000001,1,10,0,2,0,0,1
Week 2,MKE @ NY,original stats,18 Kylie Sterling,8,8,8,1,0,4,19.95456,6.6515200000000005,85.40858,10.67744,1,10,0,4,0,1,0
Week 2,MKE @ NY,original stats,05 Emily Wang,4,4,4,0,0,0,24.177400000000002,6.04982,-25.216700000000003,-6.30144,0,10,0,0,0,0,0
Week 2,MKE @ NY,original stats,26 Mariabelen Restrepo,10,9,7,1,1,1,3.19448,0.45948,102.9454,14.70336,0,10,3,1,0,0,0
Week 2,MKE @ NY,original stats,65 Anna Lieberman,3,3,3,0,0,1,25.56678,12.77792,29.964660000000002,9.988220000000002,0,10,0,1,0,1,0
Week 2,MKE @ NY,original stats,44 Kayla Seeger,5,3,5,0,2,1,22.448880000000003,7.48296,100.61518000000001,20.118660000000002,0,9,0,0,1,0,0
Week 2,MKE @ NY,NY,33 Valeria Cardenas,66,63,52,3,3,8,420.40232,7.373560000000001,236.08520000000004,4.540100000000001,16,11,14,6,2,3,4
Week 2,MKE @ NY,NY,00 Genny De Jesus,19,15,19,1,4,2,-11.13692,-0.79862,247.83476000000002,13.04048,16,6,0,1,1,0,2
Week 2,MKE @ NY,NY,20 Yina Cartagena,69,68,55,1,1,5,680.58834,10.97282,129.62806,2.3521,16,5,14,4,1,8,3
Week 2,MKE @ NY,NY,96 Nina Finley,24,24,15,1,1,4,186.71298,8.89422,17.613400000000002,1.1705800000000002,3,18,9,3,1,2,1
Week 2,MKE @ NY,NY,24 Jolie Krebs,28,27,22,2,1,2,248.25048,9.933520000000001,21.47522,0.9736600000000001,3,15,6,2,0,3,1
Week 2,MKE @ NY,NY,23 Linnea Soo,12,11,11,1,1,2,6.739040000000001,0.7439200000000001,136.01702,12.362200000000001,14,3,1,1,1,0,0
Week 2,MKE @ NY,NY,02 Jolene Zheng,7,6,7,1,1,2,-19.604480000000002,-4.901120000000001,108.19660000000002,15.458220000000003,14,2,0,1,1,0,1
Week 2,MKE @ NY,NY,09 Cassandra Brown,21,20,14,1,1,4,145.49106000000003,9.091140000000001,120.21966,8.5879,14,1,7,4,0,1,0
Week 2,MKE @ NY,NY,97 Hannah Glick,7,7,7,0,0,0,-25.993440000000003,-3.7086600000000005,80.05892000000001,11.4323,12,3,0,0,0,1,1
Week 2,MKE @ NY,NY,11 Emma Berrigan,3,2,2,1,1,0,-24.0133,-12.001180000000002,33.4217,16.71632,4,11,1,0,0,0,0
Week 2,MKE @ NY,NY,88 Nikki Hair,4,3,4,0,1,1,10.021040000000001,3.3367,72.63066,18.160400000000003,2,11,0,0,1,0,1
Week 2,MKE @ NY,NY,62 Casey Banta-Ryan,4,3,4,0,1,0,8.11748,2.7021800000000002,61.23118,15.305060000000001,3,9,0,0,0,0,1
Week 2,MKE @ NY,NY,31 Eli Presberg,12,11,12,2,1,2,-13.215520000000001,-1.4659600000000002,97.75984000000001,8.150300000000001,1,10,0,2,0,0,1
Week 2,MKE @ NY,NY,18 Kylie Sterling,8,8,8,1,0,4,19.95456,6.6515200000000005,85.40858,10.67744,1,10,0,4,0,1,0
Week 2,MKE @ NY,NY,05 Emily Wang,4,4,4,0,0,0,24.177400000000002,6.04982,-25.216700000000003,-6.30144,0,10,0,0,0,0,0
Week 2,MKE @ NY,NY,26 Mariabelen Restrepo,10,9,7,1,1,1,3.19448,0.45948,102.9454,14.70336,0,10,3,1,0,0,0
Week 2,MKE @ NY,NY,65 Anna Lieberman,3,3,3,0,0,1,25.56678,12.77792,29.964660000000002,9.988220000000002,0,10,0,1,0,1,0
Week 2,MKE @ NY,NY,44 Kayla Seeger,5,3,5,0,2,1,22.448880000000003,7.48296,100.61518000000001,20.118660000000002,0,9,0,0,1,0,0
Week 2,MKE @ PHL,MKE,72 Jacqueline Jarik,9,8,9,1,1,4,22.602040000000002,5.645040000000001,76.17522,8.46756,10,4,0,3,1,0,0
Week 2,MKE @ PHL,MKE,99 Dana Demmert,10,10,10,0,0,3,28.969120000000004,3.6211400000000005,113.66660000000002,11.366660000000001,8,4,0,1,2,1,0
Week 2,MKE @ PHL,MKE,21 Annie Shriver,11,11,8,2,0,3,43.869400000000006,6.268620000000001,36.7584,4.5948,10,1,3,3,0,0,0
Week 2,MKE @ PHL,MKE,52 Erynn Schroeder,37,37,17,2,0,12,170.57648,7.111000000000001,12.15434,0.7111000000000001,10,1,20,11,1,0,0
Week 2,MKE @ PHL,MKE,22 Alex Ballinger,18,18,12,3,0,1,66.0229,4.12438,39.86536,3.3257600000000003,7,4,6,1,0,0,1
Week 2,MKE @ PHL,MKE,12 Sydney French,14,13,11,0,1,5,61.209300000000006,12.24186,92.77120000000001,8.434740000000001,7,4,3,5,0,0,0
Week 2,MKE @ PHL,MKE,10 Chelsea Twohig,15,14,9,0,1,2,204.58894,15.742660000000003,41.64858,4.627620000000001,6,4,6,1,1,3,0
Week 2,MKE @ PHL,MKE,17 Caitlin Duffner,6,6,6,1,0,2,20.22806,3.3695200000000005,36.900619999999996,6.148280000000001,8,1,0,0,2,0,0
Week 2,MKE @ PHL,MKE,97 Eileen Bequette,5,4,4,1,1,3,-11.935540000000001,-5.962300000000001,138.78484,34.70168,4,4,1,2,1,0,1
Week 2,MKE @ PHL,MKE,05 Rose Glinka,9,9,8,0,0,3,38.530680000000004,4.813600000000001,33.6405,4.20096,7,0,1,1,2,0,0
Week 2,MKE @ PHL,MKE,08 Manhua Zhu,14,14,9,0,0,5,33.19196,4.73702,41.867380000000004,4.649500000000001,5,1,5,5,0,0,0
Week 2,MKE @ PHL,MKE,32 Mickela Heilicher,14,14,5,0,0,3,130.63454000000002,11.880840000000001,23.34596,4.67138,4,2,9,2,1,0,2
Week 2,MKE @ PHL,MKE,13 Erin Newman,2,2,2,0,0,0,-13.41244,-13.41244,20.30464,10.15232,6,0,0,0,0,0,0
Week 2,MKE @ PHL,MKE,07 Sydney Stelzer,1,1,1,0,0,3,-10.666500000000001,-10.666500000000001,5.48094,5.48094,5,1,0,0,3,0,0
Week 2,MKE @ PHL,MKE,00 Donna Johnston,3,3,3,0,0,2,10.371120000000001,5.185560000000001,5.634100000000001,1.88168,2,3,0,1,1,0,0
Week 2,MKE @ PHL,MKE,88 Claire Kelley,4,4,4,0,0,1,2.9647400000000004,0.9846000000000001,49.05496000000001,12.263740000000002,4,0,0,1,0,0,0
Week 2,MKE @ PHL,MKE,27 Stef Bugasch,4,4,3,1,0,0,-3.1835400000000003,-1.06118,26.529500000000002,8.83952,2,1,1,0,0,0,0
Week 2,MKE @ PHL,original stats,11 Sara Liang,24,24,9,4,0,3,146.82574000000002,7.34074,22.78802,2.52714,1,13,15,2,1,2,0
Week 2,MKE @ PHL,original stats,08 Emma Soiles,13,9,13,1,4,3,44.88682000000001,7.48296,140.32738000000003,10.79778,1,12,0,2,1,1,1
Week 2,MKE @ PHL,original stats,04 Raha Mozaffari,33,33,14,3,0,5,185.34548,8.06278,-37.3601,-2.66936,1,11,19,5,0,3,3
Week 2,MKE @ PHL,original stats,18 Sumi Onoe,8,6,8,0,2,3,5.470000000000001,0.90802,97.62856000000001,12.209040000000002,1,10,0,0,3,0,0
Week 2,MKE @ PHL,original stats,15 Layne Dodge,5,4,5,1,1,0,30.99302,7.745520000000001,38.377520000000004,7.67988,1,9,0,0,0,0,1
Week 2,MKE @ PHL,original stats,21 Linda Morse,11,10,11,0,1,4,98.25214000000001,12.285620000000002,174.3289,15.852060000000002,1,9,0,1,3,4,0
Week 2,MKE @ PHL,original stats,00 Emilie Mohler,6,5,5,1,1,1,38.65102,9.660020000000001,16.48658,3.29294,0,10,1,1,0,0,1
Week 2,MKE @ PHL,original stats,22 Liz Hart,7,7,7,0,0,2,32.152660000000004,5.360600000000001,66.71212,9.52874,5,3,0,1,1,0,0
Week 2,MKE @ PHL,original stats,05 Lindsay McKenna,4,3,3,3,1,1,40.70774,13.565600000000002,77.10512000000001,25.69806,0,8,1,0,1,1,1
Week 2,MKE @ PHL,original stats,24 Casey Gorman,3,2,2,3,1,1,17.37272,8.68636,23.739800000000002,11.869900000000001,0,7,1,0,1,0,0
Week 2,MKE @ PHL,original stats,36 Adilina Malave,4,4,4,0,0,4,-6.017,-6.017,4.31036,1.07212,1,5,0,3,1,0,0
Week 2,MKE @ PHL,original stats,20 Danielle Walsh,40,40,33,1,0,6,94.62006,2.6256,53.63882,1.63006,5,1,7,4,2,1,0
Week 2,MKE @ PHL,original stats,23 Natalie Bova,28,28,26,1,0,1,80.32148000000001,3.2163600000000003,33.520160000000004,1.29092,5,1,2,1,0,1,1
Week 2,MKE @ PHL,original stats,10 Andrea DeSabato,33,33,28,0,0,1,57.883540000000004,1.8051000000000001,46.451240000000006,1.6628800000000001,5,1,5,1,0,1,1
Week 2,MKE @ PHL,original stats,13 Kat Harper,6,4,5,2,2,0,28.19238,7.045360000000001,61.92040000000001,12.38408,0,6,1,0,0,1,1
Week 2,MKE @ PHL,original stats,33 Jana Graham,1,1,1,0,0,2,0,0,13.270220000000002,13.270220000000002,0,6,0,1,1,0,0
Week 2,MKE @ PHL,original stats,01 Emily Shields,10,9,9,2,1,1,95.64842000000002,13.664060000000001,97.01592000000001,10.7759,4,1,1,0,1,1,0
Week 2,MKE @ PHL,original stats,16 Grace Maroon,8,6,8,0,2,0,19.155940000000005,3.19448,72.11648000000001,9.014560000000001,4,1,0,0,0,0,2
Week 2,MKE @ PHL,original stats,17 Allie Milligan,2,2,0,0,0,2,0,0,0,0,0,4,2,2,0,0,0
Week 2,MKE @ PHL,original stats,09 Sarah Hirannet,5,4,5,0,1,0,25.315160000000002,6.323320000000001,44.4711,8.89422,3,1,0,0,0,0,1
Week 2,MKE @ PHL,original stats,66 Jess Brand,0,0,0,1,0,0,0,0,0,0,0,4,0,0,0,0,0
Week 2,MKE @ PHL,original stats,03 Rachel Alfano,7,7,7,0,0,0,22.30666,3.1835400000000003,1.30186,0.18598000000000003,4,0,0,0,0,1,0
Week 2,MKE @ PHL,original stats,25 Sabrina Bonaci,1,1,1,0,0,1,0,0,9.922580000000002,9.922580000000002,0,3,0,0,1,0,0
Week 2,MKE @ PHL,PHL,11 Sara Liang,24,24,9,4,0,3,146.82574000000002,7.34074,22.78802,2.52714,1,13,15,2,1,2,0
Week 2,MKE @ PHL,PHL,08 Emma Soiles,13,8,13,1,4,3,10.541105720000001,7.48296,140.32738000000003,10.79778,1,12,0,2,1,0,1
Week 2,MKE @ PHL,PHL,04 Raha Mozaffari,33,33,14,3,0,5,185.34548,8.06278,-37.3601,-2.66936,1,11,19,5,0,3,3
Week 2,MKE @ PHL,PHL,18 Sumi Onoe,8,6,8,0,2,3,5.470000000000001,0.90802,97.62856000000001,12.209040000000002,1,10,0,0,3,0,0
Week 2,MKE @ PHL,PHL,15 Layne Dodge,5,4,5,1,1,0,30.99302,7.745520000000001,38.377520000000004,7.67988,1,9,0,0,0,0,1
Week 2,MKE @ PHL,PHL,21 Linda Morse,11,10,11,0,1,4,98.25214000000001,12.285620000000002,174.3289,15.852060000000002,1,9,0,1,3,4,0
Week 2,MKE @ PHL,PHL,00 Emilie Mohler,6,5,5,1,1,1,38.65102,9.660020000000001,16.48658,3.29294,0,10,1,1,0,0,1
Week 2,MKE @ PHL,PHL,22 Liz Hart,7,7,7,0,0,2,32.152660000000004,5.360600000000001,66.71212,9.52874,5,3,0,1,1,0,0
Week 2,MKE @ PHL,PHL,05 Lindsay McKenna,4,3,2,3,0,1,40.70774,13.565600000000002,42.759405720000004,25.69806,0,8,1,0,1,1,1
Week 2,MKE @ PHL,PHL,24 Casey Gorman,3,2,2,3,1,1,17.37272,8.68636,23.739800000000002,11.869900000000001,0,7,1,0,1,0,0
Week 2,MKE @ PHL,PHL,36 Adilina Malave,4,4,4,0,0,4,-6.017,-6.017,4.31036,1.07212,1,5,0,3,1,0,0
Week 2,MKE @ PHL,PHL,20 Danielle Walsh,40,40,33,1,0,6,94.62006,2.6256,53.63882,1.63006,5,1,7,4,2,1,0
Week 2,MKE @ PHL,PHL,23 Natalie Bova,28,28,26,1,0,1,80.32148000000001,3.2163600000000003,33.520160000000004,1.29092,5,1,2,1,0,1,1
Week 2,MKE @ PHL,PHL,10 Andrea DeSabato,33,33,28,0,0,1,57.883540000000004,1.8051000000000001,46.451240000000006,1.6628800000000001,5,1,5,1,0,1,1
Week 2,MKE @ PHL,PHL,13 Kat Harper,6,4,5,2,2,0,28.19238,7.045360000000001,61.92040000000001,12.38408,0,6,1,0,0,1,1
Week 2,MKE @ PHL,PHL,33 Jana Graham,1,1,1,0,0,2,0,0,13.270220000000002,13.270220000000002,0,6,0,1,1,0,0
Week 2,MKE @ PHL,PHL,01 Emily Shields,10,9,9,2,1,1,95.64842000000002,13.664060000000001,97.01592000000001,10.7759,4,1,1,0,1,1,0
Week 2,MKE @ PHL,PHL,16 Grace Maroon,8,6,8,0,2,0,19.155940000000005,3.19448,72.11648000000001,9.014560000000001,4,1,0,0,0,0,2
Week 2,MKE @ PHL,PHL,17 Allie Milligan,2,2,0,0,0,2,0,0,0,0,0,4,2,2,0,0,0
Week 2,MKE @ PHL,PHL,09 Sarah Hirannet,5,4,5,0,1,0,25.315160000000002,6.323320000000001,44.4711,8.89422,3,1,0,0,0,0,1
Week 2,MKE @ PHL,PHL,66 Jess Brand,0,0,0,1,0,0,0,0,0,0,0,4,0,0,0,0,0
Week 2,MKE @ PHL,PHL,03 Rachel Alfano,7,7,7,0,0,0,22.30666,3.1835400000000003,1.30186,0.18598000000000003,4,0,0,0,0,1,0
Week 2,MKE @ PHL,PHL,25 Sabrina Bonaci,1,1,1,0,0,1,0,0,9.922580000000002,9.922580000000002,0,3,0,0,1,0,0
Week 2,NASH @ DC,DC,37 Claire Trop,16,14,14,2,2,2,59.79804,4.5948,150.34842000000003,10.74308,3,8,2,0,2,1,3
Week 2,NASH @ DC,DC,36 Carolyn Normile,15,15,11,1,0,1,16.45376,1.26904,53.86856000000001,4.901120000000001,2,9,4,1,0,0,1
Week 2,NASH @ DC,DC,26 Jessica Sourbeer,16,16,12,2,0,1,149.68108,9.97728,-12.9639,-1.0830600000000001,2,9,4,1,0,2,3
Week 2,NASH @ DC,DC,09 Annalise Peters,15,15,11,1,0,2,216.59012,16.661620000000003,58.09140000000001,5.284020000000001,2,9,4,2,0,3,2
Week 2,NASH @ DC,DC,07 Kami Groom,12,10,12,1,2,1,43.12548,4.791720000000001,177.76406000000003,14.81276,1,8,0,1,0,0,1
Week 2,NASH @ DC,DC,13 Sami Smalling,17,17,14,1,0,0,142.57008,8.905160000000002,40.37954,2.8881600000000005,2,7,3,0,0,1,3
Week 2,NASH @ DC,DC,01 Ashleigh Jentilet,10,7,9,1,3,3,-1.8488600000000002,-0.45948,109.52034,12.16528,1,9,1,3,0,0,0
Week 2,NASH @ DC,DC,05 Marie Perivier,7,5,7,1,2,2,46.757560000000005,9.353700000000002,81.0654,11.585460000000001,2,8,0,0,2,2,0
Week 2,NASH @ DC,DC,16 Margaret Walker,17,17,10,0,0,3,175.46666,11.69486,24.0133,2.3958600000000003,2,8,7,2,1,3,1
Week 2,NASH @ DC,DC,24 Jamie Eriksson,7,7,5,2,0,0,59.9512,8.56602,71.20846,14.24388,1,9,2,0,0,2,0
Week 2,NASH @ DC,DC,66 Jackie Wang,22,21,13,2,1,1,175.91520000000003,8.79576,28.006400000000003,2.15518,1,7,9,1,0,2,1
Week 2,NASH @ DC,DC,22 Erin McCann,2,2,2,0,0,0,5.634100000000001,5.634100000000001,22.30666,11.14786,2,7,0,0,0,0,1
Week 2,NASH @ DC,DC,23 Lisa Dang,22,22,15,1,0,0,127.2322,7.067240000000001,-0.5907600000000001,-0.04376000000000001,2,7,7,0,0,0,1
Week 2,NASH @ DC,DC,00 Emma Jones,3,3,3,0,0,0,33.935880000000004,11.311960000000001,32.382400000000004,10.79778,1,7,0,0,0,1,0
Week 2,NASH @ DC,DC,04 Ellen Mueller,4,4,4,0,0,0,29.198860000000003,7.2969800000000005,61.80006000000001,15.447280000000001,2,6,0,0,0,1,0
Week 2,NASH @ DC,DC,06 Laureen Johnson,5,2,5,1,3,0,-1.55348,-0.77674,89.51107999999999,17.897840000000002,2,7,0,0,0,0,0
Week 2,NASH @ DC,DC,42 Lisi Lohre,8,7,8,0,1,3,71.20846,14.24388,95.36398000000001,11.924600000000002,2,5,0,2,1,1,1
Week 2,NASH @ DC,DC,08 Kathryn Ritzman,8,7,8,0,1,1,78.69142000000001,11.24632,94.84980000000002,11.858960000000002,2,5,0,0,1,1,2
Week 2,NASH @ DC,DC,19 Allie Wallace,7,5,6,0,2,0,29.713040000000003,5.9404200000000005,82.91426000000001,13.817220000000002,1,6,1,0,0,1,0
Week 2,NASH @ DC,DC,21 Jess Oh,8,6,7,0,2,2,31.79164,6.35614,97.28942000000002,13.8938,0,7,1,1,1,1,2
Week 2,NASH @ DC,DC,12 Clare Frantz,3,3,3,0,0,0,-11.11504,-3.7086600000000005,43.42086,14.473620000000002,2,5,0,0,0,0,0
Week 2,NASH @ DC,DC,15 Florence Brooks,6,3,6,1,3,0,27.27342,9.091140000000001,68.83448000000001,11.47606,2,3,0,0,0,1,0
Week 2,NASH @ DC,DC,07 Kami Groom,4,3,4,0,1,0,-2.5162,-0.8423800000000001,34.52664,8.63166,2,0,0,0,0,0,0
Week 2,NASH @ DC,NASH,10 Tori Taylor,21,20,20,3,1,4,90.92234,5.34966,124.40968000000001,6.2248600000000005,13,3,1,3,1,2,0
Week 2,NASH @ DC,NASH,27 Katharine Gilbert,49,49,36,0,0,5,175.32444,4.38694,86.91830000000002,2.4177400000000002,13,3,13,5,0,1,1
Week 2,NASH @ DC,NASH,08 Grace Robinson,30,29,27,0,1,6,105.74604000000001,4.23378,18.3792,0.67828,13,3,3,4,2,0,1
Week 2,NASH @ DC,NASH,72 Grace Castro,13,13,13,0,0,2,-3.8508800000000005,-0.35008000000000006,52.905840000000005,4.069680000000001,13,3,0,2,0,0,0
Week 2,NASH @ DC,NASH,22 Rebecca Henley,12,11,11,1,1,0,34.384420000000006,3.1288400000000003,126.86024,11.53076,13,3,1,0,0,0,0
Week 2,NASH @ DC,NASH,45 Sylvia Brown,35,34,29,0,1,5,117.00330000000001,4.17908,36.52866,1.2581,10,3,6,5,0,0,1
Week 2,NASH @ DC,NASH,24 Mia Letterie,30,30,18,1,0,3,168.06028,6.465540000000001,-27.71102,-1.54254,10,3,12,3,0,0,0
Week 2,NASH @ DC,NASH,82 Mary Turner,10,10,8,2,0,2,10.896240000000002,1.35656,54.535900000000005,6.815620000000001,11,2,2,2,0,0,1
Week 2,NASH @ DC,NASH,17 Rachel Barr,6,6,6,0,0,1,-32.754360000000005,-6.55306,67.51074000000001,11.24632,9,3,0,1,0,0,0
Week 2,NASH @ DC,NASH,71 Mattea Swegles,5,5,5,0,0,1,-1.55348,-0.30632000000000004,40.98124000000001,8.19406,9,2,0,0,1,0,0
Week 2,NASH @ DC,NASH,20 Noel Holmes,11,11,9,0,0,2,84.40210000000002,9.375580000000001,-5.33872,-0.5907600000000001,9,2,2,2,0,0,1
Week 2,NASH @ DC,NASH,21 Elena Rubino,5,5,5,1,0,1,38.902640000000005,9.725660000000001,83.36280000000001,16.67256,8,3,0,1,0,2,0
Week 2,NASH @ DC,NASH,77 Melissa Gronske,5,5,5,1,0,1,26.08096,6.52024,36.7584,7.35168,7,3,0,1,0,0,0
Week 2,NASH @ DC,NASH,04 Ashley West,6,6,4,0,0,2,-2.5927800000000003,-0.51418,21.715900000000005,5.42624,6,2,2,1,1,0,0
Week 2,NASH @ DC,NASH,16 Emily Branson,11,11,8,0,0,4,40.313900000000004,5.043340000000001,29.713040000000003,3.7196000000000002,7,2,3,3,1,0,0
Week 2,NASH @ DC,NASH,07 Mary Cowart,5,4,5,0,1,0,9.4084,2.3521,51.724320000000006,10.349240000000002,5,2,0,0,0,0,0
Week 2,NASH @ DC,NASH,23 Breanna Snipes,3,3,3,1,0,1,-24.822860000000002,-12.4169,36.60524,12.198100000000002,5,0,0,1,0,0,0
Week 2,RAL @ ATL,original stats,42 Martha Wilber,35,32,29,2,3,4,188.06954000000002,6.71716,214.11768,7.384500000000001,11,5,6,4,0,3,1
Week 2,RAL @ ATL,original stats,10 Mia Griner,16,14,12,0,2,1,31.84634,2.4505600000000003,56.00186,4.67138,9,7,4,1,0,1,1
Week 2,RAL @ ATL,original stats,29 Charlotte Doran,34,34,26,3,0,2,212.05002000000002,6.62964,-0.21880000000000002,-0.010940000000000002,8,5,8,2,0,1,0
Week 2,RAL @ ATL,original stats,08 Dani Ortiz,22,22,19,0,0,2,66.91998000000001,3.5226800000000007,7.078180000000001,0.37196000000000007,10,3,3,2,0,2,0
Week 2,RAL @ ATL,original stats,51 Lilli Popovich,9,7,9,0,2,2,47.665580000000006,6.80468,116.42348000000001,12.931080000000001,7,6,0,0,2,1,0
Week 2,RAL @ ATL,original stats,54 Liv Ford,10,10,6,0,0,0,97.32224,12.16528,29.067580000000003,4.84642,6,6,4,0,0,1,0
Week 2,RAL @ ATL,original stats,03 Alex Krueger,17,17,17,0,0,4,12.09964,0.9299000000000001,81.97342000000002,4.824540000000001,12,1,0,4,0,0,1
Week 2,RAL @ ATL,original stats,26 Morgan Lally,12,12,12,0,0,1,16.53034,1.4987800000000002,54.229580000000006,4.51822,7,6,0,1,0,0,3
Week 2,RAL @ ATL,original stats,05 Megan Jarriel,11,11,11,0,0,1,6.564,0.6017000000000001,78.13348,7.100060000000001,9,3,0,0,1,0,1
Week 2,RAL @ ATL,original stats,12 Emma Jaschke,6,6,6,1,0,1,4.20096,0.7001600000000001,57.10680000000001,9.5178,8,3,0,0,1,0,1
Week 2,RAL @ ATL,original stats,31 María Vargas,23,23,15,2,0,2,96.8737,4.61668,76.00018,5.06522,6,6,8,2,0,2,0
Week 2,RAL @ ATL,original stats,18 Naomi Anderson,17,17,13,0,0,7,49.58008,4.955820000000001,-9.955400000000001,-0.7658,7,3,4,7,0,0,0
Week 2,RAL @ ATL,original stats,13 Hannah Abraham,9,8,9,2,1,0,7.822100000000001,0.9736600000000001,89.76270000000001,9.97728,5,5,0,0,0,0,0
Week 2,RAL @ ATL,original stats,21 Samantha Li,14,13,11,0,1,1,106.61030000000001,8.88328,4.57292,0.41572000000000003,8,0,3,0,1,0,0
Week 2,RAL @ ATL,original stats,87 Christina Marsciano,2,2,2,2,0,1,0,0,14.90028,7.45014,4,5,0,1,0,0,0
Week 2,RAL @ ATL,original stats,44 Jordan Harn,11,11,11,2,0,1,18.66364,1.87074,23.980480000000004,2.17706,5,4,0,1,0,0,0
Week 2,RAL @ ATL,original stats,75 Sarah Kingsley-Hart,5,4,5,0,1,0,25.97156,6.48742,37.042840000000005,7.40638,6,2,0,0,0,0,0
Week 2,RAL @ ATL,original stats,72 Annalise Paul,4,3,2,0,1,1,34.82202,17.41648,17.854080000000003,8.927040000000002,4,4,2,1,0,0,0
Week 2,RAL @ ATL,original stats,27 Therese Doebler,3,3,3,0,0,1,4.57292,2.28646,43.97880000000001,14.659600000000001,6,1,0,1,0,0,0
Week 2,RAL @ ATL,original stats,19 Elle Mayer,6,6,6,0,0,0,8.927040000000002,1.78322,21.179840000000002,3.5336200000000004,5,0,0,0,0,0,0
Week 2,RAL @ ATL,original stats,55 Trystan Grzyll,1,1,0,0,0,0,-3.6102000000000003,-3.6102000000000003,0,0,2,2,1,0,0,0,0
Week 2,RAL @ ATL,ATL,42 Martha Wilber,35,32,27,2,1,4,188.06954000000002,6.71716,204.82121600140002,7.384500000000001,11,5,6,4,0,3,1
Week 2,RAL @ ATL,ATL,10 Mia Griner,16,14,12,0,2,1,31.84634,2.4505600000000003,56.00186,4.67138,9,7,4,1,0,1,1
Week 2,RAL @ ATL,ATL,29 Charlotte Doran,34,33,26,3,0,2,207.6969138098,6.62964,-0.21880000000000002,-0.010940000000000002,8,5,8,2,0,0,0
Week 2,RAL @ ATL,ATL,08 Dani Ortiz,22,22,19,0,0,2,66.91998000000001,3.5226800000000007,7.078180000000001,0.37196000000000007,10,3,3,2,0,2,0
Week 2,RAL @ ATL,ATL,51 Lilli Popovich,9,7,9,0,2,2,47.665580000000006,6.80468,116.42348000000001,12.931080000000001,7,6,0,0,2,1,0
Week 2,RAL @ ATL,ATL,54 Liv Ford,10,10,6,0,0,0,97.32224,12.16528,29.067580000000003,4.84642,6,6,4,0,0,1,0
Week 2,RAL @ ATL,ATL,03 Alex Krueger,17,17,17,0,0,4,12.09964,0.9299000000000001,81.97342000000002,4.824540000000001,12,1,0,4,0,0,1
Week 2,RAL @ ATL,ATL,26 Morgan Lally,12,12,12,0,0,1,16.53034,1.4987800000000002,54.229580000000006,4.51822,7,6,0,1,0,0,3
Week 2,RAL @ ATL,ATL,05 Megan Jarriel,11,11,11,0,0,1,6.564,0.6017000000000001,78.13348,7.100060000000001,9,3,0,0,1,0,1
Week 2,RAL @ ATL,ATL,12 Emma Jaschke,6,6,6,1,0,1,4.20096,0.7001600000000001,57.10680000000001,9.5178,8,3,0,0,1,0,1
Week 2,RAL @ ATL,ATL,31 María Vargas,23,22,13,2,0,2,91.93034219159999,4.61668,74.6721101668,5.06522,6,6,8,2,0,1,0
Week 2,RAL @ ATL,ATL,18 Naomi Anderson,17,17,13,0,0,7,49.58008,4.955820000000001,-9.955400000000001,-0.7658,7,3,4,7,0,0,0
Week 2,RAL @ ATL,ATL,13 Hannah Abraham,9,6,9,2,1,0,6.494030166800002,0.9736600000000001,89.76270000000001,9.97728,5,5,0,0,0,0,0
Week 2,RAL @ ATL,ATL,21 Samantha Li,14,13,11,0,1,1,106.61030000000001,8.88328,4.57292,0.41572000000000003,8,0,3,0,1,0,0
Week 2,RAL @ ATL,ATL,87 Christina Marsciano,2,2,2,2,0,1,0,0,14.90028,7.45014,4,5,0,1,0,0,0
Week 2,RAL @ ATL,ATL,44 Jordan Harn,11,11,11,2,0,1,18.66364,1.87074,23.980480000000004,2.17706,5,4,0,1,0,0,0
Week 2,RAL @ ATL,ATL,75 Sarah Kingsley-Hart,5,4,5,0,1,0,25.97156,6.48742,37.042840000000005,7.40638,6,2,0,0,0,0,0
Week 2,RAL @ ATL,ATL,72 Annalise Paul,4,3,2,0,1,1,34.82202,17.41648,17.854080000000003,8.927040000000002,4,4,2,1,0,0,0
Week 2,RAL @ ATL,ATL,27 Therese Doebler,3,3,3,0,0,1,4.57292,2.28646,43.97880000000001,14.659600000000001,6,1,0,1,0,0,0
Week 2,RAL @ ATL,ATL,19 Elle Mayer,6,6,6,0,0,0,8.927040000000002,1.78322,21.179840000000002,3.5336200000000004,5,0,0,0,0,0,0
Week 2,RAL @ ATL,ATL,55 Trystan Grzyll,1,1,0,0,0,0,-3.6102000000000003,-3.6102000000000003,0,0,2,2,1,0,0,0,0
Week 3,NY @ PORT,NY,33 Valeria Cardenas,52,51,39,0,1,6,330.18014000000005,7.34074,90.8567,2.33022,12,10,13,5,1,4,2
Week 3,NY @ PORT,NY,96 Nina Finley,32,32,28,0,0,3,160.57732000000001,5.34966,35.09552,1.2581,14,7,4,1,2,0,3
Week 3,NY @ PORT,NY,09 Cassandra Brown,28,27,20,1,1,3,227.35508000000002,9.091140000000001,105.77886000000001,5.284020000000001,3,14,8,2,1,5,0
Week 3,NY @ PORT,NY,08 Manuela Cardenas,21,20,20,3,1,0,84.56620000000001,4.222840000000001,92.49770000000001,4.627620000000001,3,13,1,0,0,1,1
Week 3,NY @ PORT,NY,23 Linnea Soo,14,13,14,1,1,3,45.8386,4.16814,144.76902,10.3383,13,3,0,2,1,1,1
Week 3,NY @ PORT,NY,20 Yina Cartagena,36,34,30,0,2,1,244.45430000000002,7.887740000000001,164.74546,5.49188,13,3,6,1,0,3,1
Week 3,NY @ PORT,NY,31 Eli Presberg,21,20,16,1,1,2,50.496024936000005,5.502820000000001,50.56468,3.1616600000000004,1,14,5,1,1,0,2
Week 3,NY @ PORT,NY,66 Janine Hlavaty,9,7,9,1,2,2,19.6373,3.92746,100.09006000000001,11.12598,12,3,0,2,0,0,0
Week 3,NY @ PORT,NY,00 Genny De Jesus,18,16,17,0,2,0,77.52084,4.84642,22.6458,1.33468,12,3,1,0,0,0,2
Week 3,NY @ PORT,NY,02 Jolene Zheng,8,8,8,0,0,1,3.34764,0.48136000000000007,102.48592000000002,12.810740000000003,10,2,0,1,0,1,0
Week 3,NY @ PORT,NY,88 Nikki Hair,5,3,5,0,2,0,29.35202,9.78036,127.66980000000001,25.53396,2,9,0,0,0,1,0
Week 3,NY @ PORT,NY,26 Mariabelen Restrepo,3,3,3,0,0,0,-0.68922,-0.22974,64.1084,21.365820000000003,0,10,0,0,0,0,0
Week 3,NY @ PORT,NY,19 Eastelle Ding,8,6,8,0,2,0,14.02508,2.3411600000000004,97.70514000000001,12.209040000000002,1,9,0,0,0,0,1
Week 3,NY @ PORT,NY,62 Casey Banta-Ryan,9,8,9,0,1,1,-10.46958,-1.4987800000000002,71.97426000000002,7.99714,2,6,0,1,0,0,0
Week 3,NY @ PORT,NY,65 Anna Lieberman,3,3,3,1,0,1,13.3468,4.452580000000001,18.543300000000002,6.181100000000001,0,5,0,0,1,0,1
Week 3,NY @ PORT,PORT,33 Yuge Xiao,19,18,16,1,1,1,108.77642000000002,6.7937400000000006,180.43342,11.279140000000002,11,1,3,1,0,1,1
Week 3,NY @ PORT,PORT,30 Jean Huang,43,40,35,0,3,3,296.69280000000003,8.237820000000001,62.2486,1.78322,12,0,8,3,0,0,1
Week 3,NY @ PORT,PORT,03 Liv Player,15,14,13,2,1,0,99.81656,7.67988,113.15242000000002,8.70824,0,11,2,0,0,1,2
Week 3,NY @ PORT,PORT,04 Adelle Pitsas,3,2,3,1,1,0,4.080620000000001,2.0348400000000004,48.54078,16.18026,0,11,0,0,0,0,0
Week 3,NY @ PORT,PORT,08 Nicki Chan,7,6,7,0,1,0,44.83212,7.4720200000000006,64.31626,9.1896,0,10,0,0,0,1,1
Week 3,NY @ PORT,PORT,16 Erin Rea,5,4,5,0,1,2,8.81764,2.94286,60.837340000000005,12.16528,10,0,0,1,1,0,1
Week 3,NY @ PORT,PORT,55 Sophie Knowles,17,17,14,2,0,0,169.61376,10.60086,46.834140000000005,3.34764,0,10,3,0,0,0,2
Week 3,NY @ PORT,PORT,36 Jaelee Cruz,18,18,18,0,0,3,115.88742000000002,7.7236400000000005,127.66980000000001,7.089120000000001,10,0,0,3,0,0,1
Week 3,NY @ PORT,PORT,32 Megan Wilson,6,5,6,0,1,2,61.58126,15.392580000000002,98.18650000000001,16.36624,1,9,0,1,1,2,0
Week 3,NY @ PORT,PORT,45 Sarah Jeung,12,12,12,0,0,0,107.29952,9.75848,115.37324,9.61626,4,5,0,0,0,1,0
Week 3,NY @ PORT,PORT,37 Hannah Henkin,9,9,6,0,0,0,81.51394,9.05832,20.523440000000004,3.42422,0,9,3,0,0,1,0
Week 3,NY @ PORT,PORT,19 Olivia Hampton,8,7,8,1,1,2,22.82084,3.8071200000000003,95.51714000000001,11.935540000000001,4,5,0,1,1,0,0
Week 3,NY @ PORT,PORT,51 Tess Johnson,14,14,7,0,0,2,102.11396,8.511320000000001,51.275780000000005,7.3298000000000005,4,4,7,2,0,0,1
Week 3,NY @ PORT,PORT,23 Colette Pellegrini,8,7,8,0,1,1,59.502660000000006,8.50038,103.74402,12.9639,8,0,0,0,1,4,0
Week 3,NY @ PORT,PORT,24 Annika Chan,7,7,5,1,0,1,48.31104,8.05184,-22.07692,-4.41976,3,5,2,1,0,0,0
Week 3,NY @ PORT,PORT,15 Caitlin Fitzgerald,4,4,4,0,0,1,29.41766,9.802240000000001,44.83212,11.202560000000002,4,4,0,1,0,2,0
Week 3,NY @ PORT,PORT,52 Caitlin Connell,5,4,5,0,1,0,13.565600000000002,3.3914000000000004,65.57436,13.11706,7,0,0,0,0,0,0
Week 3,NY @ PORT,PORT,76 Emma Palacio,3,3,3,0,0,0,-2.74594,-0.91896,23.050580000000004,7.67988,4,2,0,0,0,0,1
Week 3,NY @ PORT,PORT,17 Kelsey Devlin,15,15,9,0,0,2,33.4217,2.5709000000000004,7.1875800000000005,0.79862,6,0,6,2,0,0,0
Week 3,NY @ PORT,PORT,13 Samantha Munson,1,0,1,0,1,1,0,0,48.092240000000004,48.092240000000004,0,6,0,0,1,0,0
Week 3,NY @ PORT,PORT,10 Lauren Baecher,2,2,2,0,0,2,7.559540000000001,7.559540000000001,7.111000000000001,3.5555000000000003,1,4,0,1,1,0,0
Week 3,NY @ PORT,PORT,47 Alex Rowell,2,2,2,0,0,0,-5.33872,-2.66936,16.45376,8.22688,0,5,0,0,0,0,0
Week 3,NY @ PORT,PORT,06 Rowse,2,2,2,1,0,1,1.33468,1.33468,16.59598,8.303460000000001,1,4,0,1,0,0,0
Week 3,NY @ PORT,PORT,69 Tahlia Quartin,4,4,1,1,0,0,26.08096,6.52024,1.2581,1.2581,4,0,3,0,0,0,0
Week 3,NY @ PORT,PORT,29 Elana Schwam,6,6,6,0,0,1,16.967940000000002,3.3914000000000004,55.20324000000001,9.20054,4,0,0,1,0,0,1
Week 4,INDY @ PHL,INDY,91 Samantha Philips,41,40,36,0,1,2,126.71802000000001,3.2491800000000004,67.36852,1.87074,19,1,5,1,1,1,0
Week 4,INDY @ PHL,INDY,18 Laura Gerencser,57,55,49,0,2,0,164.12188000000003,3.04132,-46.58252,-0.9517800000000001,19,1,8,0,0,2,3
Week 4,INDY @ PHL,INDY,17 Kristin Dudley,61,61,49,0,0,6,311.94316000000003,5.995120000000001,-72.70724,-1.4878400000000003,19,1,12,6,0,4,2
Week 4,INDY @ PHL,INDY,32 Shani Rosenthal,12,11,12,0,1,1,47.34832000000001,4.73702,224.36846000000003,18.696460000000002,17,1,0,1,0,1,0
Week 4,INDY @ PHL,INDY,24 Abby Swensen,13,12,12,2,1,2,44.022560000000006,4.004040000000001,116.35784000000001,9.69284,16,1,1,1,1,1,0
Week 4,INDY @ PHL,INDY,40 Claire Milton,15,13,15,0,2,4,168.86984000000004,15.34882,186.60358,12.43878,15,1,0,2,2,2,0
Week 4,INDY @ PHL,INDY,04 Rachel Mast,20,16,20,2,4,1,23.871080000000003,1.5863,290.86178,14.53926,16,0,0,1,0,0,1
Week 4,INDY @ PHL,INDY,29 Emily Schloneger,12,12,12,0,0,0,13.379620000000001,1.1158800000000002,127.54946000000001,10.633680000000002,13,1,0,0,0,0,4
Week 4,INDY @ PHL,INDY,42 Kelly Kerker,3,2,3,0,1,0,-8.511320000000001,-4.255660000000001,35.861320000000006,11.95742,2,12,0,0,0,0,0
Week 4,INDY @ PHL,INDY,34 Lauren Kitten,7,7,5,0,0,2,33.520160000000004,6.70622,21.825300000000002,4.365060000000001,1,12,2,2,0,1,0
Week 4,INDY @ PHL,INDY,03 Mary Timmons,3,3,3,1,0,2,-4.67138,-4.67138,25.818400000000004,8.60978,1,12,0,2,0,0,0
Week 4,INDY @ PHL,INDY,06 Risa Umeno,11,11,8,0,0,0,-6.104520000000001,-0.5579400000000001,-8.916100000000002,-1.1158800000000002,2,10,3,0,0,0,0
Week 4,INDY @ PHL,INDY,14 Briana Burriss,0,0,0,1,0,0,0,0,0,0,1,10,0,0,0,0,0
Week 4,INDY @ PHL,INDY,22 Emily Wycoff,1,1,1,0,0,0,11.33384,11.33384,8.927040000000002,8.927040000000002,1,9,0,0,0,0,0
Week 4,INDY @ PHL,INDY,02 Maketa Mattimore,2,2,2,0,0,0,2.81158,1.4112600000000002,4.39788,2.19894,1,9,0,0,0,0,0
Week 4,INDY @ PHL,INDY,92 Charlotte Wilson,9,9,7,0,0,0,37.95086,4.2119,-26.452920000000002,-3.7743000000000007,2,8,2,0,0,0,1
Week 4,INDY @ PHL,INDY,10 Ariel Choi,1,1,1,0,0,1,0,0,11.33384,11.33384,1,5,0,1,0,0,0
Week 4,INDY @ PHL,INDY,16 Riley Kuznicki,0,0,0,0,0,0,0,0,0,0,1,4,0,0,0,0,0
Week 4,INDY @ PHL,PHL,11 Sara Liang,14,14,13,0,0,0,131.1159,9.364640000000001,41.70328,3.2054200000000006,1,17,1,0,0,1,2
Week 4,INDY @ PHL,PHL,09 Sarah Hirannet,14,12,14,0,2,0,102.02644000000001,8.50038,183.96704,13.138940000000002,13,4,0,0,0,2,1
Week 4,INDY @ PHL,PHL,08 Emma Soiles,16,12,14,2,2,2,82.80486,8.281580000000002,174.61334000000002,12.4716,1,16,2,2,0,3,0
Week 4,INDY @ PHL,PHL,20 Danielle Walsh,48,48,39,1,0,1,180.19274000000001,3.829,92.83684000000001,2.38492,13,3,9,1,0,3,4
Week 4,INDY @ PHL,PHL,04 Raha Mozaffari,16,16,6,0,0,1,120.13214,8.008080000000001,-5.4043600000000005,-0.89708,1,15,10,1,0,0,1
Week 4,INDY @ PHL,PHL,01 Emily Shields,16,14,16,0,2,2,60.14812,5.0105200000000005,285.90596,17.86502,13,3,0,2,0,1,5
Week 4,INDY @ PHL,PHL,23 Natalie Bova,47,44,45,0,3,0,141.83710000000002,3.2273000000000005,-34.15468,-0.75486,13,3,2,0,0,1,4
Week 4,INDY @ PHL,PHL,03 Rachel Alfano,21,18,21,0,3,0,26.51856,1.4769,236.1399,11.24632,13,3,0,0,0,1,0
Week 4,INDY @ PHL,PHL,22 Liz Hart,23,19,23,0,4,0,233.99566000000002,12.31844,222.83686,9.69284,13,3,0,0,0,5,0
Week 4,INDY @ PHL,PHL,10 Andrea DeSabato,53,53,47,0,0,1,144.67056000000002,2.77876,-87.52000000000001,-1.8598000000000001,13,3,6,1,0,1,0
Week 4,INDY @ PHL,PHL,24 Casey Gorman,6,5,6,1,1,3,12.012120000000001,6.006060000000001,53.890440000000005,8.981740000000002,0,14,0,3,0,0,0
Week 4,INDY @ PHL,PHL,33 Jana Graham,4,2,4,2,2,1,7.03442,3.5226800000000007,51.22108000000001,12.810740000000003,1,11,0,0,1,0,0
Week 4,INDY @ PHL,PHL,13 Kat Harper,5,5,5,0,0,0,18.882440000000003,4.71514,35.34714,7.067240000000001,0,11,0,0,0,1,1
Week 4,INDY @ PHL,PHL,15 Layne Dodge,6,5,5,1,1,0,66.41674,13.281160000000002,71.90862000000001,14.3861,0,11,1,0,0,2,0
Week 4,INDY @ PHL,PHL,05 Lindsay McKenna,6,5,6,2,1,0,15.272240000000002,3.0522600000000004,49.25188000000001,8.205,0,10,0,0,0,0,1
Week 4,INDY @ PHL,PHL,36 Adi Malave,3,3,2,0,0,1,21.02668,10.51334,21.880000000000003,10.940000000000001,0,6,1,1,0,0,0
Week 4,INDY @ PHL,PHL,66 Jess Brand,1,1,1,1,0,0,-6.181100000000001,-6.181100000000001,6.181100000000001,6.181100000000001,1,5,0,0,0,0,0
Week 4,INDY @ PHL,PHL,17 Allie Milligan,5,5,3,0,0,0,32.08702,6.421780000000001,-6.093580000000001,-2.0348400000000004,1,4,2,0,0,0,2
Week 4,INDY @ PHL,PHL,25 Sabrina Bonaci,0,0,0,0,0,0,0,0,0,0,1,2,0,0,0,0,0
Week 4,INDY @ PHL,PHL,70 Benish Benjamin,1,1,0,0,0,0,4.55104,4.55104,0,0,0,2,1,0,0,0,0
Week 4,INDY @ PHL,PHL,12 Sally Roberts,0,0,0,0,0,0,0,0,0,0,0,1,0,0,0,0,0
Week 4,NASH @ RAL,original stats,27 Katharine Gilbert,56,55,44,0,1,7,187.42408,3.90558,197.40136,4.4854,20,3,12,7,0,0,2
Week 4,NASH @ RAL,original stats,08 Grace Robinson,48,47,33,0,1,3,296.61622,6.9031400000000005,90.47380000000001,2.74594,18,3,15,3,0,0,2
Week 4,NASH @ RAL,original stats,45 Sylvia Brown,43,42,33,2,1,7,174.7665,5.141800000000001,96.62208,2.9319200000000003,9,12,10,7,0,1,2
Week 4,NASH @ RAL,original stats,24 Mia Letterie,32,32,24,1,0,3,243.42594,9.014560000000001,-33.782720000000005,-1.4112600000000002,15,5,8,3,0,1,1
Week 4,NASH @ RAL,original stats,10 Tori Taylor,22,21,21,2,1,3,176.65912,9.299000000000001,195.04926,9.288060000000002,16,1,1,2,1,4,1
Week 4,NASH @ RAL,original stats,72 Grace Castro,20,18,20,0,1,1,63.036280000000005,3.9384000000000006,194.34910000000002,9.714720000000002,16,1,0,1,0,1,0
Week 4,NASH @ RAL,original stats,22 Rebecca Henley,12,10,12,0,2,0,-8.50038,-0.8533200000000001,205.05936000000003,17.08828,16,1,0,0,0,1,0
Week 4,NASH @ RAL,original stats,77 Melissa Gronske,2,2,2,0,0,2,-2.0348400000000004,-2.0348400000000004,32.85282,16.43188,15,1,0,1,1,0,0
Week 4,NASH @ RAL,original stats,25 Nadine Rowen,5,4,5,1,1,2,-3.3367,-1.1158800000000002,62.59868,12.515360000000001,8,7,0,1,1,1,0
Week 4,NASH @ RAL,original stats,82 Mary Turner,8,8,8,0,0,2,9.03644,1.50972,35.91602,4.4854,8,6,0,1,1,0,0
Week 4,NASH @ RAL,original stats,12 Meaghan Creamer,5,5,5,0,0,1,24.899440000000002,4.9777000000000005,52.09628,10.41488,8,5,0,0,1,1,0
Week 4,NASH @ RAL,original stats,20 Noel Holmes,10,9,8,1,1,2,45.19314000000001,6.454600000000001,2.81158,0.35008000000000006,4,8,2,2,0,0,1
Week 4,NASH @ RAL,original stats,06 Micah Roberts,11,9,11,0,2,1,30.894560000000002,3.8618200000000003,124.85822,11.355720000000002,7,4,0,0,1,0,1
Week 4,NASH @ RAL,original stats,17 Rachel Barr,1,1,1,0,0,1,0,0,5.634100000000001,5.634100000000001,2,4,0,1,0,0,0
Week 4,NASH @ RAL,original stats,07 Mary Cowart,0,0,0,0,0,0,0,0,0,0,0,6,0,0,0,0,0
Week 4,NASH @ RAL,original stats,23 Breanna Snipes,0,0,0,0,0,0,0,0,0,0,2,4,0,0,0,0,0
Week 4,NASH @ RAL,original stats,26 Leah Shorb,0,0,0,0,0,0,0,0,0,0,1,5,0,0,0,0,0
Week 4,NASH @ RAL,original stats,11 Jamie Ferrie,0,0,0,0,0,1,0,0,0,0,0,4,0,0,1,0,0
Week 4,NASH @ RAL,original stats,04 Ashley West,4,4,4,0,0,0,25.337040000000002,6.3342600000000004,1.4769,0.37196000000000007,2,2,0,0,0,1,0
Week 4,NASH @ RAL,original stats,19 Bethany Bailey,0,0,0,0,0,0,0,0,0,0,1,2,0,0,0,0,0
Week 4,NASH @ RAL,NASH,27 Katharine Gilbert,56,55,44,0,1,7,187.42408,3.90558,197.40136,4.4854,20,3,12,7,0,0,2
Week 4,NASH @ RAL,NASH,08 Grace Robinson,48,47,33,0,1,3,296.61622,6.9031400000000005,90.47380000000001,2.74594,18,3,15,3,0,0,2
Week 4,NASH @ RAL,NASH,45 Sylvia Brown,43,42,33,2,1,7,174.7665,5.141800000000001,96.62208,2.9319200000000003,9,12,10,7,0,1,2
Week 4,NASH @ RAL,NASH,24 Mia Letterie,32,32,24,1,0,3,243.42594,9.014560000000001,-33.782720000000005,-1.4112600000000002,15,5,8,3,0,1,1
Week 4,NASH @ RAL,NASH,10 Tori Taylor,22,21,21,2,1,3,176.65912,9.299000000000001,195.04926,9.288060000000002,16,1,1,2,1,4,1
Week 4,NASH @ RAL,NASH,72 Grace Castro,20,18,20,0,1,1,63.036280000000005,3.9384000000000006,194.34910000000002,9.714720000000002,16,1,0,1,0,1,0
Week 4,NASH @ RAL,NASH,22 Rebecca Henley,12,10,12,1,2,0,-8.50038,-0.8533200000000001,205.05936000000003,17.08828,16,1,0,0,0,1,0
Week 4,NASH @ RAL,NASH,77 Melissa Gronske,2,2,2,0,0,2,-2.0348400000000004,-2.0348400000000004,32.85282,16.43188,15,1,0,1,1,0,0
Week 4,NASH @ RAL,NASH,25 Nadine Rowen,5,4,5,2,1,2,-3.3367,-1.1158800000000002,62.59868,12.515360000000001,8,7,0,1,1,1,0
Week 4,NASH @ RAL,NASH,82 Mary Turner,8,8,8,0,0,2,9.03644,1.50972,35.91602,4.4854,8,6,0,1,1,0,0
Week 4,NASH @ RAL,NASH,12 Meaghan Creamer,5,5,5,0,0,1,24.899440000000002,4.9777000000000005,52.09628,10.41488,8,5,0,0,1,1,0
Week 4,NASH @ RAL,NASH,20 Noel Holmes,10,9,8,1,1,2,45.19314000000001,6.454600000000001,2.81158,0.35008000000000006,4,8,2,2,0,0,1
Week 4,NASH @ RAL,NASH,06 Micah Roberts,11,9,11,0,2,1,30.894560000000002,3.8618200000000003,124.85822,11.355720000000002,7,4,0,0,1,0,1
Week 4,NASH @ RAL,NASH,17 Rachel Barr,1,1,1,0,0,1,0,0,5.634100000000001,5.634100000000001,2,4,0,1,0,0,0
Week 4,NASH @ RAL,NASH,07 Mary Cowart,0,0,0,0,0,0,0,0,0,0,0,6,0,0,0,0,0
Week 4,NASH @ RAL,NASH,23 Breanna Snipes,0,0,0,0,0,0,0,0,0,0,2,4,0,0,0,0,0
Week 4,NASH @ RAL,NASH,26 Leah Shorb,0,0,0,0,0,0,0,0,0,0,1,5,0,0,0,0,0
Week 4,NASH @ RAL,NASH,11 Jamie Ferrie,0,0,0,0,0,1,0,0,0,0,0,4,0,0,1,0,0
Week 4,NASH @ RAL,NASH,04 Ashley West,4,4,4,0,0,0,25.337040000000002,6.3342600000000004,1.4769,0.37196000000000007,2,2,0,0,0,1,0
Week 4,NASH @ RAL,NASH,19 Bethany Bailey,0,0,0,0,0,0,0,0,0,0,1,2,0,0,0,0,0
Week 4,NASH @ RAL,RAL,59 Audrey Lyman,10,9,8,0,1,0,110.89878000000002,12.31844,43.18018,5.39342,1,12,2,0,0,2,1
Week 4,NASH @ RAL,RAL,90 Qxhna Titcomb,27,25,23,1,2,3,167.3273,7.603300000000001,83.66912,3.6430200000000004,11,2,4,3,0,1,3
Week 4,NASH @ RAL,RAL,20 Bridget Mizener,21,20,11,2,1,1,202.12744,11.224440000000001,34.7892,3.1616600000000004,1,11,10,1,0,3,2
Week 4,NASH @ RAL,RAL,13 Tyler Smith,34,34,25,0,0,2,259.3874,8.10654,62.587740000000004,2.5052600000000003,11,2,9,2,0,4,2
Week 4,NASH @ RAL,RAL,11 Dawn Culton,16,14,15,0,2,1,90.38628000000001,7.52672,179.54728000000003,11.96836,0,12,1,1,0,1,2
Week 4,NASH @ RAL,RAL,24 Hannah Boettcher,6,6,5,1,0,2,33.38888,8.34722,73.59338,14.7143,1,10,1,2,0,0,2
Week 4,NASH @ RAL,RAL,06 Jenny Wei,9,8,9,0,1,1,23.039640000000002,3.29294,81.71086,9.080200000000001,10,2,0,1,0,0,0
Week 4,NASH @ RAL,RAL,33 Erica Birdsong,7,6,6,1,1,1,5.601280000000001,1.1158800000000002,98.67880000000001,16.44282,0,11,1,1,0,1,0
Week 4,NASH @ RAL,RAL,17 Emily Przykucki,11,10,6,1,1,0,53.25592,5.918540000000001,16.038040000000002,2.66936,0,11,5,0,0,2,0
Week 4,NASH @ RAL,RAL,18 Sarah McKee,5,3,5,1,2,3,51.8556,25.9278,103.16420000000001,20.63284,0,11,0,1,2,0,0
Week 4,NASH @ RAL,RAL,27 Mary Rippe,18,15,17,0,3,2,81.24044,6.246740000000001,217.79352000000003,12.810740000000003,9,2,1,2,0,1,3
Week 4,NASH @ RAL,RAL,07 Allison Reilly,18,18,12,0,0,1,153.34598,9.025500000000001,16.606920000000002,1.37844,11,0,6,1,0,0,2
Week 4,NASH @ RAL,RAL,02 Claire Bidigaire-Curtis,10,9,10,0,1,0,87.11522000000001,9.6819,94.94826000000002,9.49592,9,2,0,0,0,1,1
Week 4,NASH @ RAL,RAL,03 Grace Conerly,18,18,10,0,0,4,144.01416,10.283600000000002,7.373560000000001,0.7329800000000001,0,11,8,4,0,1,2
Week 4,NASH @ RAL,RAL,25 Meg Manning,1,1,1,0,0,1,0,0,26.398220000000002,26.398220000000002,1,9,0,1,0,0,0
Week 4,NASH @ RAL,RAL,09 Jinny Riedel,7,4,6,1,3,0,15.206600000000002,3.7961800000000006,66.40580000000001,11.07128,0,10,1,0,0,0,1
Week 4,NASH @ RAL,RAL,12 Katie Backus Meilstrup,13,11,13,0,2,0,29.38484,2.66936,198.29844,15.25036,8,2,0,0,0,2,0
Week 4,NASH @ RAL,RAL,45 Caitlin Gross,9,7,9,0,2,1,54.382740000000005,9.05832,96.819,10.75402,8,2,0,1,0,2,0
Week 4,NASH @ RAL,RAL,88 Maddie Pletzke,5,5,5,0,0,1,14.736180000000001,3.6867800000000006,37.305400000000006,7.461080000000001,0,10,0,1,0,1,0
Week 4,NASH @ RAL,RAL,10 Paige Carver,3,2,3,0,1,0,-9.70378,-4.84642,43.46462,14.484560000000002,0,8,0,0,0,0,0
Week 4,NASH @ RAL,RAL,22 Julia Zwierzynski,2,2,2,1,0,0,53.91232000000001,26.956160000000004,23.4116,11.7058,0,9,0,0,0,1,0
Week 4,NASH @ RAL,RAL,16 Tania Proksch,2,2,2,0,0,1,17.43836,17.43836,24.625940000000003,12.307500000000001,1,7,0,1,0,0,0
Week 4,NASH @ RAL,RAL,99 Carmen Tormey,4,4,4,0,0,1,47.38114000000001,11.848020000000002,55.31264000000001,13.828160000000002,1,6,0,0,1,0,0
Week 4,NASH @ RAL,RAL,15 Justine Neville,0,0,0,0,0,0,0,0,0,0,1,6,0,0,0,0,0
Week 4,PORT @ MINN,MINN,03 Makella Daley,34,34,16,0,0,2,245.64676,7.4392000000000005,-23.192800000000002,-1.4550200000000002,13,2,18,1,1,1,1
Week 4,PORT @ MINN,MINN,07 Danielle Byers,18,15,18,0,3,5,-20.895400000000002,-1.9035600000000001,291.80262000000005,16.21308,13,2,0,4,1,0,0
Week 4,PORT @ MINN,MINN,04 Erica Baken,47,47,39,1,0,1,443.5623,10.075740000000001,87.21368000000001,2.2317600000000004,13,2,8,1,0,5,1
Week 4,PORT @ MINN,MINN,02 Steph Wood,15,15,15,0,0,0,142.41692,9.49592,164.64700000000002,10.97282,14,1,0,0,0,1,5
Week 4,PORT @ MINN,MINN,05 Steph Rupp,13,12,10,0,1,1,90.47380000000001,8.22688,-0.9627200000000001,-0.09846,13,2,3,1,0,0,2
Week 4,PORT @ MINN,MINN,21 Sarah Mondschein,5,4,4,0,1,3,34.30784,17.15392,35.42372,8.85046,5,10,1,2,1,1,0
Week 4,PORT @ MINN,MINN,53 Emma Piorier,14,10,14,2,4,2,39.4934,4.93394,274.24392,19.59354,13,1,0,2,0,1,2
Week 4,PORT @ MINN,MINN,44 Sarah Meckstroth,21,17,21,0,3,7,102.62814000000002,7.898680000000001,259.86876,12.373140000000001,10,3,0,4,3,3,1
Week 4,PORT @ MINN,MINN,11 Rachel Johnson,14,14,8,0,0,2,19.4185,1.7613400000000003,61.35152,7.66894,4,9,6,2,0,0,1
Week 4,PORT @ MINN,MINN,10 Jane Koch,1,1,0,1,0,0,-8.07372,-8.07372,0,0,2,10,1,0,0,0,0
Week 4,PORT @ MINN,MINN,55 Courtney Walbe,2,2,2,0,0,2,0,0,10.896240000000002,5.448120000000001,2,9,0,2,0,0,0
Week 4,PORT @ MINN,MINN,09 Sara Helm,1,0,1,0,1,0,0,0,36.014480000000006,36.014480000000006,2,9,0,0,0,0,0
Week 4,PORT @ MINN,MINN,01 Amelia Zdechlik,1,1,1,0,0,0,12.230920000000001,12.230920000000001,17.5587,17.5587,2,9,0,0,0,0,0
Week 4,PORT @ MINN,MINN,19 Megan Randall,0,0,0,0,0,0,0,0,0,0,2,8,0,0,0,0,0
Week 4,PORT @ MINN,MINN,45 Emery Otapalik,5,4,5,0,1,1,43.639660000000006,14.550200000000002,47.12952,9.43028,3,6,0,1,0,1,0
Week 4,PORT @ MINN,MINN,15 Chelsea Semper,4,4,2,0,0,1,-1.1158800000000002,-0.37196000000000007,12.5263,6.257680000000001,2,5,2,1,0,0,0
Week 4,PORT @ MINN,MINN,49 Elly Fireside-Ostergaard,3,3,3,0,0,0,-21.63932,-7.20946,29.93184,9.97728,2,5,0,0,0,0,0
Week 4,PORT @ MINN,MINN,00 Alicia Carr,10,10,9,0,0,0,114.19172,11.42136,-82.24692000000002,-9.1349,2,5,1,0,0,0,0
Week 4,PORT @ MINN,MINN,24 Allegra Johnson McKee,1,1,1,0,0,0,13.489020000000002,13.489020000000002,14.67054,14.67054,2,4,0,0,0,1,0
Week 4,PORT @ MINN,MINN,33 Julia Hill,1,1,1,0,0,1,0,0,12.89826,12.89826,0,5,0,1,0,0,0
Week 4,PORT @ MINN,MINN,14 Jessica Hendrickson,0,0,0,0,0,0,0,0,0,0,0,5,0,0,0,0,0
Week 4,PORT @ MINN,PORT,33 Yuge Xiao,44,42,43,0,2,3,241.34734000000003,6.03888,192.36896000000002,4.4744600000000005,11,4,1,1,2,3,0
Week 4,PORT @ MINN,PORT,16 Erin Rea,15,12,15,1,3,3,-11.487,-1.1487,154.1993,10.283600000000002,12,3,0,2,1,0,0
Week 4,PORT @ MINN,PORT,19 Olivia Hampton,7,7,7,0,0,2,19.779519999999998,3.29294,92.18044000000002,13.17176,1,12,0,1,1,0,3
Week 4,PORT @ MINN,PORT,23 Colette Pellegrini,23,21,22,1,2,0,85.6602,4.080620000000001,253.05314,11.49794,12,1,1,0,0,3,2
Week 4,PORT @ MINN,PORT,36 Jaelee Cruz,39,37,38,1,2,4,133.22732000000002,4.16814,222.36644,5.8529,12,1,1,3,1,3,3
Week 4,PORT @ MINN,PORT,17 Kelsey Devlin,38,37,28,0,1,2,187.32562000000001,5.34966,-4.813600000000001,-0.17504000000000003,12,1,10,1,1,0,5
Week 4,PORT @ MINN,PORT,71 Shirlee Wohl,51,51,40,0,0,1,297.79774,5.951360000000001,65.8041,1.641,12,1,11,1,0,2,2
Week 4,PORT @ MINN,PORT,15 Caitlin Fitzgerald,4,3,4,0,1,1,27.94076,9.309940000000001,65.43214,16.3553,2,9,0,0,1,1,0
Week 4,PORT @ MINN,PORT,24 Annika Chan,3,2,2,1,0,0,-1.55348,-0.77674,0,0,1,9,1,0,0,0,0
Week 4,PORT @ MINN,PORT,52 Caitlin Connell,2,1,2,1,1,0,8.664480000000001,8.664480000000001,47.2061,23.59758,9,2,0,0,0,0,0
Week 4,PORT @ MINN,PORT,30 Jean Huang,8,8,3,1,0,1,52.16192,8.6973,-14.747120000000002,-4.91206,1,9,5,1,0,0,0
Week 4,PORT @ MINN,PORT,51 Tess Johnson,1,1,1,0,0,1,0,0,0.29538000000000003,0.29538000000000003,1,9,0,0,1,0,0
Week 4,PORT @ MINN,PORT,45 Sarah Jeung,2,1,2,0,1,1,0,0,28.826900000000006,14.40798,1,9,0,1,0,0,0
Week 4,PORT @ MINN,PORT,76 Emma Palacio,1,1,1,0,0,0,29.122280000000003,29.122280000000003,15.195660000000002,15.195660000000002,1,8,0,0,0,1,0
Week 4,PORT @ MINN,PORT,03 Liv Player,9,8,5,2,1,2,69.3596,13.871920000000001,45.280660000000005,9.05832,3,7,4,2,0,1,0
Week 4,PORT @ MINN,PORT,55 Sophie Knowles,14,14,11,1,0,2,173.98976000000002,15.819240000000002,26.23412,2.38492,0,9,3,2,0,3,0
Week 4,PORT @ MINN,PORT,06 Rowse,5,3,3,5,2,0,-15.556680000000002,-5.185560000000001,89.66424,29.888080000000002,0,8,2,0,0,0,0
Week 4,PORT @ MINN,PORT,37 Hannah Henkin,5,5,3,0,0,0,44.01162,8.806700000000001,-8.89422,-2.9647400000000004,0,8,2,0,0,0,1
Week 4,PORT @ MINN,PORT,08 Nicki Chan,3,2,3,0,1,3,6.968780000000001,3.4789200000000005,52.905840000000005,17.63528,0,8,0,0,3,0,0
Week 4,PORT @ MINN,PORT,32 Megan Wilson,4,4,4,0,0,0,17.26332,4.321300000000001,42.75352,10.68838,0,8,0,0,0,0,1
Week 5,ATL @ NASH,ATL,10 Mia Griner,18,16,13,2,2,0,39.84348000000001,2.6584200000000004,121.95912000000001,9.38652,7,9,5,0,0,0,1
Week 5,ATL @ NASH,ATL,54 Liv Ford,20,19,16,0,1,6,332.16028000000006,23.728860000000005,84.63184000000001,5.284020000000001,4,10,4,5,1,4,1
Week 5,ATL @ NASH,ATL,51 Lilli Popovich,10,7,10,1,3,2,31.726000000000003,6.3452,217.88104,21.792480000000005,7,7,0,2,0,0,1
Week 5,ATL @ NASH,ATL,26 Morgan Lally,18,17,17,0,1,0,29.516120000000004,1.7394600000000002,207.69590000000002,12.219980000000001,3,12,1,0,0,2,3
Week 5,ATL @ NASH,ATL,13 Hannah Abraham,9,8,8,0,1,0,48.39856,6.04982,124.46438,15.556680000000002,4,9,1,0,0,1,0
Week 5,ATL @ NASH,ATL,05 Megan Jarriel,7,7,6,2,0,1,13.281160000000002,1.8926200000000002,36.08012,6.017,5,8,1,0,1,0,1
Week 5,ATL @ NASH,ATL,20 Soju Hokari,18,18,11,0,0,1,123.95020000000001,7.745520000000001,117.09082000000001,10.644620000000002,11,2,7,1,0,2,0
Week 5,ATL @ NASH,ATL,03 Alex Krueger,7,6,7,0,1,0,36.517720000000004,7.30792,-8.48944,-1.2143400000000002,2,10,0,0,0,0,0
Week 5,ATL @ NASH,ATL,08 Dani Ortiz,21,21,18,1,0,3,167.63362,9.85694,81.0107,4.496340000000001,12,0,3,3,0,3,2
Week 5,ATL @ NASH,ATL,06 Willy (Natalie Wilson),6,4,6,0,2,1,-7.30792,-2.43962,69.5784,11.596400000000001,8,4,0,0,1,0,0
Week 5,ATL @ NASH,ATL,55 Trystan Grzyll,5,5,5,1,0,0,-7.30792,-1.4659600000000002,42.05336,8.41286,2,10,0,0,0,0,0
Week 5,ATL @ NASH,ATL,31 María Vargas,26,25,19,0,1,1,184.44840000000002,7.69082,99.67434,5.2512,11,0,7,1,0,1,2
Week 5,ATL @ NASH,ATL,12 Emma Jaschke,3,3,3,0,0,0,4.35412,1.4550200000000002,3.83994,1.2799800000000001,1,9,0,0,0,0,0
Week 5,ATL @ NASH,ATL,27 Therese Doebler,9,8,9,0,1,0,24.86662,3.10696,100.85586,11.202560000000002,3,7,0,0,0,1,0
Week 5,ATL @ NASH,ATL,21 Samantha Li,12,12,11,0,0,1,43.158300000000004,3.92746,16.82572,1.5316,9,0,1,1,0,0,1
Week 5,ATL @ NASH,ATL,18 Naomi Anderson,11,11,6,1,0,2,105.58194000000002,11.727680000000001,-18.30262,-3.0522600000000004,1,8,5,1,1,0,1
Week 5,ATL @ NASH,ATL,29 Charlotte Doran,19,19,11,0,0,3,184.30618,12.285620000000002,-4.4307,-0.40478000000000003,7,1,8,3,0,1,1
Week 5,ATL @ NASH,ATL,72 Annalise Paul,3,3,3,0,0,2,12.2528,6.1264,4.9448799999999995,1.6519400000000002,1,6,0,1,1,0,0
Week 5,ATL @ NASH,ATL,19 Elle Mayer,4,4,4,0,0,2,27.153080000000003,9.04738,16.377180000000003,4.09156,7,0,0,1,1,0,1
Week 5,ATL @ NASH,ATL,75 Sarah Kingsley-Hart,2,1,2,1,1,1,-2.9538,-2.9538,10.25078,5.130860000000001,6,0,0,0,1,0,0
Week 5,ATL @ NASH,ATL,45 Jennifer Lin,4,4,4,0,0,1,16.300600000000003,5.437180000000001,36.670880000000004,9.167720000000001,4,0,0,1,0,0,0
Week 5,ATL @ NASH,ATL,14 Lindsay Allman,2,1,2,0,1,1,0,0,47.21704,23.60852,4,0,0,1,0,0,0
Week 5,ATL @ NASH,NASH,08 Grace Robinson,24,22,22,0,1,1,51.78996000000001,2.7240600000000006,133.15074,6.04982,12,6,2,1,0,1,1
Week 5,ATL @ NASH,NASH,10 Tori Taylor,38,34,36,2,4,1,180.43342,5.470000000000001,290.39136,8.06278,14,4,2,1,0,6,0
Week 5,ATL @ NASH,NASH,16 Emily Branson,18,16,17,0,2,2,113.38216000000001,8.095600000000001,41.12346000000001,2.4177400000000002,13,4,1,2,0,0,0
Week 5,ATL @ NASH,NASH,22 Rebecca Henley,31,27,30,1,4,1,75.584460000000007,2.9100400000000004,296.92254,9.900700000000002,13,4,1,1,0,1,1
Week 5,ATL @ NASH,NASH,27 Katharine Gilbert,48,48,41,1,0,4,15.2613,0.33914,227.19098,5.5465800000000005,13,4,7,3,1,1,2
Week 5,ATL @ NASH,NASH,28 Margie Quinn,66,65,51,1,1,4,575.2470800000001,9.43028,-109.07180000000001,-2.1333,13,4,15,4,0,4,5
Week 5,ATL @ NASH,NASH,72 Grace Castro,22,21,22,0,1,1,98.40530000000001,4.923,180.51000000000002,8.205,13,4,0,1,0,1,4
Week 5,ATL @ NASH,NASH,45 Sylvia Brown,30,30,26,2,0,5,131.827,5.06522,45.050920000000005,1.7285200000000003,3,12,4,4,1,0,0
Week 5,ATL @ NASH,NASH,24 Mia Letterie,14,13,12,1,1,3,61.35152,6.137340000000001,-21.190780000000004,-1.7613400000000003,3,12,2,3,0,0,2
Week 5,ATL @ NASH,NASH,09 Emma Patterson,13,13,6,0,0,1,91.7319,7.647060000000001,-30.00842,-4.999580000000001,0,10,7,1,0,1,0
Week 5,ATL @ NASH,NASH,02 Sierra Rimmer,10,10,6,0,0,2,63.725500000000004,7.964320000000001,0.9627200000000001,0.1641,3,6,4,2,0,0,0
Week 5,ATL @ NASH,NASH,06 Micah Roberts,8,8,8,1,0,2,-5.929480000000001,-0.9846000000000001,80.10268,10.010100000000001,3,5,0,2,0,0,0
Week 5,ATL @ NASH,NASH,12 Meaghan Creamer,2,2,2,1,0,0,18.3792,9.1896,20.08584,10.04292,1,6,0,0,0,0,0
Week 5,ATL @ NASH,NASH,21 Elena Rubino,4,3,4,1,1,1,4.376,2.188,59.272920000000006,14.823700000000002,0,6,0,1,0,0,0
Week 5,ATL @ NASH,NASH,04 Ashley West,0,0,0,0,0,0,0,0,0,0,0,6,0,0,0,0,0
Week 5,ATL @ NASH,NASH,26 Leah Shorb,3,3,3,0,0,0,32.677780000000006,10.896240000000002,46.910720000000005,15.63326,0,5,0,0,0,1,0
Week 5,ATL @ NASH,NASH,77 Melissa Gronske,2,2,2,1,0,0,-5.8529,-2.9319200000000003,34.60322,17.307080000000003,4,1,0,0,0,0,0
Week 5,ATL @ NASH,NASH,11 Jamie Ferrie,4,4,4,0,0,0,-34.461000000000006,-8.62072,57.0521,14.26576,0,5,0,0,0,0,0
Week 5,ATL @ NASH,NASH,25 Nadine Rowen,5,5,4,1,0,0,11.563580000000002,2.30834,33.65144,8.41286,2,3,1,0,0,1,0
Week 5,ATL @ NASH,NASH,19 Bethany Bailey,0,0,0,0,0,0,0,0,0,0,1,4,0,0,0,0,0
Week 5,ATL @ NASH,NASH,71 Mattea Swegles,1,1,1,1,0,0,-10.15232,-10.15232,14.67054,14.67054,0,4,0,0,0,0,0
Week 5,ATL @ NASH,NASH,23 Breanna Snipes,4,3,4,0,1,0,-23.192800000000002,-7.734580000000001,36.7584,9.1896,0,3,0,0,0,0,1
Week 5,ATL @ NASH,NASH,82 Mary Turner,3,2,3,0,1,0,24.078940000000003,12.04494,32.08702,10.69932,1,1,0,0,0,0,1
Week 5,MKE @ MINN,MINN,21 Sarah Mondschein,13,12,11,1,1,3,117.45184,10.67744,174.42736000000002,15.852060000000002,1,13,2,1,2,3,2
Week 5,MKE @ MINN,MINN,49 Elly Fireside-Ostergaard,5,1,5,0,4,0,-8.008080000000001,-8.008080000000001,97.07062,19.4185,0,13,0,0,0,0,0
Week 5,MKE @ MINN,MINN,02 Steph Wood,16,15,15,2,1,2,113.89634000000001,8.76294,147.24146000000002,9.813180000000001,5,7,1,2,0,3,0
Week 5,MKE @ MINN,MINN,45 Emery Otapalik,4,4,4,0,0,0,49.9411,12.482540000000002,50.53186,12.635700000000002,4,7,0,0,0,0,1
Week 5,MKE @ MINN,MINN,47 Tori Gray,12,11,10,4,1,3,46.385600000000004,6.62964,111.59894000000001,11.1588,1,10,2,3,0,0,0
Week 5,MKE @ MINN,MINN,04 Erica Baken,23,22,15,0,1,2,338.93214,16.946060000000003,79.13996000000002,5.273080000000001,9,2,8,2,0,3,1
Week 5,MKE @ MINN,MINN,05 Steph Rupp,18,18,13,1,0,1,150.72038000000003,8.8614,51.13356,3.9384000000000006,9,2,5,1,0,1,1
Week 5,MKE @ MINN,MINN,03 Makella Daley,23,23,18,0,0,0,240.15488000000002,10.918120000000002,-8.741060000000001,-0.48136000000000007,9,2,5,0,0,1,4
Week 5,MKE @ MINN,MINN,00 Alicia Carr,14,14,14,0,0,2,148.71836000000002,12.39502,25.337040000000002,1.8051000000000001,1,9,0,2,0,1,2
Week 5,MKE @ MINN,MINN,11 Rachel Johnson,18,18,8,0,0,2,159.31922,10.622740000000002,-9.78036,-1.2252800000000001,1,10,10,2,0,1,2
Week 5,MKE @ MINN,MINN,15 Chelsea Semper,14,14,6,0,0,0,41.3532,2.9538,-12.7451,-2.12236,1,8,8,0,0,0,1
Week 5,MKE @ MINN,MINN,19 Megan Randall,4,4,4,0,0,0,-22.525460000000002,-5.634100000000001,33.859300000000005,8.46756,0,10,0,0,0,0,0
Week 5,MKE @ MINN,MINN,53 Emma Piorier,10,8,10,0,2,1,-11.78238,-1.6847600000000003,168.43224000000004,16.8476,8,2,0,1,0,0,3
Week 5,MKE @ MINN,MINN,33 Julia Hill,7,6,7,0,1,0,7.40638,1.2362199999999999,45.280660000000005,6.465540000000001,0,9,0,0,0,1,0
Week 5,MKE @ MINN,MINN,07 Danielle Byers,13,11,13,0,2,1,15.63326,1.5644200000000001,210.14646000000002,16.16932,8,2,0,1,0,1,0
Week 5,MKE @ MINN,MINN,55 Courtney Walbe,13,13,11,1,0,3,134.04782,11.169740000000003,-19.341920000000002,-1.7613400000000003,0,10,2,1,2,1,1
Week 5,MKE @ MINN,MINN,01 Amelia Zdechlik,4,4,4,0,0,1,9.03644,3.0085,22.89742,5.721620000000001,0,10,0,1,0,0,1
Week 5,MKE @ MINN,MINN,14 Jessica Hendrickson,13,11,13,2,2,0,27.33906,2.4833800000000004,146.71634000000003,11.290080000000001,0,8,0,0,0,0,1
Week 5,MKE @ MINN,MINN,44 Sarah Meckstroth,16,13,16,1,3,5,78.9868,7.898680000000001,240.38462,15.020620000000001,7,2,0,3,2,2,0
Week 5,MKE @ MINN,MINN,10 Jane Koch,13,12,12,1,1,2,70.16916,5.8529,106.47902,8.87234,0,8,1,0,2,3,0
Week 5,MKE @ MINN,MINN,28 Emma Peaslee,4,2,4,1,2,0,24.450900000000004,12.230920000000001,71.58042000000002,17.897840000000002,6,2,0,0,0,0,1
Week 5,MKE @ MINN,MKE,12 Sydney French,7,6,7,1,1,1,43.311460000000004,8.664480000000001,54.40462,7.7674,7,10,0,1,0,1,0
Week 5,MKE @ MINN,MKE,22 Alex Ballinger,15,15,8,0,0,0,64.13028,4.93394,9.03644,1.1268200000000002,8,8,7,0,0,1,3
Week 5,MKE @ MINN,MKE,72 Jacqueline Jarik,6,5,6,0,1,2,62.161080000000005,15.545740000000002,94.37938,15.731720000000003,7,9,0,1,1,1,0
Week 5,MKE @ MINN,MKE,47 Penny Wu,15,15,10,0,0,5,132.86630000000002,13.292100000000001,8.54414,0.8533200000000001,7,9,5,4,1,1,0
Week 5,MKE @ MINN,MKE,17 Caitlin Duffner,12,12,12,1,0,0,-18.2698,-1.52066,134.73704,11.224440000000001,13,1,0,0,0,0,0
Week 5,MKE @ MINN,MKE,52 Erynn Schroeder,38,38,20,1,0,7,244.62934000000004,7.887740000000001,22.19726,1.10494,13,1,18,7,0,2,1
Week 5,MKE @ MINN,MKE,21 Annie Shriver,14,13,14,1,1,3,42.52378,4.255660000000001,114.11514000000001,8.150300000000001,13,0,0,3,0,0,1
Week 5,MKE @ MINN,MKE,00 Donna Johnston,3,3,2,0,0,1,0.8861400000000001,0.8861400000000001,15.90676,7.95338,4,8,1,1,0,0,0
Week 5,MKE @ MINN,MKE,27 Steph Bugasch,15,14,14,0,1,3,55.58614000000001,5.05428,113.22900000000001,8.08466,12,0,1,3,0,1,1
Week 5,MKE @ MINN,MKE,99 Dana Demmert,4,4,3,0,0,3,-8.83952,-2.94286,19.6373,6.542120000000001,5,6,1,1,2,0,0
Week 5,MKE @ MINN,MKE,08 ManHua Zhu,11,11,7,0,0,0,87.59658,7.964320000000001,-24.9432,-3.56644,9,0,4,0,0,0,0
Week 5,MKE @ MINN,MKE,10 Chelsea Twohig,4,2,4,1,2,0,3.5336200000000004,1.7722800000000003,80.92318,20.22806,4,5,0,0,0,0,1
Week 5,MKE @ MINN,MKE,13 Erin Newman,5,5,5,0,0,2,24.746280000000002,8.24876,39.48246,7.898680000000001,8,0,0,2,0,0,1
Week 5,MKE @ MINN,MKE,07 Sydney Stelzer,7,5,7,0,2,2,4.91206,1.2252800000000001,68.74696000000002,9.82412,7,0,0,1,1,0,0
Week 5,MKE @ MINN,MKE,05 Rose Glinka,3,3,3,0,0,0,13.554660000000002,4.51822,34.86578,11.61828,7,0,0,0,0,0,0
Week 5,MKE @ MINN,MKE,20 Madison Lang,12,12,11,0,0,2,74.43576000000002,8.27064,-23.86014,-2.1661200000000003,7,0,1,2,0,2,0
Week 5,MKE @ MINN,MKE,97 Eileen Bequette,2,2,1,2,0,1,9.627200000000002,4.813600000000001,6.19204,6.19204,4,3,1,0,1,0,0
Week 5,MKE @ MINN,MKE,25 Anna Wozniak,0,0,0,1,0,0,0,0,0,0,1,5,0,0,0,0,0
Week 5,MKE @ MINN,MKE,23 Allie Mueting,0,0,0,0,0,0,0,0,0,0,3,2,0,0,0,0,0
Week 5,MKE @ MINN,MKE,88 Claire Kelley,6,6,6,0,0,0,25.238580000000002,5.043340000000001,70.11446000000001,11.68392,4,0,0,0,0,0,0
Week 5,MKE @ MINN,MKE,24 Heidi Umhoefer,2,2,2,0,0,0,20.91728,10.45864,13.554660000000002,6.771860000000001,3,1,0,0,0,0,0
Week 5,MKE @ MINN,MKE,32 Mickela Heilicher,7,6,4,0,1,2,17.186740000000004,3.43516,54.503080000000004,13.631240000000002,4,0,3,1,1,0,1
Week 5,MKE @ MINN,MKE,64 Rachel Hildedrand,2,2,1,0,0,0,9.922580000000002,4.955820000000001,-3.43516,-3.43516,3,0,1,0,0,0,0
Week 5,MKE @ MINN,MKE,55 Mia Weben,1,1,1,0,0,1,0,0,8.34722,8.34722,1,2,0,1,0,0,0
Week 5,NY @ INDY,NY,96 Nina Finley,37,36,24,0,1,2,228.53660000000002,6.71716,23.4663,0.9736600000000001,12,10,13,2,0,1,1
Week 5,NY @ INDY,NY,00 Genny De Jesus,31,24,31,1,7,1,-66.98562,-2.9100400000000004,470.99982,15.195660000000002,12,6,0,1,0,1,2
Week 5,NY @ INDY,NY,31 Eli Presberg,38,36,30,2,2,1,169.94196000000002,4.999580000000001,60.25752,2.01296,12,6,8,1,0,1,4
Week 5,NY @ INDY,NY,24 Jolie Krebs,31,26,31,1,5,2,299.59190000000007,12.482540000000002,340.37622000000005,10.98376,11,6,0,2,0,2,4
Week 5,NY @ INDY,NY,19 Estelle Ding,7,6,7,0,1,0,32.91846,5.48094,56.888000000000005,8.12842,5,12,0,0,0,1,1
Week 5,NY @ INDY,NY,20 Yina Cartagena,46,46,38,1,0,1,448.28838,9.96634,54.885980000000004,1.4440800000000003,11,5,8,1,0,6,4
Week 5,NY @ INDY,NY,09 Cassandra Brown,18,18,12,0,0,1,218.88752000000002,12.876380000000001,1.7394600000000002,0.14222,1,15,6,1,0,3,1
Week 5,NY @ INDY,NY,18 Kylie Sterling,7,7,7,0,0,2,18.980900000000002,3.7961800000000006,60.421620000000004,8.63166,2,13,0,2,0,0,0
Week 5,NY @ INDY,NY,88 Nikki Hair,5,4,5,1,1,0,41.04688000000001,10.261720000000002,74.41388,14.878400000000001,1,13,0,0,0,0,0
Week 5,NY @ INDY,NY,97 Hannah Glick,4,3,4,0,1,0,-32.6559,-10.8853,83.11118,20.77506,1,12,0,0,0,0,0
Week 5,NY @ INDY,NY,02 Jolene Zheng,8,8,8,1,0,1,46.73568,5.84196,57.96012,7.242280000000001,11,2,0,0,1,1,1
Week 5,NY @ INDY,NY,65 Anna Lieberman,0,0,0,0,0,1,0,0,0,0,0,9,0,0,1,0,0
Week 5,NY @ INDY,NY,26 Mariabelen Restrepo,4,4,4,0,0,2,-0.39384,-0.19692,9.014560000000001,2.2536400000000003,1,8,0,2,0,0,0
Week 5,NY @ INDY,NY,05 Emily Wang,7,6,7,0,1,1,30.05218,6.006060000000001,71.64606,10.239840000000001,0,8,0,1,0,0,0
Week 5,NY @ INDY,NY,21 Montana Roberts,6,6,6,1,0,1,62.314240000000005,12.46066,92.91342000000002,15.491040000000002,6,1,0,1,0,3,0
Week 5,PHL @ ATX,ATX,26 Amy Broome,20,19,12,1,1,1,76.6894,4.507280000000001,22.07692,1.83792,7,4,8,1,0,0,0
Week 5,PHL @ ATX,ATX,31 Nikki Gilbert,15,14,15,0,1,2,57.20526,4.39788,107.06978000000001,7.13288,9,2,0,1,1,2,1
Week 5,PHL @ ATX,ATX,02 Elisa Bjork,36,36,33,0,0,3,205.84704000000002,6.2358,106.10706,3.2163600000000003,10,0,3,3,0,0,0
Week 5,PHL @ ATX,ATX,15 Elise Franke,7,7,7,0,0,0,13.860980000000001,1.9801400000000002,64.90702,9.277120000000002,4,6,0,0,0,0,1
Week 5,PHL @ ATX,ATX,71 Wren Vogel,5,5,5,1,0,4,-7.636120000000001,-1.9035600000000001,69.43618000000001,13.88286,6,4,0,1,3,0,1
Week 5,PHL @ ATX,ATX,12 Annie Ortiz,12,11,7,1,1,0,-5.71068,-0.51418,51.94312,7.417320000000001,4,7,5,0,0,0,0
Week 5,PHL @ ATX,ATX,16 Kinsey Neas,6,6,6,0,0,1,18.007240000000003,3.59926,100.33074,16.72726,3,7,0,1,0,0,0
Week 5,PHL @ ATX,ATX,10 Gaby Cuina,4,4,4,0,0,0,57.71944,14.42986,59.79804,14.95498,8,2,0,0,0,0,0
Week 5,PHL @ ATX,ATX,03 Madi Cannon,23,22,23,0,1,3,98.55846000000001,4.923,220.45194,9.583440000000001,8,2,0,2,1,2,0
Week 5,PHL @ ATX,ATX,09 Summer Wilson,27,27,20,0,0,2,255.72250000000003,10.655560000000001,-24.15552,-1.2034000000000002,8,2,7,2,0,0,0
Week 5,PHL @ ATX,ATX,73 Clara Stewart,29,29,25,1,0,2,176.13400000000001,6.771860000000001,37.349160000000005,1.4987800000000002,8,2,4,2,0,0,0
Week 5,PHL @ ATX,ATX,88 Maddy Easton,5,5,5,0,0,1,44.38358,11.093160000000001,78.31946,15.666080000000001,6,4,0,1,0,0,0
Week 5,PHL @ ATX,ATX,07 Shiru Liu,23,23,16,1,0,3,226.60022,11.33384,-29.41766,-1.83792,2,7,7,3,0,1,0
Week 5,PHL @ ATX,ATX,22 Sydney Loughran,11,10,11,0,1,3,-37.272580000000005,-6.21392,128.56688,11.68392,7,1,0,3,0,0,0
Week 5,PHL @ ATX,ATX,08 Mindy Radike,13,13,11,0,0,3,90.10184000000001,9.014560000000001,-72.83852,-6.6187000000000005,2,7,2,3,0,0,2
Week 5,PHL @ ATX,ATX,81 Mackenzie Bailey,8,8,8,0,0,0,59.579240000000006,7.45014,65.57436,8.19406,6,3,0,0,0,1,0
Week 5,PHL @ ATX,ATX,19 Vanessa Bacorn,7,6,7,1,1,1,9.638140000000002,1.9254400000000003,192.06264000000002,27.43752,2,7,0,1,0,1,0
Week 5,PHL @ ATX,ATX,42 Meg Duffy,5,5,2,0,0,4,28.750320000000002,9.583440000000001,7.636120000000001,3.8180600000000005,9,0,3,2,2,0,0
Week 5,PHL @ ATX,ATX,69 Jaime Estes,8,7,8,0,1,2,-15.63326,-2.2317600000000004,67.35758,8.4238,8,0,0,0,2,0,1
Week 5,PHL @ ATX,ATX,27 Jocelyn Jessop,7,7,7,0,0,2,29.34108,4.89018,35.27056,5.043340000000001,2,7,0,1,1,0,1
Week 5,PHL @ ATX,ATX,00 Maggie Rowell,10,10,10,1,0,1,15.70984,1.7504000000000002,109.73914,10.97282,7,1,0,1,0,0,0
Week 5,PHL @ ATX,PHL,11 Sara Liang,27,27,16,2,0,0,256.60864000000004,9.50686,-16.98982,-1.06118,1,15,11,0,0,3,1
Week 5,PHL @ ATX,PHL,04 Raha Mozaffari,23,23,18,0,0,1,166.85688000000002,8.34722,36.69276,2.0348400000000004,1,14,5,1,0,2,3
Week 5,PHL @ ATX,PHL,05 Lindsay McKenna,11,8,11,1,3,0,-3.5008000000000004,-0.43760000000000004,169.03394,15.370700000000001,1,14,0,0,0,0,2
Week 5,PHL @ ATX,PHL,21 Linda Morse,14,13,14,2,1,2,73.0792,6.640580000000001,180.19274000000001,12.865440000000001,0,15,0,2,0,2,0
Week 5,PHL @ ATX,PHL,08 Emma Soiles,8,8,6,2,0,2,141.73864,20.249940000000002,114.87,19.145000000000003,0,13,2,1,1,4,0
Week 5,PHL @ ATX,PHL,33 Jana Graham,4,2,4,1,2,0,3.5555000000000003,1.78322,43.760000000000005,10.940000000000001,1,11,0,0,0,0,1
Week 5,PHL @ ATX,PHL,15 Layne Dodge,4,3,3,1,1,0,0.8533200000000001,0.28444,25.97156,8.653540000000001,1,11,1,0,0,0,1
Week 5,PHL @ ATX,PHL,18 Sumi Onoe,11,11,10,1,0,1,42.698820000000005,3.8837,77.32392000000002,7.734580000000001,1,11,1,0,1,0,2
Week 5,PHL @ ATX,PHL,23 Natalie Bova,12,11,11,1,1,1,86.77608,8.67542,85.92276000000001,7.81116,8,3,1,1,0,3,0
Week 5,PHL @ ATX,PHL,01 Emily Shields,15,12,14,1,3,1,57.992940000000004,5.273080000000001,151.4643,10.81966,8,3,1,1,0,2,0
Week 5,PHL @ ATX,PHL,10 Andrea DeSabato,21,21,16,0,0,0,110.67998000000001,5.820080000000001,17.63528,1.10494,8,3,5,0,0,1,2
Week 5,PHL @ ATX,PHL,09 Sarah Hirannet,9,7,9,0,2,2,47.10764,7.85492,96.6002,10.732140000000001,8,3,0,1,1,0,1
Week 5,PHL @ ATX,PHL,00 Emilie Mohler,13,9,10,3,4,0,121.66374,13.521840000000001,91.81942000000001,9.17866,0,11,3,0,0,2,1
Week 5,PHL @ ATX,PHL,22 Liz Hart,13,13,13,1,0,2,61.76724000000001,5.612220000000001,82.31256,6.3342600000000004,8,3,0,1,1,0,1
Week 5,PHL @ ATX,PHL,03 Rachel Alfano,12,10,12,0,2,2,50.9804,5.66692,129.5843,10.79778,8,3,0,1,1,0,1
Week 5,PHL @ ATX,PHL,20 Danielle Walsh,24,24,15,0,0,2,205.14688000000004,9.32088,60.17,4.01498,8,3,9,2,0,2,3
Week 5,PHL @ ATX,PHL,24 Casey Gorman,2,2,2,1,0,1,35.05176,17.52588,19.123120000000004,9.561560000000002,1,9,0,0,1,1,0
Week 5,PHL @ ATX,PHL,13 Kat Harper,11,8,11,0,3,1,48.54078,6.935960000000001,142.1106,12.920140000000002,0,9,0,1,0,0,0
